Ratio1,Ratio2,Ratio3,Ratio4,Ratio5,Ratio6,Ratio7,Ratio8,Ratio9,Ratio10,Ratio11,Ratio12,Ratio13,Ratio14,Ratio15,Ratio16,Ratio17,Ratio18,Ratio19,Ratio20,Ratio21,Ratio22,Ratio23,Ratio24,Ratio25,Ratio26,Ratio27,Ratio28,Ratio29,Ratio30,Ratio31,Ratio32,Ratio33,Ratio34,Ratio35,Ratio36,Ratio37,Ratio38,Ratio39,Ratio40,Ratio41,Ratio42,Ratio43,Ratio44,Ratio45,Ratio46,Ratio47,Ratio48,Ratio49,Ratio50,Ratio51,Ratio52,Ratio53,Ratio54,Ratio55,Ratio56,Ratio57,Ratio58,Ratio59,Ratio60,Ratio61,Ratio62,Ratio63,Ratio64,Ratio65,Ratio66,Ratio67,Ratio68,Ratio69,Ratio70,Ratio71,Ratio72,Ratio73,Ratio74,Ratio75,Ratio76,Ratio77,Ratio78,Ratio79,Ratio80,Ratio81,Ratio82,Ratio83,Ratio84,Ratio85,Ratio86,Ratio87,Ratio88,Ratio89,Ratio90,Ratio91,Ratio92,Ratio93,Ratio94,Ratio95,Bankrupt?
-1.0715774624609975,-0.8748373874339109,-1.110382034881318,-0.15614472392323517,-0.15517152864495162,-0.03968196020736774,-0.22841774587993585,-0.22246613868448858,-0.24528200339612602,-0.28464235538153315,-0.6569340892893951,-0.9266921167982761,-0.35808269227432,0.7117010917548413,-0.7504742903779114,-1.0230983055635636,-1.0123310456750405,-1.014063861960504,-1.0617647979468727,-0.554827010293495,-0.36138408581398507,-0.04718012662969239,-0.7891872184742833,0.05928888059759704,0.08657078074633769,-0.012382253865539337,-0.03697363557620713,-0.060624187822120146,-0.24926455751358376,-0.8834804421528741,-0.4949986239210044,-0.26223501561557866,-1.7862416407209434,-1.311367027251175,-0.06506851801102326,0.9345828205341904,0.9043763426513569,-0.9043763431302608,-0.9185567124423399,0.21838266907534207,0.3434242838812406,-0.048978097343280104,-0.8334971652806735,-0.23598421147117496,-0.17508059650571733,0.9003431580098995,-0.9772864775282961,-0.7774356691932389,-0.6260014571910213,0.17451516111442653,0.5437889905520654,0.10016381977171264,1.1728123559257584,-1.6481328690373853,-0.9136519954657417,-1.3911704624857855,-1.3652525148212002,-1.1387544395223614,-0.9681708129500675,0.6103638210422193,-0.29508101369909057,-0.12525386760046853,-1.282983198500813,-0.5246430008648924,-0.6241825619086736,0.10575989367049489,1.2796943452603813,-0.7706196047551952,-0.6835666290626667,1.169521832940035,1.949270586417359,1.4034311693297237,-0.2214144812214986,-0.6538140591172863,-0.001626865273201898,0.789603615436006,-0.5246430008648924,0.10575989367049489,0.33358471666957973,-0.12660276729882058,-0.02253972872694356,-0.7629703989622394,-0.008839743815136579,1.7303670666782578,-0.11757927025044311,-0.9374223026823975,0.872395689769957,-0.09906845044463183,-0.15629169377530158,-0.23899521602980073,0.1616868700565366,-0.09501062518820728,-0.19928234066241363,0.0,-0.9564129396362596,1
-0.10805206499065981,0.14365302547128883,-0.06161726030045919,0.44908993673524567,0.4494231753347508,-0.14097235815773587,0.10925006025129781,0.09679101784112167,0.08821823408500921,0.07317338218738677,-0.6569340892890717,-0.9266921167982761,-0.12172290178834434,0.5875482409126171,-0.7504742903779114,0.31819861685414175,0.31655846928913556,0.312631456707139,-0.01220118328972921,-0.11609046514922125,-0.11655520918512983,-0.1407294923776008,0.08841847913207602,0.03374828403832792,0.025342275692549803,0.12256483010221007,0.14545424270956409,0.12467767291099344,0.21924682819650373,0.25073365719398044,0.46637553675798465,0.03829875943882223,-0.42303331128598387,-0.17599600503063173,0.44041798085502604,0.3562137411103413,0.3783641188767244,-0.37836412129362446,-0.8307404008586083,-0.06641142572099108,0.08284134214839713,-0.14228733588752182,0.1010725426895769,-0.24629345784504497,-0.6160266879547642,0.4666975480250145,-0.42480369715070393,1.6080855292573137,0.8441436469091901,-0.33774362874892383,-1.1432823015339248,0.04690258660823798,0.09292902003025787,-0.4690248908674015,-1.1846094053243927,-1.435768698064277,-0.9281317030106946,-0.31832656025876843,-0.6054528354254199,-1.0490547755879671,-0.11139790421112555,3.7804022787790235,-0.012430588662170765,-1.801693622422357,-0.1374921561488313,-0.12941896974705108,1.2232192455042825,0.11274005872742594,0.12323087658218768,0.014995083018227497,-0.587105167823935,1.4718282315726383,-0.09761643400273338,0.5645744940465374,0.028127584779596537,0.9108028908393682,-1.801693622422357,-0.12941896974705108,0.14402802388654634,-0.06693991747231628,-0.01149740171320017,-0.13482483025182945,0.027044584882265712,0.44566464620193463,-0.11757927025044311,0.10040101644019137,0.7813093099310078,0.027871929130579523,0.44931343843344823,0.06414573096870249,0.003301106147675614,7.8371201834387065,1.0250817131061067,0.0,-0.3788263815991419,1
-0.5277037370528702,-0.24383710435827796,-0.519947043753957,-0.15662589395845775,-0.1614221509298306,-0.4560538008213176,-0.5026264691294917,-0.4437509908014917,-0.4327427277171106,-0.6731502017037265,-0.6569340892891773,-0.8842775416126468,-0.33415238854105506,0.8015541249262031,-0.7504742903779114,0.1801834119969449,0.1793074318977843,0.6422057777014273,-0.7535224974180829,-0.8679350445347045,-1.412391584592307,-0.2007136759675204,-0.6733447938111085,0.5350424938266468,0.028656598226083067,0.07481970381881958,0.07925393317655356,0.0763206350145514,0.8374353173351197,-0.08558855809082956,0.2297230945021882,-0.14127551712013778,0.6217534586856233,0.16754482165279402,-0.09960724759839848,0.933730459274452,0.9035232808871803,-0.9035232813704341,-0.7306024910318073,-0.014465748647886547,0.3717945552206777,-0.20561926398354202,-0.516630304561692,0.05003652672166031,-1.9011144142837202,0.6683762928459697,-0.6753412939446719,-0.6824260558578,1.5304553369079101,-1.6520366899576646,0.3583575764186244,-0.3740398713242504,2.0284983831103043,0.7518467866015106,0.11930313128606085,0.5805662592059794,-1.5026810322128932,0.24039700876783715,3.2731488725751423,-0.20699411180569505,-0.22440936430918532,0.039548146993246464,1.0072745823109615,-1.3918563670081359,0.6357868392187878,0.0015876579850094771,-0.28043210894064685,-0.6032971650958284,-0.5093855696284374,-0.2539200725946144,-0.15064798822322872,-0.7384960045572604,1.1785304850831355,-0.39269768627823104,0.045968874015943004,0.2535718182695047,-1.3918563670081359,0.0015876579850094771,0.030741846857422758,-0.03860111372927557,-0.004361303728700188,-0.5238390772736279,0.036916124581777066,-0.6189662943764349,-0.11757927025044311,-0.23770678230440231,1.8934300553351104,0.05916756455196296,-0.15655539356553866,-0.02473286862353451,0.16136841997806026,-0.12807220062833868,-0.270647183642661,0.0,-0.9555928957051256,1
-0.7924927522184457,-0.6596440664213127,-0.6570887239718942,-1.2913434704391908,-1.2917124919143825,-0.857839779505549,-0.17898936841895663,-0.13079480499441115,0.0009015551724008282,-0.12035811251728001,-0.6569340892894305,-0.9266921167982761,0.12258042020241378,0.14598871259367793,-0.7504742903779114,-0.7385604964475864,-0.7311495556122487,-0.7336698245784423,-0.40541772200877185,0.1199802766404485,-0.6100907370807096,-0.8749110130747195,-0.5087753307284033,-0.009207611628098855,-0.016523451638809635,0.009573184294602896,-0.008783705638302053,0.0013639480577197017,-0.2858025254930599,-0.21753893279673603,-0.31964631240044816,0.20484785763214033,-1.0085559239615949,-0.5658120281591961,-0.03553892467005257,0.028062014058279332,0.08090596210514878,-0.08090596486285757,-0.86084873532319,-0.00026422820168826985,-0.18968230234765576,-0.9023360234066068,-0.531106338479715,-0.23967310004762304,-0.12297889685193047,0.9892386232569556,-1.0974337668111198,1.5287297485750404,1.747454458194295,-0.1360233838931544,-0.3761937643133417,-0.5378135566566875,0.6620088560692852,-0.8541768480708937,-0.947975330778262,-1.2024116261480697,-0.7869340080392547,-0.7334672262697688,-0.7077668561637823,-0.19666629960378795,0.08236657986640464,-0.2299419141799417,-0.4218724663685408,-0.7821828658845018,-0.24934669437651139,-0.08208581553234973,1.1567717367677455,-0.6808817802806255,-1.688914608847753,-0.06703122458931648,1.9600452558354056,1.365743810309506,-0.13822227214442065,0.37453229354777556,-0.6589480011119571,1.1197118006490494,-0.7821828658845018,-0.08208581553234973,0.13839000556265588,-1.0380892651344096,-0.30386885526499213,0.3961601146106874,-0.3335816076978125,0.9608033015640665,-0.11757927025044311,-0.692721982434216,-0.07993777092996097,-0.09092762103950136,-1.2914465757111993,-0.07824628825147542,-0.05368778208765926,-0.03150412220685287,-0.07274123330515053,0.0,-0.0528980776492998,1
-0.0995174583444565,0.14596996678409285,0.0013502171804207032,-0.33287328806669386,-0.3318772647708111,-0.02149750542572389,0.0981321119867734,0.09911120618416343,0.0523897437765837,0.10896744740511657,1.6634523004252568,-0.9266921167982761,-0.06583823247188958,0.6521253010553602,-0.7504742903779114,-0.1889430916366487,-0.18707027152182298,-0.1907774204494439,0.078670668343515,-0.04731984518779702,0.33314953688803983,-0.006317981656788974,0.046694758567765664,0.05212120254885223,0.1255925502909374,0.12342261385853213,0.14401118236757182,0.141638366519213,-0.043527339919151496,0.22747498239467087,0.9844361614808933,0.10605009154249793,-0.42126467828314385,-0.27365429853855744,0.520533164831225,-0.7297547425148948,-0.6358257295369307,0.6358257282758627,-0.302708169494029,-0.1061101781548043,0.39211338446712435,-0.004422274945316222,0.058277877773711476,-0.16806571842400775,0.8813279805461007,0.6275213926988891,-0.6220851539265685,-0.777435669193268,-0.6260014571902751,0.5202057563102994,1.0950107874566013,0.1573772985466394,0.777393499329696,-0.458159215744099,-0.32224549495205773,-0.522092482896136,-0.9575993910010954,-0.27478748965609057,-0.8033982565104282,0.011600012287295645,-0.021002145697573967,3.250156168835808,-0.08606911334089877,1.3426773612196252,-0.1361660417057466,-0.10286285667365677,-1.0206104339348374,-0.49446283730353846,0.11780078747553195,0.06455485583403832,1.9593221572188986,1.2700211093033527,-0.09806209866693834,-0.3427803938459936,-0.06196062049180221,0.39800706511994166,1.3426773612196252,-0.10286285667365677,-0.2899046112435301,-0.374024782336799,-0.1401305066898819,0.024693572333053318,-0.047925246766475436,0.4440197488972022,-0.11757927025044311,0.09526103200792559,0.07738764287812139,0.006261453429697273,-0.3328903780031562,0.06424823789763678,-0.14493490166973017,-2.338664573712245,2.0806774576295735,0.0,0.6605997236114077,1
-0.9008161498164476,-0.9461099484153279,-0.9983304460854568,-0.8827906979669171,-0.8773332911567332,-0.725325499665448,-0.21859881227638955,-0.24425898876702506,-0.08674602030272699,-0.23245713206715984,-0.6569340892893336,-0.9266921167982761,0.13252452871200568,0.6983615638177023,-0.7504742903779114,-0.6773941105855644,-0.6706658680025324,-0.6733442390353762,-0.9185571225509745,0.36503457458119953,-0.3218712874114676,-0.8591014876558855,-0.7870389388923136,-0.9008101039732191,-0.027110805334973873,0.008817968740003628,0.006590715038840631,-0.002223613337226117,-1.4507793868537606,-0.5570980541970778,-0.3983996437310119,0.29303067586502735,-1.5774849767501211,-1.4943558362591807,-0.04025721471332058,0.5051112902224447,0.5146259739797244,-0.514625976046353,-1.2266167465535405,0.03652804605790658,0.0402198075211528,-0.883487505572735,-0.8313808288205402,-0.15672561068336718,-0.023474300442366623,0.6955855505822579,-0.7100885836816107,-0.017557265692292802,1.7486026709239038,-0.02313341793499385,-0.0013517078060806215,-0.5824681074186441,1.066807345703405,-1.4402469760109624,-1.523294492241576,-1.2625887046451372,-1.4287219479446096,-1.6275785349529392,-0.983151336545199,0.4846250357185279,0.128895211368618,-0.19969728324134334,-0.08371446047251603,-0.25297309056861017,-0.4629297633215962,0.020358327536457343,-0.2711625762785496,-0.7749561377263932,-1.4906520125083216,0.6303075550831805,1.9599871999196963,0.8792819993186993,-0.20019214093184842,-0.8092237392021756,-0.002420701761458038,1.2076649583942294,-0.25297309056861017,0.020358327536457343,-0.18933101146341022,-0.1280332881250221,-0.025632394848025774,0.6662182604737559,0.001622835895518121,1.504327461136778,-0.11757927025044311,-1.0015780160735948,0.3618135677676821,-0.14389500107907713,-0.882621399426029,-0.19249141136589942,0.03548582377046865,-0.044882830577911204,-0.09846850489018376,0.0,-0.5303768157559418,1
-0.6299562209544344,-0.500256206420744,-0.6007524375293457,-0.3111446911638364,-0.3101464049904169,-0.02419244097029757,0.004369453948460945,0.005499059129119014,-0.034555892532094824,0.013191193312393825,1.6751182691756568,-0.8428685864246347,-0.22464342135186963,0.8662473030904029,-0.7504742903779114,-0.6498720363754341,-0.6434461415070718,-0.6461940743882691,-0.8269894491633372,-0.4510941307389181,1.1951755607576082,0.06079145965145822,-0.7634153298594742,0.10789574719594014,0.2580652995481744,0.0077912585391940745,-0.011084669285835999,0.016609995494172976,-1.4409409046146215,0.08952415859689425,-0.26473968806725456,-0.13608688534049349,-0.9735148820015007,-0.9649942541651632,-0.1385446987737276,1.12530623237764,1.0729463466342606,-1.0729463461842408,-0.9750129868688701,0.26395553770905894,1.882251963245138,0.06372156404507794,-0.8064780020599511,0.06989490790519456,1.1720479666161978,1.3056050470592817,-1.5224525497279016,-0.7774356691933199,-0.626001457189893,1.6111972918312223,1.0322744896005824,0.14684662236358162,0.4907150943828963,-1.1858175415352523,-0.00500824571299047,0.00535232604729196,-1.1893267343806369,-0.7864548337612327,-0.9445769185930617,1.3079250645754985,-0.19962118552660194,-0.2589411756278798,-0.2605960163447768,0.5248737879693441,-0.491573716873993,0.26864008120674876,-0.6764067660375651,-0.6284567379557852,-0.40818327336415283,0.9584567233622163,1.9498844303950609,1.3100992213308504,-0.13436393058893784,-0.6862830477769167,-0.011178362686494338,0.28023936669414,0.5248737879693441,0.26864008120674876,-0.1578243875667424,-0.26208650998768857,-0.04863649305812392,-0.45359020578307346,-0.10330902037985328,0.9295732192201521,-0.11757927025044311,-0.5635874758846924,-0.1473266211530503,-0.04926146447079816,-0.3113516971917517,-0.14477782050559432,0.2411372664464152,-0.19178325421184755,-0.422639009485679,0.0,-1.133149390235404,1
-0.13239435159806803,0.12059524315678927,-0.08721627706435472,-0.2537491399551648,-0.2527516671500227,-0.28448455997717836,0.040605055327912504,0.03853829399201155,0.05342628835716731,-0.03168015943815624,-0.6569340892893223,-0.9266921167982761,-0.3047909376139157,0.9771579234157728,-0.7504742903779114,-1.1390446310067373,-1.126831759966207,-1.128224590386213,-0.17678212273732133,-0.4848291430891284,-0.6759398251900123,-0.21850824674767322,-0.03281276548052329,0.6366323006080493,0.04445797387225768,-0.1314853351140609,-0.21859817135730558,0.10148144443326611,0.3745648924492925,0.0882414173315098,-0.06970678253937816,-0.10931241133087292,-1.8468634300814466,-1.2213350935633995,1.596264712404072,1.2752511656695749,1.2014440366787618,-1.2014440354313516,-1.3266951726604987,0.34036151093138933,-0.18968230234765576,-0.22388882193439272,-0.025047306951469585,-0.06438381986851557,-0.6160266879547642,0.52869957508995,-0.5009806403952873,-0.7774356691933383,1.6751119312935743,0.40250463990922997,-0.6267043960986866,-0.026538126247270404,1.0408857062395476,-1.6399558068693403,-1.3356637711184196,-1.4912918961146784,-1.0770431785098968,-1.4665001945835636,-0.8836246026846231,0.515804816132489,-0.2337709368661579,-0.14713481896421843,-0.7522040413537968,-0.8991605981027349,-0.7451728721337413,0.18181703211409053,1.3453936813044476,-1.4255014511105548,-0.09550233782065665,-0.18257366686154183,-0.5898235160568787,1.3941726461376138,-0.27785390293202905,0.29999613061925384,0.1179163946140617,1.3269481260656761,-0.8991605981027349,0.18181703211409053,0.4671275458840318,0.02548663869686707,0.007516182369188752,-0.5939163404265143,0.07789164599611845,1.800424944571549,-0.11757927025044311,-0.0430256601432619,-0.619528581875521,-0.2624607679164899,-0.25385889863388417,0.015374334688632014,0.31884048665372866,-2.12661548674175,2.2453929085825144,0.0,-1.2643083365019234,1
-0.2367928620996534,-0.0767795373743592,-0.18327490962215293,-0.45247244428673944,-0.45104718061413346,-0.16561608598430544,-0.10348281984497151,-0.08482956017171452,-0.10949771863709341,-0.09571730283460919,1.671215478893549,-0.9266921167982761,-0.09783855707035344,0.7131688064615551,-0.7504742903779114,-0.6243443043933907,-0.6181960970155617,-0.6210076176600444,-0.23786538904975124,-0.06389692579325908,-0.8872884009699659,-0.12324300248213912,-0.24334618828642635,0.3537104687759,0.040716019839790334,0.06434923954089362,0.06326909053287691,0.06272190008808479,0.1501146173399097,-0.04502211155511691,0.11096564396522675,0.06631537861386229,-1.3882890796189797,-1.1385629260185999,-0.6219793115786221,0.9784621611507194,0.9435509732935947,-0.9435509735688871,-0.5303251689005728,0.25989322553169125,0.7039269215956603,-0.1265171189230012,-0.24643019416127446,-0.2164159619808805,-1.1461557372326114,0.6614223228194939,-0.6658340501421084,1.529686746658797,0.6621329791088212,-0.5361304008596948,0.21301576032854674,-0.011394831170775256,1.5343805765937868,-1.014562709525092,-1.47195907972814,-1.5693983408927261,-1.302331860228525,-1.248132503380613,-0.9110413612637549,-0.3665991841184814,-0.0960893372673033,-0.19739798548884985,-0.2772697736829219,-1.5320423876985174,-0.38708416488457065,-0.010303308317931952,2.0478974145222946,-0.27721279533980947,-0.6515661440588044,-0.6952564792265751,-0.5669007400779705,1.4976345889711604,-0.22436063377917603,0.04941428515547582,0.049991554297305445,0.7245120476857959,-1.5320423876985174,-0.010303308317931952,0.9288542672253407,-0.041612206236923986,-0.004961652867509445,-0.07068891671740371,0.03530001287196464,1.3142402686191113,-0.11757927025044311,-0.20145102234412177,1.89535414763611,-0.9916190018244043,-0.4523151448323283,-0.017334211461971206,0.17834514777535662,-0.5856601703300608,-2.481221363892992,0.0,-0.9979314011296895,1
-0.015804556361839184,0.15002946728125868,-0.05802560924600297,-0.4235216347223474,-0.4225500680561911,-0.07917978600390888,0.09802373838799824,0.08877509783794924,0.06378036134680251,0.08103769609426145,0.31291395887724516,-0.7101051589843568,-0.1528467325409153,0.4169920156813592,-0.7504742903779114,-1.0112443450267394,-1.0006224635465022,-1.0023895055103598,-0.08693400462412872,-0.15651512688350355,0.6735867165318712,-0.07812083415452675,0.03416078797530803,0.03576848703961266,0.06219895994600943,0.10884147782751005,0.12384025449912921,0.09488884516378,-0.0598301616878728,-0.04309927055279507,0.23191018005074854,0.02617141427513471,-1.5140833455378293,-0.8475387418582524,0.7596960302074854,1.3808562750887938,1.2894528285664082,-1.2894528267304273,-0.9259473510059887,0.5020292452609518,1.4088304882170861,-0.07994126850790421,0.05396192476413569,0.19927087366371432,0.5267332546597817,0.08066983430153456,-0.002740508551710233,-0.7774356691931973,-0.6260014571903391,1.4267560409987217,1.1220708100848396,0.06022550869299424,0.8626156174199333,-1.8028028661878888,-0.34793172577869075,-0.661380224434876,-0.7356637195385709,-1.03792579820903,-0.847332060363243,1.3533962324769846,-0.12367957497851982,-0.1492513373308813,-0.8861296352850918,0.24704647315423395,-0.8728743542506089,0.38835631736550036,0.11738044538813243,-0.5235094109461891,0.025926190974946448,-0.3423039077265245,1.9600185951361802,1.4027316204886735,-0.19196450576812735,0.10716502875920823,0.0603500183922464,0.17405123242613144,0.24704647315423395,0.38835631736550036,0.14179342625031172,-0.031571819408228,-0.0030247996434606774,-0.17163491255371272,0.04139699228733515,1.4393466588966548,-0.11757927025044311,0.04090709029441137,0.6538279743000757,-0.18978259716703813,-0.42333259983040356,0.0407490438883717,0.38407000412768283,-6.150517339113334,1.3787659411851805,0.0,-1.3519639906078442,1
-3.4480580922748088,-3.1748258255145134,-3.45794999663794,-0.1291543937671314,-0.1281930477347256,-0.5519102252305988,-0.293035581628972,-0.273975230755499,-0.2084963922832238,-0.3198527655042004,-0.6569340892890975,-0.7420243274740138,-0.3504255356130405,-0.012329157491421232,-0.7504742903779114,-2.4864078434692365,-2.454854783578342,-2.4519506755789178,-3.452975308499506,-0.7729955223315796,0.8742146096535389,-1.4544886667721877,-2.859547795910402,0.12457726213387298,-0.1857881437146177,-0.3920009323115482,-0.49034095119447424,-0.6744453200781143,0.8082306456999078,-4.4674954984779625,-4.530123986041343,-1.1347768280301656,-0.9604527243606527,-0.41492277447162673,-0.004656205609138617,2.2008955221953013,2.4247178472620656,-2.4247178351653274,-1.2594206855025636,-3.469865989157235,-10.365312242401204,-1.4605223671451257,-2.98029107631326,-1.7477286407064003,1.6128158259701348,0.4929138005468371,-0.45569220693825985,-0.777435669192756,-0.6260014571885659,2.150421941299153,0.9079448827981035,-0.9492502124181366,-0.1845273267683012,-1.3558913822918623,1.1223019734919308,0.5860289071737045,1.430986181603266,-0.3607872719095334,0.02374561496961617,1.948198853380658,-0.3075128286609904,-0.15291156425104155,-1.2184143604044422,-0.14323106256753543,2.8100829734108435,-3.1765178018656077,0.5944828082527812,-1.7854104281393677,-0.770137920028017,2.07600571801589,1.9598110395253199,1.469288743164348,-0.13242234517798585,1.634512415789041,0.29409912621688855,-0.01928372184413104,-0.14323106256753543,-3.1765178018656077,-8.643511177139647,1.114985993327262,0.1385664092973563,-1.1317356336619107,-2.569854523692866,0.9178142539415164,8.504900548115383,-2.3423236709258366,0.450102580617041,0.02733309232628352,-0.12928544636939523,8.871691627547834,-3.972401695410142,0.00758537228018894,0.0005699115551586418,0.0,-2.3233271488370693,1
-0.7250558751650666,-0.5254429369806183,-0.6964570041929208,-0.5138503400772318,-0.5129267821868378,-0.5348574078084972,-0.031273595278160926,-0.02683844687190439,0.048569928202597604,-0.0422101515386719,-0.6569340892892951,-0.9266921167982761,-0.265310530142961,0.4666210647362941,-0.7504742903779114,-0.8576612298364409,-0.8488802673452116,-0.8510803263599965,-0.9032682912343601,-0.5596601530412839,0.7658338239489018,-1.2671445994092276,-0.7140653708666703,0.0577359223832908,-0.03075915055597267,0.07358144701504617,0.07569940021888982,0.06998116256906352,-0.3604477700663545,-0.5711804318806962,0.18883080800998683,-0.2104288706416266,-1.3363540216699528,-0.9585487349354634,-0.07559724758651264,1.1551380945694132,1.0985808145389553,-1.0985808139358737,-1.236688245115579,0.2481608948216857,-0.18968230234765576,-1.3090378294349085,-0.752824544218358,0.13379485877842284,0.6356780608178957,0.3630331740611212,-0.30424403448511006,-0.7774356691932911,-0.6260014571905493,1.1862526807831852,1.016491919909131,-1.0237384798149642,0.971738699466996,-1.5959959952310407,-0.5212766122588922,-0.46456538403747083,0.06320607504887446,-1.1366359481363513,-0.6186355776705007,1.3103937171310571,-0.24214487694845982,-0.1951315929464286,-0.3546880044160398,0.4817049832965044,-0.6769572720459637,0.2799298686359591,-1.0206104339348374,-0.46022441207489667,-0.30818700707731067,1.2297761891254158,1.9599003580758765,1.2479737655247207,-0.1680029681971216,0.8057078177442087,-0.05361060635324827,0.6360383374447908,0.4817049832965044,0.2799298686359591,-0.2899046112435301,-0.32269918891644245,-0.06049484103374426,-0.6110340440436455,-0.14876307849024856,1.2640248250350914,-0.11757927025044311,-0.6102580081233133,-0.8660823865643742,-0.026255937365386693,-0.5137731215969825,-0.16592678622327944,0.2553935084479105,-0.10228398714640848,-0.2146084556188492,0.0,-1.159844417967723,1
-0.4576191478729286,-0.3013862103607228,-0.4245294202062064,0.016465452643094562,0.01733293437347712,-0.33184436214686525,0.04019486912820601,0.0380695871875778,0.06515209148920055,0.04972780161594803,-0.6569340892891686,-0.9266921167982761,-0.6056336326864611,0.4765940973477163,-0.7504742903779114,-0.5469093539922999,-0.5415867868274734,-0.5445852633827708,-0.28448021699498416,-1.3752663336201538,0.7360056731127018,-0.6334014233034867,-0.28142345604261043,0.133932987360702,0.020240279534061826,0.07830999302753769,0.08209656238816136,0.08085573086388333,0.5888467716873474,-0.0588022079401816,0.228629782004692,-0.8880347593541843,-0.2740849860040745,-0.028164153983506843,-0.10504475921691242,0.579235124101023,0.5824898209085625,-0.582489822759124,0.6731447306762152,0.028190746283832484,-0.03384162432142309,-0.6510659486840025,-0.2856978134718218,0.11814378596847858,1.045632493191641,0.11403925361513478,-0.03494262926652922,-0.7774356691932038,-0.6260014571863332,1.0734057741007699,0.5817590107811621,-0.2689110685710075,-1.062483704194791,-0.24279819168293207,0.9081460146503884,0.6097964547090206,-1.3604664748969035,0.03313818537759425,-0.9737785518758363,0.9577933827892496,-0.622248823174154,0.21596594906707955,-0.4611312739877926,0.6700366368637327,-0.045396962062303516,0.08507312633127447,-0.8691921525530366,-0.2957719257828874,-0.1332342977694965,1.0637808373572628,-0.5802492345774068,-0.7384960045583268,-0.08606355185336353,-0.8661224254918768,0.05613001354968885,-1.0956335548861447,0.6700366368637327,0.08507312633127447,-0.23835209357946158,-0.04310076878944672,-0.005459074156582479,-1.644215105733891,0.03537685158530093,0.31267424652369014,-0.11757927025044311,-0.3150662888960049,-1.0250046372749158,0.03661952671735706,0.016354637273118342,-0.024955331127964022,0.05334443226227454,-0.14537760980978537,-0.3098835624478826,0.0,-0.6055501159867569,1
0.3958160570930956,0.4106613800763995,0.4075486478408671,0.07410322189776311,0.07492175543498243,0.46320306628536584,0.15614803907554906,0.13360001559634221,0.02894610898023769,0.1578254491861841,1.6831407859777998,1.0176119287417191,0.004931111387932323,1.0175316521978723,1.5556328006938847,0.3924825340744144,0.3904896247985451,0.38660859879765036,0.3906720822426644,0.4647261414600214,1.096460659625632,0.8939551835603665,0.40696007296652437,0.09518246543818885,0.016898931165947595,0.06930032890709088,0.06992515268540722,0.06568428999861045,0.578001893860808,0.3947129080502041,0.11957314250526273,0.23486922484636844,-0.45855944755187816,-0.46383595644610387,0.22744555913629816,0.6854064352028565,0.679101225024277,-0.6791012265217985,-0.8306708665570783,0.0476410533176316,-0.18968230234765576,0.9057520629561462,0.4229277308481276,0.10544892517092079,0.5587568188896004,0.20767630588952957,-0.1314008031392748,1.5238572808595905,-0.6260014571907534,0.9439715739477131,-0.6404967493398539,0.21743257411738337,-0.2839656513745149,-0.4923214309465022,-0.40662642816421085,-0.12954197142973034,-1.1607393398651067,-0.6424301265047496,-0.9056497577667632,0.4669354101671556,0.007687746871398441,-10.067002005650378,0.3532442711230854,-0.4887755690114685,-0.1464640508612269,0.04280870217981627,0.3284260436762739,0.2723980488834423,0.32025122608777795,0.007761176383023718,-0.579287928717356,1.4189649015077344,-0.10028783246027519,-0.4350137757491936,0.021764577387001504,0.6978712893854437,-0.4887755690114685,0.04280870217981627,0.14766729631197245,-0.11455948632696432,-0.02133750017482305,0.27930903367576626,0.0037205542523336592,0.4769261207065811,-0.11757927025044311,0.2894271748813639,-0.5028687840148052,-0.06950619227206485,0.07405431701805515,0.10227275469932874,0.08144719729331734,0.352097972678796,0.5272580386098432,0.0,-0.7125011163687905,1
-0.0327290002719101,0.12979391564665543,0.01918825610757185,-0.4066745705436484,-0.4056966417384749,0.16340480305868627,0.11397578068834519,0.10652265857331233,0.03484441136924465,0.12323925720780782,1.2061007062304183,-0.3448692146350947,-0.141336598250865,0.7391085474757245,-0.7504742903779114,0.1537843667934682,0.15307112902093262,0.14909659807031858,0.1308972903489065,-0.1374819386000433,-0.2757752485680227,0.10049760460665522,0.10091831131736376,1.1688913385015882,0.18459215951904767,0.1448327231899974,0.17386519487992266,0.15482010786772113,0.4665494816537865,0.19159478303061014,0.14114127764451212,0.03127974465023078,-1.2421681737454546,-0.8750549725808389,0.9862151835247088,0.7579912283958712,0.7454757250084004,-0.7454757262335305,-0.9760507804613313,0.13719994691430126,0.01745050083388572,0.10218047665758764,0.11242351755767639,-0.27297340095253325,-0.9233499903803594,0.8745821602870988,-0.943536212121094,-0.7774356691932129,1.6439585204145568,-0.4062198422310845,0.9327649439491716,0.3657985174750718,2.086873845404288,-0.7992814241392855,-1.4806665609802145,-1.7867918227775286,-1.0310172992716884,-0.8825975850135953,-0.6979087033775189,-0.9439070174532254,-0.11927157275432727,-0.18122295448584164,-0.6178952108145858,-1.8485212519362573,-0.2730844014377136,-0.09553117416736619,2.1404027345502197,0.13424950721248316,0.18107432643655455,-1.7202130456236364,1.9603323977186076,1.415676496567184,-0.16422305569264745,0.6090325800882566,0.14545382757860548,1.325784260838619,-1.8485212519362573,-0.09553117416736619,0.7185058126684013,0.03545857949143886,0.011470693416225284,-0.15649883523931712,0.06965179496924408,1.17481175226662,-0.11757927025044311,0.12227220126211422,2.0789556747826072,0.5250293173112742,-0.40644332092195784,0.06841981346513237,0.10256884063925445,1.338854098467648,0.9247928430688951,0.0,-0.7847622463330834,1
-0.039124155680573584,-0.03917866259498682,-0.0017126083462439227,-0.42913125169546945,-0.42208227597398057,-0.3031107475094548,0.0555788434776533,0.049104732719210765,0.07343903890462043,0.058952688612084775,-0.6569340892893951,1.2650931516268684,-0.10903529648890106,0.5376748384211766,-0.7504742903779114,-0.38625232264605025,-0.3825573974986814,-0.38591039297405966,-0.04106852017390246,-0.09709483370584378,-0.21854827431680027,-0.3048474966192925,-0.04749053690154101,-0.06415563108389251,-0.5531914495072057,0.0607029065196798,0.05838273165034776,0.058703790932476504,0.08773200559368374,0.13970473637595873,-0.025145608896352024,0.04679883818018855,-0.7374186588597332,-0.7813457627226689,-0.40274394717645634,0.20607971204297826,0.24187711618787963,-0.24187711883699411,-0.7424309834613474,-0.049502452226407374,-0.18968230234765576,-0.29399691380673887,-0.02963135350534326,-0.14747753411750775,-0.023474300442366623,0.19872036869994075,-0.12313107822183612,1.6067742399507792,-0.6260014571910412,0.09955965880377196,-0.6513466293484554,-0.033190510456637706,0.14131503945643442,-0.6807786926101265,-1.116489750315001,-1.0124245274904065,-1.0465568765772253,-0.8970760681178894,-0.8135875660960827,-0.22978082981105066,-0.09315931683375107,-0.5251829783363129,0.24875589583611868,-0.9795962006687479,-0.20476668249062077,-0.07383923775720451,0.7406834821446839,-0.6074881602217126,-0.17665716427400013,-0.23565819179055103,1.9607147034053027,1.2799778563829367,-0.1207397832960444,-0.011064899006137344,0.07169076469232473,0.7999959064680722,-0.9795962006687479,-0.07383923775720451,0.055754743812781345,-0.015065248385684599,0.0015949497267175896,-0.0849233762033807,0.045241950741385,0.7211354016467553,-0.11757927025044311,-0.0830755649347806,-0.20699681156036281,-0.1469090426280915,-0.4288980819826161,0.03292257766150294,-0.02485335347993905,-0.5079594911580289,-1.7835446178234218,0.0,-0.227401366557604,1
-0.20216158749258156,-0.03593244656558179,-0.12604088789208887,-0.4080795429480112,-0.3949151485468294,-0.174939155100408,0.07255908681827215,0.07406129281648606,0.0594722973120399,0.09707679291083429,1.695781256633541,-0.4274258807073764,-0.512720744133269,-0.5403065593041688,-0.7504742903779114,0.03165528183737201,0.031766360793338756,0.02782142813216061,0.009396709484991089,-1.7087734677515174,0.5759555735557809,-0.24353392154456566,-0.0810751265411432,0.006746820851322938,-0.08713706098717648,-0.06367928657365342,-0.10162999072446499,-0.0854791595398472,-1.577187547619312,0.22572626071719223,-0.16420700402839827,-0.9422680628603736,-0.33029492309120145,-0.013947518565222418,-0.1815712965551571,0.6530876343143696,0.6499057296981623,-0.6499057313078794,0.059565031641289325,0.053342209424865755,-0.07001210009941726,-0.24554437581030525,-0.070351328911143,0.3154217354234851,0.5267332546597817,-0.7997642131999151,0.6813419974801996,1.6198816562879077,-0.6260014571897392,0.5897289340427918,-0.24458074174162858,0.006473741598384874,-0.7516593274941835,-0.31382866105361595,0.7401239605412911,0.6719551395264474,-0.20374911451071373,-0.1545937506468614,-0.6782532118222842,1.0904415554150726,-0.5313957554248939,0.564242008118821,-0.1299546163397144,0.877072499384262,-0.07198448397189981,0.11436721895138985,-0.6534896721396015,0.041673691559347525,-0.11351368915932535,-0.746132761552915,-0.52972325228086,-0.7384960045582499,-0.08335676768285656,0.9430078694699019,0.1535833885046473,-0.5843855065506096,0.877072499384262,0.11436721895138985,-0.15415929166255993,0.13689351665726823,0.034109137563434776,-1.417951066032099,0.1079635607494454,0.363227832960675,-0.11757927025044311,-0.0038911186755052696,-0.680982673042424,-0.013826589719408805,-0.40793320776250436,0.041847645968889347,0.07256663783021321,-0.1868271201153882,-0.41002075012754363,0.0,-0.6801093005983723,1
-0.22199289478226703,-0.10386842237904927,-0.17869283593712412,-0.4151015326730641,-0.41412668335816377,-0.31818226614043243,0.0018876877645951804,-0.06943693674378358,0.023005131832961528,0.010025315342276523,-0.6569340892893822,0.06990211908941146,-0.11159431327510741,0.6662923506084452,-0.7504742903779114,0.17188049794335417,0.1710551188175707,0.1670815514560253,-0.1451363658309377,-0.035488256515443704,-0.3972150260700249,-0.2903534642817839,-0.15470655289388172,-0.010834767722900126,-0.025244302862005668,0.03269968736076287,0.0739623168474291,0.10055815184812249,0.31019049024711637,0.011058401303244706,0.12765299029393015,0.0716104462798414,-0.07146058910040733,-0.9089059094424717,-0.3551426237274281,0.25158369492490057,0.28322636269899726,-0.28322636529082623,-0.0010422204788705773,0.01134105485722381,0.16875600191359183,-0.29660010820811616,-0.15329379790142897,0.0688992963295603,-0.7148913554064206,0.5940083650361777,-0.5816909604520533,0.7490236815594226,-0.6260014571907885,-0.612042475280868,-0.7590989953938779,-0.03033747672686255,-0.39282756801458674,-0.014138545790289383,-0.7828514065378441,0.47446623577636227,0.4018689582122462,-1.0139961255177126,-0.3259150808297669,0.5767539496797351,-0.08157013294734401,0.4482095253971241,0.9840327373291893,0.3468805069601338,0.022808105295984267,0.0019860832617082935,-0.650226137401528,-0.19131320529005524,-0.680448163763662,-0.3809857608276193,-0.4594368006320958,-0.7384960045583019,-0.01266074169738187,-1.1184137923308648,-0.029424323526054636,-0.31715516410578903,0.3468805069601338,0.0019860832617082935,-0.18564047336016276,-0.1178896679571423,-0.025000339354935844,-0.049824154748586195,0.009621392854457662,0.12508944436151279,-0.11757927025044311,-0.2767910141023073,0.48115953214069224,-0.24576784621476155,-0.4150154208783941,-0.004159271227960288,-0.01673112034017016,-0.19894969716532374,-0.4411496099043543,0.0,-0.272990789459362,1
-0.06284469476898062,0.2655384253339349,-0.05142817517665819,-0.11610923044147921,-0.10209506432938345,0.03278364007975665,0.12974543031847705,0.15580112373474253,0.07237128388975374,-0.036753936184208386,-0.6569340892894006,-0.19112056198685995,-0.1528467325409153,0.7831031963953017,-0.7504742903779114,-0.023632218520712622,-0.023110438201424662,-0.027016038148506845,-0.09419326551553464,-0.15651512688350355,-1.0372490920751283,-0.033508951216636246,0.11341006832816238,0.24467316073737094,0.10304424071959793,0.1510397295720375,0.18256839592041935,0.07754821246054848,0.15919528178974324,0.2948746217626352,0.35976107842099814,0.026597222770642647,-0.05190077054811708,-1.4669154210508915,0.35192769503894833,0.41907663809504664,0.43604553066081747,-0.4360455329433992,-0.37694005219411136,0.055713313919270674,0.6045941892763472,-0.033596825655062654,0.12589042961270105,0.08075902354682249,-1.3428208813078675,0.9825377076275097,-1.0878420727841895,-0.6369622587555748,1.7043714360434608,-1.050850278094252,0.15584734256270658,0.13803252310526246,1.4615845202841065,-0.10128903477838463,-1.7005210062988987,-0.09907301972797057,-1.2263099572763942,-1.6816208657889768,-0.9038330881198696,0.031238711736422134,-0.12360156913839353,0.5650891502434112,1.2161964254622535,-0.8358634393212282,0.0020939667489824963,-0.03445687133810616,0.6962052183714379,0.1759606636954989,0.26319391734025716,-0.6916653152678388,-0.4121306747719059,1.4130109954946588,0.024528339513791984,0.4860083926761447,0.00809871263950368,0.39963564170140337,-0.8358634393212282,-0.03445687133810616,0.2666751411557137,-0.0634923914216655,-0.010492985168602822,-0.17113609543831965,0.027985217947980617,0.10632434190780518,-0.11757927025044311,0.18539382876163416,2.1515996899971856,9.749277543991976,-0.11601390034049443,0.07928181282160617,0.01632737675830835,1.2110435997404063,0.9073262218364903,0.0,-0.4427959114760979,1
-0.09609727071482785,0.02260325779701775,-0.12253409464172055,0.0666942725345346,0.06751947903276989,0.13410024085126054,-0.08895673201929595,-0.08102268988706943,-0.14289478469596453,-0.08776098816320786,-0.6569340892893594,-0.9266921167982761,-0.15860119114007518,0.8650566412457373,-0.7504742903779114,0.027220195260047746,0.027363395050827424,0.023421026695651753,-0.21584181480377906,-0.185096732766612,-0.9124527666226986,0.013942386648731552,-0.21165520539347002,-0.005533636598385678,-0.030619969641767848,-0.03742576165061653,-0.06873437985616584,0.0030411467579847477,0.23808073989231213,0.09299473794370165,-0.228971736031458,0.01018887713416351,-0.29146779123940997,-1.4214293398365172,-2.4750752854705227,0.8345409430081454,0.8144618535123539,-0.8144618544295018,-0.8106005787033779,0.19989213317843024,-0.05917542451670445,0.015576821149830205,-0.2126764505369794,0.41989761564214767,-1.4656288953865724,0.14311356833382197,-0.06591991165042617,-0.07099877357507038,1.7061052266544652,-1.0144295233406448,0.39987304758252684,0.23104589470366466,1.6059436843529564,-0.2533204371867959,-1.3255686254042414,0.757281291003055,-1.0516542556132837,-1.631954211387984,-0.9076444391606723,1.117422145595947,-0.129733506200035,1.4458329902273983,1.0551381157535833,0.5761602701021001,-0.033832936022150886,0.15509444670551403,-0.9271576610067571,-0.07204177939812875,-0.3894838666487591,-0.7266363697444035,-0.31355045903119844,-0.7384960045582751,-0.01590667243369064,1.0548963188521239,-0.21343199441698368,0.21633726248757207,0.5761602701021001,0.15509444670551403,-0.250889257610053,-0.16145724035256648,-0.030639690465007377,-0.19248373165168053,-0.023223680130346817,0.3284298491547912,-0.11757927025044311,-0.1106527116194579,0.7374848071502716,-0.5010655667636273,0.06691766147267432,0.01302923035211943,0.12673224066699212,-1.0664845552767945,11.190461279041298,0.0,-0.8599352966118098,1
-0.3013010372787037,-0.2195055919240746,-0.3186022504438367,-0.6731774141978665,-0.6737677366136713,-0.2940458783146092,-0.0665959560456541,-0.05245590213268134,-0.0492378340741078,-0.060227142758369726,1.6082300652168298,-0.4060206938328794,-0.03296991794381431,0.9266425737250139,-0.7504742903779114,-0.5025699086654649,-0.5064448268338694,-0.509525806799694,-0.3213939249573528,0.06359178485412151,-0.48854846515263545,-0.25070809917911674,-0.31319350451499084,0.022882536119321263,-0.036191204135451266,-1.270302417862714,0.025000339588503947,0.021958460482636943,-0.039430122447335327,-0.013456662998562208,-0.08328071434868092,0.11342697764591043,-1.6486103120515732,-1.4094201158441615,-0.23613438561754949,0.5276028289639526,0.5353864041059052,-0.5353864061092972,-0.748505116761061,0.017649053614274747,1.0629663228444775,-0.2580712069681777,-0.30167393264689096,-0.18777959723005827,-0.48975581715226013,0.32728534974518153,-0.2632678698711813,1.5692646513615245,1.7486026709239038,-0.15980648672814318,-0.39891525134293154,-0.05324539811240591,0.6280681407292306,-1.3523909833586278,-1.4082496668034192,-1.483519663058969,-1.3920066733277825,-1.4143263868544402,-0.9660947427745098,0.17746073030728593,-0.03200706087749616,-0.16811300014030653,-0.4742960009469795,-0.7425987440553277,-0.43924494111041706,-0.00919443991905464,1.3046226753101513,-0.360181870147323,-0.8713505914096321,-0.5018711906799058,1.960271312427495,1.249170308901281,-0.21839414133336452,-0.6073720371047707,0.03713405246914759,0.7347274558591564,-0.7425987440553277,-0.00919443991905464,0.19569870219314503,-0.06081474388044637,-0.009623165402010567,0.12380926693502108,0.028446452839292948,1.5791910841048074,-0.11757927025044311,-0.31149244223300765,2.0603203671305765,-1.9499603651058142,-0.673360569980937,-0.021734402634297004,0.04075280014266938,-0.27710457105105984,-0.6665457028218399,0.0,-0.5531708843791544,1
-0.19939824202234352,-0.19805909776222333,-0.25785107324278356,-0.6112685835180492,-0.6104224978473974,-0.4180752339008708,-0.07940500863704845,-0.07027464850532053,-0.03281829431043961,-0.08873379266753775,-0.6569340892894192,-0.9266921167982761,-0.1783125423980715,0.7910677661770201,-0.7504742903779114,-0.32025967623702256,-0.3171972654944657,-0.3206801715960418,-0.39550782986821886,-0.21371539967809758,-0.4452605639283158,-0.38528244483388324,-0.3407554963482637,-0.07979917953671085,-0.06172253292883234,-0.003876868890798216,-0.02609365496274602,0.007015934779234295,0.13657300089578678,0.022473842861142526,-0.1337012025909566,0.008055741269821746,-1.210454893447395,-1.364673563866103,-0.2742361651132144,0.6644065731991956,0.6603730537781983,-0.660373055348234,-1.0186892308962996,0.10622239529361652,0.6176399839709011,-0.39389516662554264,-0.3497534584196546,-0.19401876393046574,-0.6815396393261278,0.7970911402533157,-0.8404687907352811,1.5306380187775492,1.7075790657822039,-0.2590133566820905,-0.4412642250294765,-0.12553373121087916,1.0101588915651254,-1.0693879386805287,-1.132314070768417,-1.1320350276651618,-1.3348403032215208,-1.127554151130697,-0.9468660238385291,0.15959823501984957,-0.14216205788746236,-0.227740558996118,-0.15668527196024287,-0.8779003452074624,-0.36404946861339954,0.00523601854491882,1.0433588720566893,-0.22434537721405348,-0.7270860576752224,-0.3724358181550773,-0.5653401298794996,1.5077828751157691,-0.1948602089232596,-0.34121974391644205,0.03573794429359651,1.0665216615670623,-0.8779003452074624,0.00523601854491882,0.22949212632173158,-0.05842583177088983,-0.008831305100653443,-0.23201062214143411,0.028677393141041053,1.145255473661871,-0.11757927025044311,-0.2952953995971255,1.6698309194201717,-0.9628544276762121,-0.6111157440874294,-0.02453512402123777,0.07564451389984538,-0.35122441202353816,-0.9319951226035179,0.0,-0.6914771225065325,1
-1.2975452915806627,-1.1119571273788387,-1.266133528470306,-1.103053558363779,-1.1029758722531477,-0.8468869292011351,-0.7826742771069348,-0.6848062161244625,-0.6197744414507691,-0.8109883017294913,-0.6569340892893422,-0.9266921167982761,-0.36074130980409436,0.563003365296706,-0.7504742903779114,-0.9270704962376571,-0.917467543605343,-0.9194744303610467,-1.1156984423119933,-0.489651518946142,-1.3186868978812034,-0.43708171478741376,-0.97434683143163,-0.11705130262039297,-0.02566845279455633,-0.736868218392851,-0.8721134076696541,-0.5495038964481535,0.1728954959370092,-0.6494451326180194,-1.2579111563332839,-0.15836915530233672,-1.2380673336368337,-1.311367027251175,-0.026171822603679222,0.8202337059271585,0.8015592281020327,-0.801559229078677,-1.0619303597092569,0.06229166925621019,-0.18968230234765576,-0.44725544883030216,-1.0382734312505575,-0.09670815181573242,-1.302686908121281,0.10745690042089574,-0.030870043526410103,1.2074485146774148,1.6871496353377375,-1.050850278094252,-1.121288393723226,-0.19649618872565208,0.5982210019680148,-1.0986600696341082,-1.4840292518136369,-1.1326103675805665,-1.0135065256436844,-1.4990097923600703,-0.8407335909870132,0.1956051058194749,-0.2712144781566834,-0.2705688077465371,0.209533405717534,-0.950532014457509,-0.3958993634497258,0.0314032298887038,0.14586042615728878,-0.795337474923156,-1.1577188931984619,0.8827754502635965,-0.5121257019367752,0.09396910300859773,-0.26376753483114124,0.940459794408238,0.025698531706467964,0.7837950748662444,-0.950532014457509,0.0314032298887038,-0.059261888062064394,-0.055058398489319094,-0.007872199008485643,-0.6657510958036975,0.029288509221004344,1.1710189596351563,-0.11757927025044311,-1.027614447142728,-0.450403586490218,-0.6081106791081666,-1.1030553313502012,-0.24767945651192244,0.12206489576925167,-0.026002768664087232,-0.06227491831042224,0.0,-0.8459939058888181,1
-0.047244271287826864,0.15467644230445696,0.054625340063701316,-0.1136911379246031,-0.11370440260914128,0.11937759571961452,0.11452679559547425,0.14848408090117224,0.04253037875966858,0.15977116478007242,-0.6569340892894391,-0.9266921167982761,0.03611881692263745,0.7319927164714642,-0.7504742903779114,0.18156424854792325,0.18067990492895242,0.17670732819894497,0.17107238379251838,0.009400153575738377,-1.094906887604623,-0.006317981656788974,0.0946694096232418,0.17133631890643466,0.22034610971848917,0.15835744446763445,0.18236944382247913,0.18248796011439383,0.9445784752291233,0.269005786367001,0.24942878911589508,0.09655634456953877,-0.77618582629838,-0.8685539012601539,0.5544819605151416,-0.3056297811209657,-0.22248487772871675,0.22248487525016594,-0.8636707160525174,-0.05020350485794862,-0.1499311121641838,-0.0058058537002678235,0.10685760288498594,-0.29128636962869775,-1.1461557372326114,0.30619419290923877,-0.23843222619974602,1.562184020821374,1.5903643283032627,-1.2397461805841303,-0.894658906501802,0.11181943113261789,1.2751476814306537,-0.6044151074640438,-1.5472102350760013,-1.6782370397359376,-1.0644280294284167,-0.832337308348643,-0.6759590244883504,-1.1290616051646616,-0.035404041509175393,-0.43955819045473604,0.12615521887442466,-1.609494669811691,-0.17382711902611916,-0.1571762082968945,1.919389383259598,0.13705334294652274,0.3945523149169816,-1.6330576287818013,-0.5698153999026702,1.4882215590321077,-0.13267358963668494,0.7847253532178714,-0.7017099748801674,1.3933338907430495,-1.609494669811691,-0.1571762082968945,0.2981994244112418,-0.4655445964393903,-0.1457042089934678,0.0359087292427447,-0.09074239786574965,0.7549879586681901,-0.11757927025044311,0.1835817356106913,0.653672168891294,-0.18148104663502104,-0.11372259241867276,0.07563888372469921,-0.09837565839250999,1.0632810925028326,0.8813395355202481,0.0,0.25939106315230226,1
-0.3710321409624444,-0.502595696347416,-0.3604264882942612,-0.7906447938601677,-0.7900083260186853,-0.6451425059285207,-0.13012589722702228,-0.12219654713753333,-0.02074240592836045,-0.1390519704133154,-0.6569340892893523,1.162129049746141,0.02191208005847397,0.9288227977894326,-0.7504742903779114,-1.2327327689948377,-1.2193216476136008,-1.2204336139604406,-0.36087467673753665,0.1082454850930896,-0.7996225374640891,-0.5043545161513233,-0.32379123264225557,0.11420185056923542,0.017793843135348306,0.09987997490104339,0.11151462862717498,0.11049266978573116,-0.19317674990063094,-0.39664256517881913,1.195837641168504,0.21674073531840618,-1.826098050647733,-1.4481920140947369,-0.13237408028651643,0.7670264507593155,0.7532580273779471,-0.753258028569588,-1.224329143938374,0.13217770986747318,-0.04709667501430388,-0.5197238124787816,-0.3305398761025451,-0.17761351320184623,-0.20171985713189416,0.6837990327367132,-0.6941409393819602,-0.7774356691933503,1.7213493678674565,0.1924889581700914,-0.2874886256323932,-0.3515519322835702,0.9927477490263629,-1.8006977569683418,-1.2075921402215832,-1.3198422395244784,-1.3033089131940057,-1.4638296559940047,-0.9576284886528228,0.8358956918235777,0.043360761946788416,-0.14929585490823963,-0.7170297146929209,0.051165525404970505,-0.629601345283465,0.10239599686198358,1.0856769671292605,-1.1509590213031997,-1.1828421868193102,0.13344483717282915,1.9599600359745972,1.257431815070989,-0.24199303557713694,-0.4884964241528212,0.05494767480846524,1.340376356763001,0.051165525404970505,0.10239599686198358,0.21136438319826473,-0.04108851627209514,-0.0049270413804536764,0.422488790770239,0.035939999681320806,1.7761022926863006,-0.11757927025044311,-0.6173282795104372,0.07455252061636525,0.668154562454016,-0.7908161064891494,-0.11587927304609848,0.10530287647015307,-0.19127162231918066,-0.42132954923096994,0.0,-0.7936520261614244,1
-1.0761053164349461,-1.0820306288521686,-1.1236392985853587,-0.09625925910977208,-0.095315309855465,-0.7104750402543564,-0.18237808828853377,-0.1649637862545998,-0.054081263375938673,-0.17647103818021861,-0.6569340892889622,0.4875615000942862,-0.204729377220919,0.45245175160849055,-0.7504742903779114,-0.7722792565406732,-0.7644857967373992,-0.7669169809125309,-1.1079861462566836,-0.27105922474893507,0.15332273783953124,-1.1849356337774186,-0.9980860670506044,0.021888929323875355,-0.19955070328422192,-0.2608094960503414,-0.3390189324287544,-0.30784709501056395,0.4926836410469898,-0.8264329874967856,-1.3826973995725345,-0.04006516322529549,-1.0766582063560122,-0.8943835702579865,-0.0288796461134621,0.8100421264274221,0.7925186126420682,-0.7925186136598834,-1.0475346580299314,0.15748996816763197,-0.18968230234765576,-1.202228602017543,-1.0599691896777914,-0.0355076204061162,0.4083610242774536,-0.04592157591622649,0.11297216551081012,1.5902786144870724,-0.6260014571909577,0.4314259648226048,-0.21281958523369812,-0.45283621833389626,0.5972799254211794,-1.0990354707786476,-0.7723967192128257,-0.6785535497532229,-0.5229298528667651,-1.0263139746061583,-0.7216557373505165,0.6204576572153724,-0.16855257548226538,-0.2600212454663388,-0.08109373543333719,-0.3851812556290785,-0.3944994691797201,0.08238012738095138,0.9777364945430644,-0.7436976271781067,-0.6343161886325899,1.2529278260087997,1.9606499945390223,1.3245891480515013,-0.15095055831619045,0.5021925791940982,0.135949994039832,1.1317229450590198,-0.3851812556290785,0.08238012738095138,0.38026434062938336,0.12151614460669774,0.02909304084120613,-0.3245332194430997,0.10827798042011634,1.0222696670323566,-0.11757927025044311,-0.9630614006806291,-0.22979312186461817,0.009511864973538769,-0.0962988155005143,-0.22510566788390962,0.11876927659818087,-0.021033526742800342,-0.05287131019170087,0.0,-0.8359877718055775,1
-0.4004558926979608,-0.27249020455538336,-0.3658176216874809,-0.5716620671909034,-0.5707813190320854,-0.5827119624757721,-0.16562448943239094,-0.14749234794985575,-0.0750647336608547,-0.1378320240598807,-0.6569340892892896,-0.7620582005113458,-0.08653342875772395,0.9055832000319074,-0.7504742903779114,-0.5683708106679171,-0.5628219757310435,-0.5657695730734814,-0.25011672110025346,0.0023200277972566935,-1.051931553354783,-0.35955968510514763,-0.2835403682222286,-0.12564612482113827,-0.11433529727795894,-0.06777068298581852,-0.10672264237995403,-0.5931483653545632,-0.043527339919151496,-0.09362271407207133,-0.2346021519284821,0.14182466892661674,-1.0853920292569539,-1.2443791366487067,-0.1693650477954305,0.43329719515899473,0.4489642147436637,-0.4489642169933227,-0.018616453753513958,-0.011695212040708735,0.019055238548244,-0.3700564037308584,-0.2888460125109512,-0.21441343573513122,-1.0329564644758826,-1.0241127183465881,0.8299071673278035,1.6228462006888726,-0.6260014571908336,-0.805297173500037,-0.1146189301183269,-0.3510303312567889,0.3055477623477355,-1.2134019073668787,0.10086187537366505,-0.40574505665599364,-1.237581611167231,-0.5451366126909638,-0.9459025980982417,0.9824823816802064,-0.047988723124065095,-0.16032401837093424,-1.0257976649562504,1.0803638140760694,-0.3840996817815299,0.06630209997002483,3.1893751325889577,-0.2517204744153955,-0.7869503718399431,-0.2237869339950288,-0.4874843823434134,-0.7384960045581144,-0.249692785424629,0.15152596932430182,0.01958921758906032,-0.4713591819295136,1.0803638140760694,0.06630209997002483,-0.2866369623648686,-0.06556547776757936,-0.010961480022586812,0.06356044567928762,0.02712366700480585,1.0301815370090228,-0.11757927025044311,-0.3537730245681041,1.11765233367344,-0.09204075492681288,-0.571836934928439,-0.02681125722455319,0.019373240312249764,-0.23183389134358448,-0.5304014358302581,0.0,-0.45722554262454923,1
0.4227698014067623,0.45061072308344724,0.49468711983882707,-0.23851008146825473,-0.2375144913117235,0.4737410308689834,0.15959365225073407,0.187516799759765,0.03063973927423725,0.17298693756304268,0.7923404004059235,-0.7887326556455766,-0.16094548548278828,0.20514368203238006,0.33967388909018986,-0.5043337921068971,-0.4994541143715541,-0.5025512447045503,0.4091810241718789,-0.1946322310092227,0.7728282502551228,0.6870648954031835,0.35142553958104583,0.6103179816253432,0.1275586893570414,0.1527422907855715,0.1835004365738517,0.1911017222058786,-1.5771875476193096,0.7128969027801112,1.325637301245994,0.0029342108219047825,-0.3691140066165165,0.10542304914782598,0.11811505141403143,1.1312134867545052,1.0779932930296272,-1.0779932925497133,-0.6387844975682122,0.09362045442449841,-0.18968230234765576,0.6980945775207493,0.3642145894274314,0.6896634882197971,0.8174344750197832,-0.7997642131999151,0.6803897150184443,-0.777435669193285,-0.6260014571904666,1.409827987357718,0.8746166105545231,0.6250568165234901,0.6499514468353027,-0.3604808086775158,1.2167198212217352,0.8467819843325106,-0.834893718625886,0.029061536683455062,-0.8674124164986783,1.3071832381877835,-0.1322005048418669,0.44567413120909977,-0.7311703833751053,0.5133259826743405,-0.07222066843687859,0.2706163212267457,-0.13405405354253577,-0.2220233919359008,0.9067041864995977,-1.0587869602028486,-0.5408258503619334,-0.7384960045582388,-0.08967820393744165,0.06701724136546909,0.1208614738543866,0.08150094995928484,0.5133259826743405,0.2706163212267457,0.19026454385695937,0.09775964417893204,0.021652480460305674,-0.20378974091277893,0.11323630444205302,0.39779907752387844,-0.11757927025044311,0.5908046436019868,0.3473863394201056,0.13760545447747605,-0.2387182591403006,0.19568456007977952,0.24391180736793744,0.19723322163462903,0.32967252422215854,0.0,-1.138448726200909,1
-0.2263845742978767,-0.08157833840921982,-0.2241884783838456,4.696114120344862,4.676876535821882,-2.9233722580838455,-6.3391922437965835,-9.474730677466686,-6.268046693420357,-6.833458683428884,-0.6569340892820895,-0.9266921167982761,-0.12950501140223933,-0.1393498828393127,-0.7504742903779114,-1.2081461430593414,-1.1950520071445616,-1.196238161011,-0.1427054977267827,-0.06389692579325908,-2.098392526551155,-0.13372624231347163,-0.13364649257723296,-0.16145038967348962,-0.11085273347149165,-0.06177914063067554,0.030046295248474353,0.049046898082588254,0.04439846169036984,-0.37995624104738784,-0.039856601455775145,0.07245732681696981,-1.3692271738471997,-1.7760934691746226,-0.29469245727989074,1.572959544768714,1.4429471045339721,-1.4429471015925435,-1.3428238252669968,0.5908747550082771,-0.18968230234765576,-0.13367762876175845,-0.11348507314057808,0.5986470768441059,-2.376935931411561,3.020390362849455,3.1260455681783546,-0.7489759298957295,-0.3378417444645349,-2.2835379717219,2.7586940721803446,0.034428716975074054,0.20475948603974092,-1.6978885806782016,-1.82228585463973,-0.4004178537092323,-1.2698494909015983,-2.0274623309081847,-0.9641983800242803,1.456485523078868,-0.10041556881217237,-0.28806802050815183,0.46032197657728907,0.2176698357656533,-0.9448689627885566,0.533484238920138,-1.0206104339348374,-1.0409981033746216,-2.261417695936864,-1.196602580567294,0.6148107032355632,-0.7384960045526857,-13.178174680235335,-1.1184137923291182,-2.144020522434004,0.38900706513841254,0.2176698357656533,0.533484238920138,-0.2899046112435301,-0.04870650227265454,-0.006019260805310655,-0.07235137614356704,0.026807061602368117,1.2957228812537993,-0.11757927025044311,-0.38471460713066097,0.04360019585932654,9.695734527326715,4.696126976360463,-0.15643932439946068,0.532707878569966,-0.2936436956611257,-0.7207356014536004,0.0,-1.5004462741974691,1
-1.5979944273988453,-1.8884432818069419,-1.4672942339966206,-0.3649052109134344,-0.36391507530199574,-1.2060303400363106,-0.6153388332266309,-0.517219305108062,-0.3288090543066201,-0.4411027386864203,-0.6569340892885894,-0.9266921167982761,0.08901272802360409,0.02147137882970382,-0.7504742903779114,-2.1438990618654232,-2.117643145544385,-2.115860418034768,-1.761122314410548,0.19960833089201288,-0.27683370576118477,-1.9952109083598888,-2.215935354824298,-0.12264244021192248,-0.39631924629196047,-0.5021175824291971,-0.614428527260523,-0.5185522890165117,-1.5404454589034402,-3.2974803157891697,-1.4496994717397762,0.2820420171338538,-1.5674624804385284,-1.0658399669250105,-0.010688812634475152,2.745364661005805,2.0681867036977977,-2.0681866953107506,-1.2586765037175194,8.543533978440559,-0.18968230234765576,-2.0709452587701027,-2.442345583620255,6.44762486990351,-0.17508059650571733,-0.8807626168160984,0.7376539690640074,1.4567323604327693,-0.6260014571910761,0.7831796471682656,-0.9582100770665894,-0.5188671092064899,-0.2386575110206234,-1.5724213911962397,-0.845223246086301,-1.078495312613121,-0.6300652053441267,-1.1606268965698867,-0.7740585396315853,0.7893415255683618,0.029395133140090603,-0.15483048203841393,-0.754394772714353,-1.1536408031194905,-4.661891445233501,5.016460256113151,1.766365443321383,-1.729476482464972,-0.8637354460490866,1.9848865052130154,1.958862740013978,1.186732609664556,-0.1776527298987211,0.2508562979952228,-0.06909473879331295,1.208834847399017,-1.1536408031194905,5.016460256113151,8.063909321415734,-0.3144722458672526,-0.045517644509617906,0.6422507014539243,-4.074117297177632,1.4939055557076575,-0.11757927025044311,-2.2465864480488564,-1.1538418239167672,0.01825025138566276,-0.3646805752752608,-9.577857795329946,6.8592180683368555,-0.0003233856176059891,-0.014102903737786913,0.0,-2.0495718218023034,1
-0.3050602119706184,0.009365202487088746,-0.2433109526823869,-0.23612664754379234,-0.23513141540338472,-0.06687292782660069,0.048634361089245674,0.05367363493443232,0.014097573525637855,0.03066001813818892,-0.656934089289422,-0.9266921167982761,-0.29255466314987555,0.00132245164339683,-0.7504742903779114,-0.23264502618116598,-0.23038698678300107,-0.2340251109268474,-0.11842415266346837,-0.35012563165499305,-0.24535949557832704,-0.06777976818860215,-0.06217779339144783,-0.07061751193233874,-0.04985217367438437,0.025116338899614912,0.011345025131128223,-0.053132594753486646,0.29558198178162337,0.14984215474999682,0.02819538375508785,-0.06904589374539247,0.8142306917264939,-0.40311433328535606,-0.8027117689312537,0.4246960628894027,0.44139331745521365,-0.4413933197242911,1.627577803758566,0.08666355369558497,0.5161475236506197,-0.06935589281851931,-0.05587816477985009,0.156404253594469,-0.3408119110091958,0.7137497315390638,-0.7325271007378165,0.8700240459311468,-0.6260014571870319,-0.06709130557449756,0.6467424719284138,0.07437984580864593,-0.842707014183061,0.8180311384614245,-1.054250875627608,0.383211457659093,-1.1612448551396561,-0.5777805019912006,-0.8277788286318929,-0.5806039416722913,-0.19727506398105835,0.10267112456787879,1.556706848628421,-1.4649996608079696,0.4304660474825417,-0.08795188380329659,1.0363258544562814,-0.003810804006597714,-0.09822044736660955,-0.3136555423540067,-0.5031510507197537,1.4412920262349775,0.09183823882711203,-0.055131917216334966,0.01541216435893643,-1.4206085916545272,-1.4649996608079696,-0.08795188380329659,0.597511446590803,-0.08931156057831471,-0.016757419460893982,-0.3915145583234373,0.01813430411491351,-0.8398759896122246,-0.11757927025044311,-0.03242231035497729,-0.144445444231098,-0.011524674719107826,-0.2361399464000455,0.03920180112046936,0.017535262139460397,-0.5768542927212972,-2.3872469833208605,0.0,-0.4485416950296353,1
-0.6899922516759862,-0.6049900173457136,-0.7145256636813158,-1.1579569683537139,-1.1580013504290094,-0.79468973709012,-0.14415837773449666,-0.1277767220849784,0.01516800656399017,-0.1449495787503957,-0.6569340892894177,-0.9266921167982761,-0.12428149010602445,0.4504074763939997,-0.7504742903779114,-0.7760411705020676,-0.7682047676530415,-0.770625932465958,-0.842222896415353,-0.07337616051760838,0.007939940325976376,-1.2547709703210528,-0.7548283421237981,-0.4835413959124364,-0.017071158186915944,0.041261483156262074,0.0325629220291345,0.0263279102434532,-0.34995053008039095,-0.7210688431637263,-0.14767624300865917,0.05571448080795636,-1.2339713901472604,-1.2700761929833067,-0.05524325637137142,0.9959242759650413,0.9588452717160969,-0.9588452719098487,-0.9695350240794643,0.14177809091419286,0.2640974980938235,-0.9649393759028991,-0.5591884561148186,0.0497652405973407,-0.17508059650571733,1.000260417637891,-1.111298523584545,1.4049580017306078,-0.6260014571908433,0.33436795664232505,-0.8338480050945886,-0.27146825827873095,-0.4801520205737864,-1.3728514091841604,-1.188880268029431,-0.5559661704126412,-1.194548334017609,-1.5048357391996252,-0.9369360282333743,1.0168232253203175,-0.095930037788073,-0.2727521111336401,0.21913837207499307,0.08721190280797476,-0.5371917946478624,0.18018789584235062,3.189375081454179,-0.6457492511281155,-1.3666718769226174,0.11015487603564536,-0.5714457426385715,1.2295187942485748,-0.19181799261850097,-0.29053990560494225,-0.025600726321450815,0.2914661414291279,0.08721190280797476,0.18018789584235062,-0.2865959605847087,-0.16443724377069577,-0.029984179239435856,-0.06958194592317721,-0.03237677490453506,1.1672134803449454,-0.11757927025044311,-0.6714801191036667,0.08541003464707592,-0.22420844582155855,-1.1577598842800043,-0.1611431587357177,0.18523235408228306,-0.0711223873160936,-0.15026751509755448,0.0,-1.0143384482765614,1
-0.29323270151327674,0.216997803209391,-0.3273392353383896,-0.6144865124368106,-0.6136434313765783,-0.31534738716402816,0.12271831066408095,0.11297659825418178,0.14647407098118823,0.0029868177803595787,1.6696591209526912,-0.8703274654717352,-0.13291610148477245,0.4746091987420424,0.9649066425165974,-1.1370248376591165,-1.124837508272287,-1.1262363369684758,-0.34358856116019515,-0.10421606883931489,0.2389194740936822,-0.418528467150398,0.1362910467825491,-0.11190331062301989,-0.25378024189116566,0.20197875704690033,0.25470672049833165,-0.04387942041122463,-0.4223256350030447,-0.27117105659629354,0.12441986065054314,0.039149155733220094,-0.6735080566071714,-1.0496002176875598,0.31009740156070326,1.3243520041857693,1.2426141232285774,-1.2426141217100424,-1.2229411637872598,0.2914048085518764,-0.18968230234765576,-0.42165308947263214,0.1476358614369656,0.26791325479554257,0.15722569492654598,0.6053364219114429,-0.5952852227979522,1.5248435914681941,-0.6260014571910125,1.1196274934135886,-0.7360508621686659,-0.031288153259758006,-0.09073696504403143,-0.7473277723135452,-0.30735810943925373,-0.02918550877873892,-1.2755168962226378,-0.7721383679870961,-0.9509902078989453,0.8424198081221957,-0.10716319218790778,-0.612486215074836,0.2016263622460522,-0.5417768692508684,-0.3087704189426555,0.25869388974823765,0.20876727148824586,0.040778768028629876,0.20014298767838895,0.018650645789957197,-0.5684890174391154,1.4914169031644091,-0.12195104226367862,-0.5814204679819245,0.0422462360317555,0.9183920497411863,-0.5417768692508684,0.25869388974823765,0.3040252775818285,-0.06781218657615252,-0.009678692725608522,-0.10538082851053358,0.015956658674465874,0.6652627829812944,-0.11757927025044311,0.16903183102254446,-0.08291523379063816,-0.17005592801196948,-0.6144903642450539,0.08525579877791435,0.3479491439193593,0.6801030796645346,0.7622779819792185,0.0,-1.3055727992162458,1
-0.8651279979323647,-0.8101254791777511,-0.7145256636813158,-2.9068197210978917,-2.913767471589993,-1.51428717492298,-0.570838141231426,-0.41357403145027355,-0.13024189973992045,-0.40104111220332056,1.6518923740687248,-0.9266921167982761,-0.2977685514197879,0.00470794037075685,-0.7504742903779114,-0.9778023836294043,-0.9675881525493285,-0.9694511696441824,-0.5173388289275553,-0.35252535228311666,-1.277462629840012,-1.1277897358160265,-0.720498836620937,-2.2142012302404575,-0.15173188332699467,-0.016008954010549,-0.041597956656238125,-0.022097342259480703,-0.135459269764441,-0.5169373857510128,-0.48702335952522424,-0.10521493853587165,-1.9870773399438895,-1.8376096942136761,-0.033835776237926975,0.5772907732085343,0.5807328784152288,-0.5807328802717221,-1.1462413271189695,0.12712275908677495,-0.18968230234765576,-1.161955234632532,-0.759373955167333,-0.29571799805708276,-1.0702900654803547,1.279704757459411,-1.4873862894218712,1.5583032413849618,1.6019829964968324,-0.8904882100969144,-0.4228538236792963,-1.5537464367615137,1.4597767124432388,-1.586004081654872,-1.5497238404429352,-1.7176998288115997,-1.4761420603030144,-1.5848682307147677,3.2731501684837827,0.2520492821348571,-0.23784722775280953,-0.141558698903925,-0.8151461339092216,-0.688386513735911,-0.5196540442862567,0.004302380171071738,1.6327839355696026,-0.959749894216418,-2.9741788655585895,-0.4132960973562089,-0.5875780097498825,1.3927160753299077,-0.32381812487207934,-0.747884745621212,0.01508213514192973,1.3665934063167673,-0.688386513735911,0.004302380171071738,0.2665244624062721,-0.06843659283230509,-0.01128221762793307,-0.5279556906090294,0.025047410921768133,1.9711337018047903,-0.11757927025044311,-0.8140109462354602,-0.7194111690034143,0.31969776161507873,-2.906877659548271,-0.14958856205284699,0.0528563899659367,-0.02658761650972748,-0.06338472525167506,0.0,-0.6035738830988244,1
-0.7776425880989588,-0.6263122626934359,-0.7658198543488388,-0.3073607702934412,-0.2741370798970281,-0.4088312080161735,-0.20795312576348915,-0.19052843929205032,-0.15936630808754565,-0.212820012359293,-0.6569340892892612,1.0038534088926532,-0.26562983915615823,0.7923868172321138,-0.7504742903779114,-1.0747708629303176,-1.0633645905304772,-1.0649470184753311,-1.4912656631751364,-0.8630608695879142,0.3238742716464929,-0.6219143222571768,-1.2925569857040784,-0.08613626410789268,-0.2595051343511858,-1.464340857086382,-1.6311966258334794,-0.13254674663758229,-0.10793490387411266,-1.4529259438567665,-0.6685877270763977,-0.4309204925578184,-1.3624789320816293,-0.9722988660163361,-0.08487274494585395,1.7617581336475017,1.5830719790946264,-1.5830719750602027,-0.7468345779361881,0.5193084536528169,-0.18968230234765576,-0.6384013820719214,-1.3930191908409446,0.6220747299713704,-0.4591772631507407,-0.4095451983077049,0.40657922259399953,1.3313236427841921,-0.6260014571908937,0.6198073022029272,-0.8632202464157832,-0.05756172683030913,-0.7438995123615244,-1.7797287210441788,-0.3328998261864137,-0.2510880028351309,-0.6603980916630805,-1.1414838285603894,-0.8486566969868167,1.6459634222177766,-0.24041582328255695,-0.18983394983597676,-0.3936580049432679,0.385922797556751,-1.1567603582494843,0.7622441751651048,0.15165487824267615,-0.5180410034897213,-0.7169052816880851,0.7553060500544816,-0.5340921695002173,-0.7384960045582921,-0.2664003287229665,0.7907684561977787,0.11515374320951322,-0.3358528357670858,0.385922797556751,0.7622441751651048,0.4602292910287923,0.03464669467983485,0.007797886072261162,-0.6715031382939438,0.11405586587186049,1.289236095405384,-0.11757927025044311,-0.6889645870862555,0.18018843920353886,-0.10927221250876344,-0.30749898724267444,-0.38624714403417826,0.7326498719019995,-0.11411206472617448,-0.23997020322588747,0.0,-1.6315009820766893,1
0.2248803309415143,0.11314546726242419,0.13279696805136837,0.23746641761293058,0.23059315281535087,0.28615689130366956,0.09932501237570188,0.07877152288590004,0.003578815380023272,0.09604483955451706,-0.6569340892893379,-0.9266921167982761,-0.05324752525614538,0.7696339832177864,-0.7504742903779114,0.5058538412361183,0.50339859801226,0.4996103890218073,0.03334012610561547,0.023552177901381505,0.2524661776989618,0.2935228454812597,0.06756755892198739,0.03093600354258193,0.20613262366237423,0.12153435852068578,0.14139133919166588,0.14464812806731753,0.7908247036016227,0.22176823034660617,1.6823880060971723,0.12290260088398429,-0.9748464823348663,-0.7401644396119328,1.0395364283821311,0.29601698320603326,0.3239299013761298,-0.32392990390036375,-0.9080913294444447,-0.019797893845333387,0.4357074755340285,0.29884962934245735,0.06517777957439069,-0.22068724717003124,-0.22875178478122557,0.4666975480250145,-0.42480369715070393,-0.7774356691933305,1.7401849331283958,-0.11264431100305773,-0.9122417035188121,0.14640675647257625,0.2539084352438005,-0.9136717026324955,-0.5325930380877432,-0.8958236217503006,-1.0597335112804207,-0.585779354716324,-0.8567763269373937,0.1981882505223466,-0.04028443014742663,-0.20902542102314514,-0.6530352913565524,-0.479417477539588,-0.28038711652626763,-0.03000001904136222,0.6547484126616118,0.06339184615349915,0.04512357842345776,-0.10344524580914882,-0.5705709490367931,-0.7384960045583172,-0.15598559202363488,0.14606682432933316,-0.1047382190031295,0.988814145866574,-0.479417477539588,-0.03000001904136222,0.06291856922524719,-0.2333875287048917,-0.054642316890431294,0.07568049780202694,-0.0342797918263232,0.9306788087365999,-0.11757927025044311,0.04283724798365106,0.28646317401155175,-0.07597666220419788,0.23735635881649392,0.05422386611502094,-0.008448813570157157,-11.019848747968762,1.2384635995511744,0.0,-0.3178736499347378,1
-0.7795613254238921,-0.6172536026237386,-0.7368698713185404,-0.6052901121654757,-0.5647776756914917,-0.15478893671173377,-0.11514276689266219,-0.09886631200911998,-0.12218714734059496,-0.09349038382761762,1.5628976688913494,-0.36415054034150124,-0.433458515142968,0.23463182284616108,-0.7504742903779114,-0.7087983792993855,-0.7017214510980769,-0.7043192326044864,-0.788955606494441,-1.080500365237823,0.24820565943239287,-0.17945059455833215,-0.7956327319509021,0.028083870024647455,-0.1723453084431376,-0.05570878531301209,-0.09168340610648051,-0.058798039816218055,0.18669057779909573,-0.55191870954509,-0.4775452115162282,-0.7089694559821268,-0.1320249091099261,-0.7737816911389759,-0.0621313715916817,1.0622787755797132,1.0177179405645054,-1.0177179404338217,1.7698392595159045,0.28632957536400994,1.2947554876402345,-0.1783592603525125,-0.8109385981982676,0.49560694763546664,0.1141993769235824,0.24551652793609227,-0.17374172112675879,1.3394026288436418,-0.6260014571876629,0.5774396628935348,1.1169672607235697,-0.08747370594428021,-1.2617025032350142,-0.02248438612559229,0.10000696027469202,0.8443489338615134,-1.2126273358695845,-0.5454753566309113,-0.9400428591488399,0.9819646402305038,-0.39039349994956934,0.38256124849467504,0.663518230691643,-0.06627055249040743,0.1324055999941024,0.19329425008839654,0.193188650068612,-0.4745770791353629,-0.8112486966475175,0.526309410568862,-0.5177860209962695,-0.7384960045583031,-0.05281286297671348,-0.3782853948139642,-0.0345019265766155,-1.6526242049374607,-0.06627055249040743,0.19329425008839654,0.3650986227678768,-0.1892019454078759,-0.03451393172312654,-1.1102746033782265,-0.05105354498001056,0.18224815653722637,-0.11757927025044311,-0.6279766356148156,-0.20394986726190417,-0.1522980813175016,-0.6054758409747502,-0.15690924672164724,0.21278020884849366,-0.07945265834547253,-0.1671411761596007,0.0,-1.0758989525292268,1
0.08294681128995846,0.216997803209391,0.10712465942451914,-0.1931146885099872,-0.1921288825072234,0.3102178885398569,0.13885103693296488,0.12010563927941292,0.035045374226562995,0.152854073170477,0.11390941453223796,-0.9266921167982761,-0.16201105200473817,0.23463182284616108,1.6157503587418298,0.6304593511037991,0.6275983453575136,0.6239367713858868,0.30937828486871927,-0.21610192355623012,0.8340780438785611,0.5301029935512552,0.2503196357078131,0.08539506280313186,0.005672529379841189,0.0693457340804942,0.06998630356528461,0.07468934668333196,-1.435576936393639,0.26205728043133,0.11903483963942017,-0.05272129492320618,0.19711939651753554,-0.8960235738592809,0.2577820731941033,0.7671327557324302,0.7536902167044774,-0.7536902178942504,1.1553065209946867,0.08172531435620997,-0.18968230234765576,0.5375613599584464,0.26645140292484293,0.5843848492445358,-0.07244428676780791,-0.36483721035675043,0.3730436824810992,0.7727119131083902,-0.6260014571869293,0.4385326999389088,0.18892739840638867,0.3000969942080136,-1.1474225298300094,0.643717548657445,0.10744451266472164,1.5456695773736144,-1.245722050063527,-0.6030098580823636,-0.9509893778750346,1.0987650678341678,-0.1334939047261247,0.200076579176925,1.0348868505733406,0.6589078822849556,0.46711762798423256,0.13775051209771957,-0.5780013455044584,0.3868083591638648,0.3035175218911242,-1.197657947901413,-0.4646410198844661,-0.7384960045582751,0.0410474500022197,-0.3466884601522684,-0.04123182039805123,-1.3880688764652416,0.6589078822849556,0.13775051209771957,-0.057631370375667776,-0.1762169674577952,-0.03447779941895042,-0.20477000980923543,-0.027753345213504442,-0.1457785468391849,-0.11757927025044311,0.1793681408908323,0.5429202652104606,-0.21773175181594145,-0.19288977435066587,0.08084483877007474,0.10533769192038013,0.4023688455577265,0.5770266125837115,0.0,-0.7937645737336834,1
0.31784229672036074,0.5546213974620408,0.3141359397954645,0.3889858576168663,0.41430178271858803,0.10602555611527309,0.2919308693133592,0.13623984069896597,0.21341033619578192,0.21651289121363976,-0.6569340892891913,1.2996378725295323,0.06293607909326399,0.02479133242406433,1.2907978988318767,0.18432337866013257,0.18342236758601005,0.17945013247716537,0.5197044462653547,0.683838326972963,0.45603686139483196,0.1625718288663783,0.7744458827797349,0.08718449668254662,-0.003684086277357883,0.399462655889953,3.186896614957537,1.7837063247550238,-1.4435113552184367,0.4165856844653207,0.4894081455400666,0.28307907817114203,-0.5600347610929134,-0.6537345685664051,0.0781430702929543,0.9118289499526029,0.8838857581819545,-0.8838857587643386,-0.818122127616542,0.09364376567345038,0.5206185339508155,0.16508287487361492,0.7849929521563351,0.11755423245717442,-0.3408119110091958,-0.793646512009901,0.6786940810854889,1.2873763611399034,1.7497789845118636,0.4526019553323968,-0.3164084898363021,0.1433252323016728,0.7331349055208092,-0.5918182955136129,-0.6020268884482306,-0.3139075789073788,-0.20016083539358304,-0.7643552050881246,-0.5682907154043803,0.3938852517607977,0.037752323620132276,-1.2273754567450985,0.34329529221493565,-0.7883467310429945,-0.19393568419552612,0.07198950003283633,1.0041978083926857,0.22536944074980927,0.24552631728522217,0.11353463235294783,-0.5390086700503555,-0.7384960045583212,-0.1144259643236408,1.269741493130397,0.060485366954753254,0.8479032309688092,-0.7883467310429945,0.07198950003283633,0.5527790483818451,-0.03336746494468697,-0.0032882879532276916,0.42873929938588157,0.039534371594985206,0.5659985263257462,-0.11757927025044311,0.21979463735381655,0.4746663183086404,-0.018386311821365808,0.3891264278447775,0.09186737143461357,0.15337300878735116,0.10758757707814168,0.18288172024176938,0.0,-0.9346654916252534,1
-0.043186884655014475,0.1154353976428982,-0.009658722893448156,-0.2983679091410551,-0.29736894930112323,0.12059823826190302,0.11122542845651831,0.09860621459421542,0.03928162792400332,0.11760019434209464,0.20340107446155456,0.5320165476624303,-0.37743606247533174,-0.16250597451983043,-0.7504742903779114,-0.11753116435198051,-0.11626338357448067,-0.12006946568801184,0.11430919470250324,-1.080500365237823,0.17095779036560463,0.1300187663598548,0.0946694096232418,0.030019467527542733,0.0159812952864199,-0.017335893181183934,-0.04328773082481482,-0.045441192676009316,0.07898585571929756,0.29161320837574045,0.09003333891734414,-0.5715379811915878,0.04550474146760889,-1.2339118026143225,0.51369541944612,0.6917420518532839,0.6851916814675247,-0.6851916829410487,0.22596075053416897,0.02489931004503256,-0.18968230234765576,0.13226351643853734,0.10771420956629256,0.47752587856005785,-0.22875178478122557,0.4777204395387853,-0.43798118377589246,0.7490236815594226,-0.6260014571899183,0.33436795664232505,0.5075757064995096,0.23697810417826348,-0.036386475107239656,0.3429754752481442,-0.29155701476560936,1.3392560118541148,-1.3370298709656647,-0.9136216712180553,-0.9721145696057063,1.1557592835256922,-0.38044606265711733,0.3217025559755496,1.0370390185119156,0.9777823469667034,0.2588227462234579,0.13023693879782888,-0.7031732721743721,0.07742774633672149,0.10966149680738127,-1.2577186419149322,-0.467287718268044,-0.7384960045583059,0.007136049042430295,-0.5339711094280364,0.02425316133573104,-0.748879227507745,0.9777823469667034,0.13023693879782888,-0.14001787498720097,-0.08259523719993513,-0.014155785920538148,-0.9831082507940127,0.017886800081396224,0.010937667458212173,-0.11757927025044311,0.10268124957709387,-0.25784902318233727,-0.3502692647422596,-0.2984320571048598,0.06421401363316599,0.08322111609052417,1.69186489568699,0.9576404918394814,0.0,-0.7188239720627698,1
-0.7313586457541509,-0.7033494633626476,-0.7715838961670426,-0.5263627608578451,-0.5254476775437315,-0.7558073138127398,-0.2481375411162745,-0.24672344559154671,-0.10728482761910241,-0.286269530711764,-0.6569340892891317,1.7006743441004157,-0.6037228467521563,0.20514368203238006,-0.7504742903779114,-1.0448993143166332,-1.0338634946298129,-1.0355330938900555,-0.25992592681125576,-0.37653433858643265,-1.4238640994089231,-0.3339573433205428,-0.24757443063902185,-0.08768146004350114,-0.0032395356209895384,0.07110280711063006,0.07240797262850293,0.05959831838198486,-0.22328622844585796,0.05181021706376157,0.17090950908305103,-0.15100971782303443,-0.2088094832167615,-1.363074821265316,-0.02689353045404866,-0.5623323698014513,-0.4672622318911233,0.46726223003020156,-0.46213713980489446,-0.10507509521462735,-0.18968230234765576,-0.3418201060426507,-0.2207127163306089,-0.24402769719163092,-0.7148913554064206,0.8939905737149408,-0.9688112658258541,1.3394026288436418,1.7378502896186605,-0.8732283862764829,-1.2691689374438901,-0.11132842927386197,-0.25836764680406743,-0.3436393620194851,-1.3756511436798893,-1.0524084742428257,-1.1074899706627597,-0.8576645626788807,-0.7744593934262319,-0.7716969260401735,-0.4388032089522767,0.6446261215222905,0.7889837565362887,-0.9999027930525908,-0.10769325370791161,-0.14341119637524832,0.8360054210982025,-1.3683800209945887,-0.943841685491743,0.5657623157218195,-0.5641989344534087,1.3515568354978524,-0.07712094354805038,0.21002345804198116,-0.2548253447062812,0.7520948532654931,-0.9999027930525908,-0.14341119637524832,-0.0014517086367047461,-0.3432663150284881,-0.11694965377203777,-0.7893321057155903,-0.04421560528384076,0.25338995955105004,-0.11757927025044311,-0.7161209321990057,-1.1009521889839753,-0.009359756056298057,-0.5263322420595367,-0.056291237132764946,-0.12755192558755865,-0.03214171582885099,-0.07395826379455077,0.0,0.49939732391440195,1
-0.11089193124457512,0.029800865833324225,-0.052628940240436024,0.4828260831742853,0.47492974777676966,-0.004627123373563228,0.08403502351147006,0.08103841819108287,0.03584991122601355,0.0932985178395993,-0.6569340892891204,-0.9266921167980935,-0.1316369601208407,-0.2060233210295709,-0.7504742903779114,0.30122559970615276,0.2996717214298483,0.2957361188899468,-0.0073977104629323245,-0.0710059055278358,0.5717271932589466,0.034092023408925656,-0.026525230367133917,0.024668922660703453,-0.028869977968394415,-0.06576745947652604,-0.1042302807070798,-0.16144764873825873,0.843305418616191,0.24109328369114427,-0.060294222343053476,0.06652725010485605,-0.09058490731022094,0.016077608413741572,-0.7278250065641616,0.4469819333114065,0.46142088640788514,-0.46142088862484415,-0.16023447228005655,-0.0095160149243534,0.3794967065317916,0.03546077211623685,-0.01763135877519071,0.21938651769081213,0.21936164070818395,-1.298022736351185,1.0102111817748918,1.3527504164763966,-0.6260014571903202,0.3951476809980224,-0.745293638307935,0.08436909384919106,-0.8350366115244641,0.03003295338797024,0.6996316252585053,0.8289501613925164,0.012602699675849306,-0.07883042308925456,-0.576162628351664,0.9136311727318108,-0.10023664062238344,0.17233635368995553,0.21723348773251905,0.8394723980836921,0.05933653005080628,0.060325177564176845,-0.6665035128828797,0.16137972206150264,0.0714877902201574,0.6119454664935021,-0.5176069734682939,-0.7384960045582445,-0.04692897365182769,1.1897990143241943,0.07933512859579286,-0.24110608378753148,0.8394723980836921,0.060325177564176845,-0.1655660579266957,-0.0005179806857267032,0.004613301660354042,-0.09922692385386932,0.05147115726293439,0.14334860375797417,-0.11757927025044311,0.028989863493372018,-0.8301766609227272,0.025833974119379068,0.48259004997170163,0.05069029922947856,0.02235718599088602,-0.5735922396516526,-2.353575657883249,0.0,-0.4711728056516795,1
0.029007231563443026,-0.26196369125187835,0.05087125621799603,-0.5744296795266095,-0.573551213508533,-0.3779372420822667,-0.08988058198263484,-0.050068225030733104,-0.052648703932203215,0.026159659456115463,-0.6569340892894262,1.239776213686108,0.19477586122444043,-0.36710517586756036,-0.7504742903779114,0.34536183032091244,0.343588029989362,0.33967629990914255,-0.24521482637702058,0.5663928451229606,0.2338877136512062,-0.5269427650432198,-0.6776291439034381,-0.14561018296763528,-0.0828092266001786,-0.8842121301445502,-1.0300390613498809,-0.36818530037109704,-1.4616403786828251,-0.05275042009996901,-0.2632097545909774,0.20860486353885016,-0.05739933192925969,-0.8312243577534935,-0.0965948262820822,0.6290877462151363,0.6280653204968877,-0.62806532218744,-0.8856638926977576,0.16679668797560457,-0.18968230234765576,-0.5410963208951307,-0.7126597003912362,-0.14063824808121123,-0.5207297814287906,0.7202493822554686,-0.7412906228728511,1.394950182616824,1.6913762316711332,-0.12428345170264929,-0.4580533378323888,-0.09718775571020151,1.0737392888173478,-0.22129936692072114,-0.8729627307805552,-0.7781488787903463,-0.1660732779027441,-0.33232017687892124,-0.2882387187931552,-0.6186013212484187,0.04136884939834138,0.24747888988079328,0.5763371890289664,-1.5836855825074474,-0.03316973286754509,-0.0757263174874826,1.6285526005680886,-0.1751997574972829,-0.6414525555590282,-0.23588757437140198,-0.5560141955965545,1.5440687434357163,-0.060433107385358724,1.374273981122906,0.18153539825035214,1.3246433152816088,-1.5836855825074474,-0.0757263174874826,0.7714834616557792,0.10886493862254928,0.028285554031516585,0.3889476951059254,0.09622423816930009,0.11165198968444125,-0.11757927025044311,-0.29543351560511394,0.5066531737105984,0.11619627702645784,-0.5745401040400798,-0.02281144354328421,0.06614978515125107,-0.1019001651603152,-0.21379467686223083,0.0,-0.6559141409040827,1
-0.4457343803816007,-0.7210495948078368,-0.5460691272662783,-0.5541183985208247,-0.5509115218967348,-0.24837173540882534,-0.04910209415327951,-0.043731015649006645,-0.04228850550566486,-0.027197655579142384,1.6638852062648324,0.7697810723067194,0.168031376012802,0.4504074763939997,-0.7504742903779114,-1.0349787496689042,-1.0240653285904855,-1.0257637378531095,-1.2445947952736507,1.1250350933408395,1.210124605406499,-0.6142668719535617,-1.257824370956554,0.00020501830832136712,-0.002606671679929236,0.029285827793853803,0.016837518384216845,0.029037419579667715,-0.47581107419925794,-1.0931455208628218,-0.28460511912915026,0.3383420047481156,-2.234685976181599,-1.4142837324978808,-0.05560913597501735,1.5409860710932075,1.417958538032057,-1.4179585352772588,-1.463701411644067,0.36901797943818837,-0.18968230234765576,-0.6308934234553676,-1.3529696404202511,-0.09280583562709674,0.8561317258900302,0.9689330615052493,-1.0698908293830856,-0.7774356691928759,-0.6260014571909163,1.558557044313855,-0.30084454012208706,-0.03461815553421579,0.24048794518725347,-2.3484799940774423,-1.342810231639963,-1.6100205586594722,-0.6658732290515332,-1.6585633983408283,-0.8180173543572656,1.1773586020878635,0.16075891497021022,-0.12530092980612095,-1.1732172598816046,-0.24111473728257252,-1.2449375490781565,0.44130627218990454,1.203987429558726,-0.6247018501250683,-0.7848657998975157,0.8918653680618729,1.9538089847898976,0.3403655031052272,-0.19513262669156448,-0.9871488974737733,0.02724297072378289,1.3690294373681833,-0.24111473728257252,0.44130627218990454,0.44702873397307324,-0.13410587554677975,-0.021078787356632777,1.1257443370643743,-0.04967888606950831,2.3141523312004773,-0.11757927025044311,-0.8136931999760497,-0.46134751339696234,-1.621370662526217,-0.5540750335000197,-0.355947566429648,0.5047548982551305,-0.07091511891482527,-0.14985049687083526,0.0,-1.4767615442632576,1
0.051069037939082705,0.2546842306110132,0.10265658254672072,-0.32107035785153276,-0.3200729311183762,0.11086492116210976,0.1261700296908602,0.11596521872143013,0.0549843759968992,0.08817065280969104,0.163983280383256,-0.9266921167982761,-0.11991051674368507,0.6079941814108492,0.9673897345446504,0.45719872357630886,0.45493081868905877,0.45109977573679777,0.006999206747594233,-0.03312287045105009,0.19579986531659366,0.12347711669061094,0.14460491908062878,0.009663722851249014,-0.024830497717497846,0.22885721445638108,0.29322196081672824,-0.06317559702489518,0.6436680721349878,0.23740598871062277,0.15357427260841477,0.07626717392560944,-1.180932102376027,-0.7447908341857405,0.34935997238175115,0.3082826017625425,0.3347528151034747,-0.334752817607898,-0.9736052767126381,0.06184268728389063,0.22240858623345244,0.1262660720541153,0.15890715835825936,-0.09944366071422693,-0.2839947975859989,-0.7038009758518154,0.6173103708891033,1.555520619481861,1.7430071826928928,-0.12428345170264929,1.0707428388653857,0.3423074272625093,1.7929194025946957,-1.2157890114768815,-0.6178094285321395,-0.7253304395619307,-1.0911652472131486,-0.9432196081211061,-0.8981505210819977,0.7067386964815013,-0.0887605488323781,-0.20779433030571542,-0.38542280756099695,0.5692481287588615,-0.3714730922018969,0.020952683643227426,0.10275227524853359,0.17148631579504509,0.23385273171860657,-1.0007453788748142,-0.5597726884082411,-0.7384960045583229,-0.19591289373624735,0.10150732866174862,0.009765336532844927,0.9717340527980444,0.5692481287588615,0.020952683643227426,-0.07184201074316254,-0.09516457953993189,-0.018783155283227042,-0.06868799946228919,0.01714022774387297,1.1178080852446637,-0.11757927025044311,0.15636060784668418,1.3537946463614716,1.3186415294593683,-0.32110810275386753,0.07372528540452858,-0.006111304053399042,0.8665580018479593,0.8325079671476564,0.0,-0.330251413520261,1
-0.8801855142181138,-0.3280612490646534,-0.855636032861448,-0.49157110106197455,-0.4906335446353677,-0.12306902250688685,-0.31487455840698153,-0.282190936057686,-0.31282845653575836,-0.5984134318069035,1.6158698039040165,-0.610442239846357,-0.10274400531706752,0.6678504291491092,-0.7504742903779114,-0.5397811993574975,-0.534533340757626,-0.5375485492908151,-0.6325319743144197,-0.08523185589556825,-1.428791687912552,-0.08848906768504562,-0.2835403682222286,-0.06654660865597271,-0.06542333659751248,-0.31812143397625503,-0.40564926786488714,-0.9027909080358101,-1.4682182748589612,0.03059376456844688,-0.4455576929010473,0.07901760422947365,-0.21399313896278918,-0.6783446132753425,-0.14948238797692698,0.0706749181893107,0.1193693486027899,-0.11936935135160331,0.9689733651438086,-0.005018733036993167,1.3876760351690884,-0.09162030868296588,-0.2879464254177184,-0.3291906876394801,-1.4242916742787923,0.6293424746955208,-0.6259400771798643,-0.7774356691933305,-0.626001457190524,-1.2986389921574164,0.2659822288709546,0.023285270658619572,0.2646651181448173,-0.2562740661825824,0.5120708434914798,-0.1716798556135057,0.9385066746597902,0.2776517583272247,0.16190224366323633,0.14281459804117042,-0.07920516172769397,-0.02796638634609362,-1.2338091650687784,-0.2918947348076002,-0.07109623659729097,-0.05235109959811417,-0.1867018320511149,-0.8190515243092763,-0.38629585179739817,0.6680820402882174,-0.41566401478271214,-0.7384960045578544,-0.02729526723618763,-1.1184137923305861,0.87477463962889,-1.0933781966695877,-0.2918947348076002,-0.05235109959811417,-0.11017280714161883,0.45327961587985505,0.12500440432898574,-0.05115702335666381,0.1799892804754908,0.2581504791185965,-0.11757927025044311,-0.41878456855041685,2.1048320324748513,0.12320335208263786,-0.4915407955964252,-0.025526165673420514,-0.047185468968259606,-0.20830162901604143,-0.4657925028455526,0.0,-0.0939513650607546,1
-0.45090598020614525,-0.3589129300613382,-0.4250583197259101,0.043023880189937906,0.04386965090836417,-0.308430761458583,-0.13684574603654995,-0.12483054138933738,-0.11306390065737605,-0.11235236535395356,-0.6569340892891702,-0.6802104953949665,-0.1930132041269599,0.28334778584787185,-0.7504742903779114,-0.4102519585400727,-0.40632160826724495,-0.4096248951352912,-0.8117673347676271,-0.37173083956609465,0.1579490864045688,-0.388966843625966,-0.8235749078417296,0.0047246391002354225,-5.002774598458743,-0.18933899501105075,-0.2545990052799987,-0.11521739974271383,0.07027984966937577,-0.43536973933350903,-0.30798060525140986,-0.03706423552803062,-1.3567402454102464,-1.2412969425381681,-0.09826801287896446,1.3996258414255027,1.3047544725516145,-1.3047544706098801,-1.3778435765719022,0.3209458904362411,0.3463680388617258,-0.3976890861265019,-0.8732932279792867,0.28761981786653235,-0.7486402194856226,-0.4867762434303936,0.46566082880258597,1.1416036887336918,1.6935229191774739,0.2531750092817728,-1.0681219754787104,-9.485267727044064e-05,0.5126628448258815,-1.4654723281010094,-1.1554135861633477,-0.7415397056148675,-1.5019614089380149,-1.461550830332825,3.2731452485992754,0.9567716537180424,-0.15774925311236712,-0.2302783319259595,0.030542426507726587,-0.4460634134700432,-0.72066662942052,0.31407069365702406,0.4383628192668964,-0.4717883682461555,-0.4633276723738774,0.46341465559263584,-0.5363772263118408,1.5149960553728339,-0.2616356291247172,-0.924367592082769,0.0449714411450658,1.1757024171183348,-0.4460634134700432,0.31407069365702406,0.29004724162126805,-0.04873405586478848,-0.00611820271660758,-0.3089533747046422,0.02869521036189356,1.2837720364413023,-0.11757927025044311,-0.4002511986708166,0.4576627610822059,-0.10271285668552238,0.043157111482515574,-0.12894860643972306,0.39674135943077543,-0.13614818483809515,-0.28878485794988884,0.0,-1.3671070464213264,1
0.08234237726982915,0.2589007660436612,0.12185714698719442,-0.08995513091368983,-0.08901480545106935,0.13718802220586923,0.14417048285604042,0.1300226005690669,0.0671618350700391,0.1460979415134292,-0.6569340892894348,-0.15532139303997453,-0.31638751711230984,0.22668655903389937,1.1886320678750601,0.10431591914544651,0.10392235145162745,0.09995140664203778,0.2462934094998827,-0.5572434914538048,0.6030335369030564,0.23012905168804296,0.2523873816018765,0.08877037428973607,0.011897433930251057,0.09439909148547182,0.1045994219026232,0.0733954699974567,-1.43879675673281,0.3068318519460066,0.161694830834857,-0.12614781602763303,0.5968014312876955,0.7388932920106157,0.16837174306011676,0.5801052766690067,0.5833681788437871,-0.5833681806913777,0.8643786331350515,0.010227220081383112,0.6736109958482978,0.23283491598248607,0.2612165085853777,0.26098249302211274,0.25928860465982917,-1.5184974100446418,1.1523879110360906,-0.7774356691933553,-0.6260014571894587,0.6018692600547549,1.593341228231815,0.6205827405108266,0.7470761445386749,0.7355634686958077,0.8595358625551724,0.5961975034658383,-0.5064176870488515,0.6983293954805914,-0.5899586260900064,-0.1639466742190543,-0.227669890982139,-0.03991453785072438,0.17558985516318815,-1.1686489947446679,0.44304378640055,-0.0374687839934376,0.7569767073459158,0.24389211144636175,0.3352622425095284,-0.5806624253632476,-0.53508875099848,-0.7384960045582417,0.021115060249516725,0.6090325800882566,0.017543074593406774,-0.8665080312344786,-1.1686489947446679,-0.0374687839934376,0.5045364473349181,-0.10870410751762681,-0.020590540631506987,-0.49710364822015085,0.008255580963542088,-0.5904071731215956,-0.11757927025044311,0.24156757701088677,1.6542348897065562,0.10567648928553469,-0.08994091173241743,0.09114517316026403,0.05356548367909516,0.2688847136704998,0.4299407756125101,0.0,-0.6064438213603063,1
-0.4674106996897858,-0.5226530338498327,-0.5003540793147985,-0.8345370809190971,-0.8339646449883621,-1.074627891672973,-0.37223084109220855,-0.36809593410943126,-0.12277618835255927,-0.40249113119000895,-0.6569340892889765,0.9897580411792837,-0.13899173952069166,0.6568767589751974,-0.7504742903779114,-0.5755502291249568,-0.5699252580719786,-0.5728556700904404,-0.3361865303143497,-0.13986014194486016,-1.4951130175972869,-0.47810439635645313,-0.29624512898383903,-0.2237297522534305,-0.008029451233921396,0.044244012797726516,0.03649964814876026,0.02671991974121847,-0.12371033027247727,-0.09878668423073803,-0.11243099891276585,0.03787352919795031,-1.3729815759680544,-1.3509489457698083,-0.06191122909645535,-0.2729630732288997,-0.19179876903386875,0.1917987665010778,-0.9139315909364201,-0.08173661044206794,0.14426137957958732,-0.48877422793339576,-0.3027999710957098,-0.26187978401421314,-1.3833557361772921,-0.8618278872502058,0.7240072328206714,1.286026993673191,0.29442852398684305,-1.4195327174247327,-1.1361384366682925,-0.31260778044993576,0.7795484037159776,-1.2147946214380376,-1.0578673864296315,-1.2020521590493372,-1.4287097553678454,-1.1102580881150432,-0.9796809743951302,0.2722799903167038,-0.10864861117321799,-0.18357077958165632,-0.4638505309536341,0.6876528218406944,-0.3261302301113002,-0.06312917946617586,-1.0206104339348374,-0.7212163999817698,-1.097896795104585,0.07485678523568644,-0.5149459695254657,-0.7384960045582527,-0.2982060801125804,-0.3655755596159982,-0.17521938546876076,0.9919349347334513,0.6876528218406944,-0.06312917946617586,-0.2899046112435301,-0.16449946103277555,-0.04463769374440474,-0.1359572254154843,0.0014593577742502944,1.2994186486913528,-0.11757927025044311,-0.5630201588670116,0.20562472339020285,-0.2726875183699997,-0.8345632159017212,-0.04002123930381905,-0.09438685963050518,-0.09413667427342708,-0.19745405517943265,0.0,0.22907379719469753,1
-0.44780381872171976,-0.32116623895981594,-0.41446405380308854,-0.871531563982398,-0.8710168710711502,-0.8910494120740325,-0.09825966753244088,-0.08722271914331699,0.10848347484629998,-0.07327961291250785,-0.6569340892891827,-0.9266921167982761,5.096020798137324,-2.3465309187284045,-0.7504742903779114,-0.7460319752483906,-0.7385366478525994,-0.7410372909249539,-0.00019671004495029273,-0.009486379288499549,-1.5830616918875162,-0.3266647790197181,-0.0391020685709854,-0.19826414003304202,-0.04352899579092454,0.03165776946656914,0.019942066688139515,0.04700389912590367,-1.4865834767795487,0.13577586515785947,-0.5971832168226949,0.21736632978807963,2.8911506735661443,2.6402879001790223,-0.004584950834470057,3.2233784068650193,-2.467457796315454,2.467457808142908,-0.27474231893458495,-0.23457274885003987,-0.18968230234765576,-0.33356733569620034,-0.03072319766734163,-0.3805404681991649,-0.8522720634607027,-0.5784665307660719,0.5298231715489664,-0.7774356691933056,1.6990724960239827,-1.3787728044657324,0.6032628844376503,-1.559328631344078,1.61055001565171,0.8008315450534053,0.039017559929842315,-0.7582814613817419,-0.5598586955735886,2.7916729994818352,1.335443795539177,-2.2861396365125186,5.66983581295923,-0.10840800033381097,-1.732837030777938,1.5491692794752447,0.06217701305149711,-0.2245849307945533,-1.0206104339348374,-1.19910159483521,-0.7165886466732154,-0.19549190418034554,-0.5418954144011967,-0.7384960045582026,0.14289095857085254,1.1045745692681286,-1.0654051956992632,0.9080665729204234,1.5491692794752447,-0.2245849307945533,-0.2899046112435301,-1.0057509434452216,-7.915889860692316,0.43944168907423115,-0.13244138237917324,-2.5646666783159,-0.11757927025044311,-0.3346043789454304,-1.243347681390578,0.14011427855819542,-0.8715759620496366,0.028520042621332845,-0.2570979735242482,0.00816975007271219,0.001652225387172237,0.0,2.6954016655628954,1
-0.3673383592743568,-0.2524097520604047,-0.35880735773517647,-0.5771966305609827,-0.5763204672457923,-0.2853194466611433,-0.07763576740193473,-0.07919727468778343,-0.061656944153736,-0.08960871387013014,1.671215478893549,-0.9266921167982761,-0.11852454621132132,0.7884225135437207,-0.7504742903779114,-0.010066618513511637,-0.00964764965269726,-0.013564338146384936,-0.4103750911394928,-0.0710059055278358,-0.4119625766991056,-0.254299151866634,-0.3471195800460325,-0.1166393708668469,-0.08580315183399595,-2.620868331871939,-2.7658726626036576,-2.8827869252491864,0.09212026981910511,-0.02365533026548176,-0.276969748261989,0.0692810565297194,-0.05739933192925969,-1.4090961164681624,-0.25211504696335557,0.3870237808639321,0.40657853902352176,-0.40657854137732785,-0.7784721103594613,0.0989993754421327,-0.14299394894082815,-0.26065452379719767,-0.35744877887137455,0.11696469338861357,-0.7148913554064206,0.6972547206036553,-0.7120895298053892,0.8141169378421683,1.7236563913131568,-0.5065166291932278,0.8885024431248834,-0.29044305631914635,1.775934361262687,-0.04861409038511006,-1.2771307547622808,0.21373167731249115,-0.9673452981782238,-1.3422567766744207,-0.835997131217818,0.3253459865548945,-0.09391927549177759,0.5049715840996262,1.1153897379557531,-0.3792380876991503,0.02067443380785951,-0.009273278660737592,0.4887375375126637,-0.20347585541333796,-0.8717853534345993,-0.5095329557613381,-0.4800269911153974,1.4476706250427533,-0.021936149549833753,0.5416111524129757,0.1016629823777763,0.8837834087306621,-0.3792380876991503,-0.009273278660737592,0.21911763854960378,0.0069615204869713,0.006599718164480191,-0.08151824179307833,0.05375669968820495,0.11169098044876023,-0.11757927025044311,-0.3097405080648131,1.190660882445501,-0.6524047270599806,-0.5773852597111468,-0.015490788517787912,0.009586907812663885,-0.2293690462239866,-0.5234511468529659,0.0,-0.4101577181574574,1
0.2571094313672777,0.27764330289645706,0.29982097229785576,-0.03104795184941023,-0.03014518349596065,0.4069349195650741,0.1333332684659363,0.11483029435171443,0.01672803423361159,0.1362769332481644,0.35486629212735904,-0.9266921167982761,-0.13920491134553412,0.7963297582669361,1.6686322960747486,0.281487601465971,0.28003673187344214,0.27609211186270183,0.17343087201648003,-0.1018420384985287,0.03642944234043273,0.3248953409091832,0.15914602884049334,0.03274357185306827,-0.00959698535089557,0.16483285348584492,0.2019803699954117,2.3604166590149256,0.4303864013081442,0.2750621847933024,0.17145192251276298,0.054229222434785083,-1.081022090401373,-1.6863998122884403,0.40566363270937483,0.42325444081243685,0.4400566525340802,-0.4400566548065499,-1.0783405576515328,0.1122215978097339,0.6962957559512897,0.3303689024864286,0.17355321095964457,-0.03402202865306371,-0.4591772631507407,1.2955209826942768,-1.5085603850548746,1.0845611201566752,1.7299238334792604,-0.1360233838931544,0.9167791378195008,0.591366741963582,1.76161156810058,-1.2016943057616374,-1.3477351601603689,-0.4201360069361052,-1.275689022238772,-1.6081602970348186,-0.9541369999340462,0.9581247266338044,-0.10817967955643183,-0.35549422759858634,0.4522214614445992,1.0300072171742825,-0.37939113375208583,0.06216079438006298,-0.4342784341260087,0.28256696357220334,0.2148172306376065,-0.9075848931203008,-0.5357379165913816,1.3188776938346007,-0.2013409537257612,-0.26133653793677486,0.05202073546527017,1.0022770913049743,1.0300072171742825,0.06216079438006298,-0.16571919006736316,-0.04322716922496595,-0.005580178421792584,-0.12414519458913381,0.03556479093638262,1.0263416300817063,-0.11757927025044311,0.14987700035770607,1.335932808143233,2.316946525740575,-0.030934061004068234,0.07300334292759704,0.01721947813603667,0.8344029798908204,0.8224083666941703,0.0,-0.44704253283078993,1
0.18481625909943145,0.45061072308344724,0.3942586096240755,-0.14217864285772752,-0.14121130013150285,0.4113194437180268,0.13794821355881648,0.17005502250089558,0.02015337251402154,0.19707780898534732,1.5275088433351514,-0.9266921167982761,-0.10349045773686469,0.8371091063165795,-0.7504742903779114,0.14116948813965433,0.14053593773207734,0.13656143812834362,0.42766399819948137,0.0023200277972566935,0.39099747754398484,0.4453437822261823,0.19856363991762527,0.04239152904770891,-0.0041163021399773505,0.2513418367882071,0.32564926581107423,0.3396207664266749,1.0735170413501012,0.38699926473545704,0.24175962447413557,0.07436247781949575,-0.4610824917830414,-0.19463265779971312,0.295804748153805,0.9328771018919391,0.9030967268556309,-0.9030967273410568,-0.9620050251245794,0.30240080329258245,-0.18968230234765576,0.4530494854708375,0.21393517931927017,0.046464870658125844,-0.2839947975859989,-1.2469690271412965,0.9739067367421005,-0.7774356691933121,1.7200695559033965,0.40250463990922997,0.8233713539689018,0.5520366742305363,1.806901452192675,-0.4917246490937099,-0.12764725770450872,-0.5712801907761061,-1.4359729753591315,-0.10262924514259872,-0.9770096807107356,0.0012333893646635718,-0.09309494472214663,-3.5008757467227443,-0.5844418124050058,-1.2134880651723046,-0.14712611502274245,0.02617484652521183,1.4326531709922599,0.2843673165762785,0.5818813394071278,-1.201950948041542,-0.548780820969353,-0.7384960045582654,-0.10104372694617231,-0.749807206402475,0.012490723872965962,1.253971126148001,-1.2134880651723046,0.02617484652521183,0.8245402965199476,-0.0902573342857642,-0.014992969099895073,-0.06115106048026489,0.010405632362947644,0.47916706527130576,-0.11757927025044311,0.317927199450077,1.4781293558996835,-0.5228593343350411,-0.1421304381778043,0.11534177513934071,0.16105711507172868,0.6886447948828881,0.7662011497279032,0.0,-0.9547902693168224,1
-1.1618834096424684,-1.058029600192547,-1.1732289459273537,-0.44734180683363806,-0.4463806356141994,-0.6083559300216475,-0.3342355734722299,-0.3092002730091443,-0.23469522752130456,-0.3648557615475832,-0.6569340892892099,-0.9266921167982761,-0.3197917842605471,0.6847827429658517,-0.7504742903779114,-0.5558376084395671,-0.5504211533960184,-0.5533985542978187,-1.1414239192005897,-0.33813028088480557,-0.5460568428824455,-0.5723592743038894,-0.9441511539084197,0.09910120439201169,-0.013193603245839817,0.02995931911891692,0.017718533142346077,0.01014463407478554,-0.3604477700663545,-0.6130801920116554,-0.35354758983643975,-0.07012072173217507,-1.3589847432235156,-0.9652748401469755,-0.04243851458878933,0.149551023933323,0.19070906364021437,-0.19070906634393364,-0.9165320704496613,0.034925459715966646,0.01519780233107017,-0.5864216486153775,-1.0056641173476275,-0.25180121364511193,-0.3408119110091958,0.5649706959222974,-0.5454381158543837,-0.777435669193277,1.7258495248959524,-0.42023033352532346,-0.01016241130439824,-0.4230651106979547,1.217975136047517,-0.9849100560396676,-1.3306204401631965,-1.5780879964720984,-1.5290963694677537,-1.0372375880830884,3.2731090356664274,-0.4192593249476635,-0.2307414247806949,-0.17702452706211141,-0.563897861220572,-1.1530265193376863,-0.2923599242691947,-0.09219760698891215,1.7877303553743136,-1.2295773364419997,-0.921675898145013,1.1378139092138684,1.959061627329318,1.1951317762133387,-0.15872642417036878,-1.0631935048510335,-0.44018467210705936,1.3075559566004704,-1.1530265193376863,-0.09219760698891215,0.34668632945153155,-0.6665818756600287,-0.18069692439395418,-0.46026820662488493,-0.19643252324122548,1.2857947525116749,-0.11757927025044311,-1.0912018755683366,0.9873316840564085,-0.015473245406978297,-0.4471794418641706,-0.17739889876997997,-0.034502393400869344,-0.04803909457601154,-0.10460005794276017,0.0,-0.17119557762661633,1
0.1427230281836333,0.23608084099669774,0.1973441600175572,-0.23135787428585164,-0.23036341015129652,0.23574753920794547,0.1110057411903159,0.10153986472718103,0.021135323458650542,0.12076838061219614,1.5766922211880292,-0.9266921167982761,0.01988273255432996,0.7976393590763791,1.7614053427069136,0.4596541550201981,0.45737639972702054,0.7482192909357097,0.12616058636383298,0.7160089687435752,0.9472976169663647,0.47880412171357983,0.10300082869487258,0.0782406126610313,0.019289884106369202,0.0122952181787296,-0.0052641406286593855,-0.012006598313206945,0.32981295552586326,0.2104529681393187,0.0991491405201489,0.22049378862716648,-1.7552747476188129,-1.6402316786089923,0.5118689635986309,0.878903418113448,0.8543674061846127,-0.854367406912325,-1.0750191139023164,0.21853850773003825,-0.18968230234765576,0.48721324876040695,0.11285146665009614,-0.21031865837719027,0.06979812071871923,1.57248047036197,-1.8683656572247174,1.5493672337513111,1.7401849331283958,0.6547393567891552,0.9042701777180558,0.43042980517397683,1.6926720299005884,-1.4847127771288018,-1.4782498875319952,-1.4995556335331484,-1.2086575704143931,-1.5368868774155746,-0.9132352222531678,0.325605728848077,0.0028993543328942324,-0.16413542842162637,-0.4731076184169475,-0.844769975779061,-0.5502555336972762,0.05714181438436826,1.7536307837038128,0.1280864725379077,0.13763597710947087,-0.8203888501273737,1.9587386598144192,0.892333134814837,-0.1993842030448006,-0.34356127077777193,0.03980056414325191,1.2960285637542304,-0.844769975779061,0.05714181438436826,0.5958533262488966,-0.06610640128724486,-0.01010823239484049,0.2901675748709503,0.02348128379195286,1.6955394671105435,-0.11757927025044311,0.11251887285170487,1.600112592907861,-1.010502363898231,-0.23146692314516146,0.06629287058334561,0.1417375172332159,2.8085531564698734,0.9995986240998221,0.0,-0.9030058880468116,1
-0.15655791807762287,-0.08370858460885172,-0.11257379231532093,-0.6452429720692106,-0.6444300251311699,-0.21988668186649177,0.014850221159175362,0.015037654472019104,0.012931744185587369,0.02402316713168768,1.5392933589765194,-0.9266921167982761,-0.3631871848095149,0.7723476078383952,-0.7504742903779114,-0.23590742086302322,-0.23362018618612834,-0.2372529203073982,-0.25011672110025346,-0.6201343456363128,0.22520992264953146,-0.26868963474800583,-0.30471808152952756,-0.1378043310291834,-0.09883989499694538,-0.25577188582803956,-0.3331193471589885,-0.2595803948030335,0.34960009160061867,0.4477867205760166,-0.1693658147727034,-0.14430316795014173,-0.0654770804350513,-1.1978501359656804,-0.6410690647062398,0.6156678347062625,0.6158147327532127,-0.6158147344879327,-0.8803941134591864,0.1513666195130325,-0.14624937306067193,-0.2706323073813185,-0.2504618327330413,0.02306081320006517,0.06979812071871923,1.5107607501136322,-1.790059407609428,1.3336545760602363,0.9716361605433799,0.564998217782814,1.0604615591742939,-0.21308169463352652,1.7407267321293043,-0.1598973788237291,-1.3652772040155965,-0.3713278865405262,-0.2828545927793072,-1.1947436924334334,-0.47366490807785167,-0.21215997999311073,-0.25266423039053926,0.4832032998234865,1.0594139413902373,-1.236098665657158,-0.007084736914630751,-0.038532310054767545,1.2598194126003188,-0.13683864620565075,-0.7096226685183212,-0.7263416155287751,-0.5657962540852299,1.041289789227536,-0.06535350554798193,0.9506074721398343,0.18270891809452,1.1972889900634778,-1.236098665657158,-0.038532310054767545,0.6044601795491741,0.17164728023563758,0.04216666693774873,-0.5781626777036831,0.11963792773946474,0.11934000378004131,-0.11757927025044311,-0.21266277545965148,1.806807717370745,2.151427319802099,-0.645332093359881,-0.0031654830539990953,0.06264724268682237,-0.6280350676624391,-3.0072234898931343,0.0,-0.6424186755248421,1
0.5045574696430337,0.41129212949565963,0.5357031878109442,-0.1262572875383606,-0.1281930477347256,0.3501309886211028,0.16051422456645062,0.14037371728418876,0.048569928202597604,0.18472841135000634,1.6026652761452802,-0.9266921167982761,0.04477214088526971,0.7831031963953017,1.4090702853450399,0.2946647452671014,0.29314478545721623,0.2892060676163517,0.42766399819948137,0.22764558996011958,0.6117364651699381,0.47577110164022196,0.31433419889569075,0.04780056194773636,-0.006401108021020539,0.05321667574048778,0.048394634324862094,0.07433230259946567,1.3373128330228166,0.4619366113271493,0.05743527887756307,0.19398710540373715,-0.4726561823701719,-0.3528381196636741,0.19806991895145595,-0.13355193942611854,-0.06480774791366826,0.06480774521636187,-0.8710248031714589,-0.021324234245404347,-0.1062794861034529,0.46384795471342627,0.32733162050265124,-0.19611280973596196,0.7084894791522011,0.9091412327661191,-0.989119883522517,-0.777435669193277,-0.6260014571909288,0.5524012689407802,1.1465371125727897,0.6577031802432255,1.5562825129125182,-0.5008693446820238,-0.3894363202190358,-0.6207513040777396,0.44862295687858866,-0.29661344461862693,-0.11760871621062505,-0.04105016726817907,0.04742063942102363,-3.0656286064211433,-0.15078752809734666,-0.3479425632331694,-0.14711810995336477,-0.07921703771378164,0.6527281903608159,0.31716040564389886,0.44832748367319286,-0.5327983167247642,1.960271312427495,-0.11090803725366906,-0.10089418757004964,-0.564596030969733,0.2003955987261663,1.1430514720872118,-0.3479425632331694,-0.07921703771378164,0.05994144951790371,0.29799073986642877,0.0922046894636548,0.2676916581229986,0.12987688605858888,0.4893930192388392,-0.11757927025044311,0.3364601036022906,1.593525576755601,-0.07647092406353763,-0.12631941194245222,0.09679587186143897,-0.07651728162866535,0.23460391537413905,0.38393116443282604,0.0,0.09951720673443035,1
-0.5856429318293643,-0.461195608554854,-0.5455588123638617,-0.5365477421446856,-0.5356398808585334,-0.06841950109240927,-0.08830967156197153,-0.07545381633486317,-0.11230059386755668,-0.0843505891590813,1.4552321626376434,-0.9266921167982761,-0.31255759053563986,0.5096170552330672,-0.7504742903779114,-0.49904457381636297,-0.49421935169798376,-0.4973285171685632,-0.2746531731065431,-0.38854676686999273,-0.7239063726284257,-0.07122375650094903,-0.2687252946842574,-0.11586446715869324,-0.05403414737403926,-0.14600949111401942,-0.20258517282568414,-0.20289017021251543,0.9688124773714673,-0.09564051559571893,-0.677423343203654,-0.12830782866358695,-1.0531066649487546,-1.0501786350408169,-0.08043423550996864,-0.11196840337419293,-0.04498715719866621,0.04498715448479776,-1.0207276615948753,-0.0030179557991603526,-0.18968230234765576,-0.07358637545003546,-0.27289046645866194,-0.22166593637996349,-0.20171985713189416,1.6776333365832747,-1.997474413607437,0.055958201486314224,1.7279363542005306,-0.4628958733969668,0.9998081722064548,0.07710881449059227,1.8672062568176866,-0.9823211874627699,-1.147140228227437,-0.9323550096774295,0.5828846705807893,-1.183486336270124,-0.12556133222920243,0.24668637115078806,-0.2848313415463468,-0.2997549440935566,0.13484491898328277,0.23802698723444762,-0.277428233831157,-0.055674410496997326,0.3835035897673535,-0.2878150225978033,-0.7815964921698361,-0.01904131939560547,-0.5737224651671313,1.3845463406315508,-0.1636932838044257,-1.1184137923308795,0.33787549615887386,1.2565552241787479,0.23802698723444762,-0.055674410496997326,-0.06421561968584404,0.3436078095044196,0.1040733479070862,-0.5625222178626578,0.1424903647919815,1.000896420667979,-0.11757927025044311,-0.40895517386951397,0.4504563989568018,0.8496964584509309,-0.5366285583926174,-0.01775113932265463,-0.07361347396139917,-0.03892422040197625,-0.08695935843949146,0.0,0.0793629560610373,1
0.41618127645984987,0.40058427490148996,0.4889622799018125,-0.26135907969030464,-0.26036092946622447,0.365776702022788,0.13873814226830306,0.12729690469015403,0.02705871230211584,0.1573395159591787,1.2261631171757224,-0.9266921167982761,-0.12833241477641597,0.8953822626717338,0.7186805776032306,0.03460729888864999,0.03469707971642689,0.030750500201099932,0.332659102469295,-0.10896498103475566,0.8083480999769428,0.5838981917665993,0.2482517014516926,0.08313471518598624,0.010436211256338772,0.03844723649049673,0.028855906594932763,0.032078014530427384,0.9870888135609488,0.34242490239594936,-0.045102800268988975,0.043187363464591906,-0.6396256755734613,-1.478791562865978,0.28833898149406767,0.5589703332886691,0.5640267883844965,-0.5640267902964977,-0.991075095280575,0.14390423379221465,-0.17972806255961432,0.5943220661329353,0.2626826465097357,-0.16632506789612803,0.6652715700604162,2.017195402278114,-2.3728355232083977,-0.7774356691933265,-0.62600145719107,0.8693247742460378,1.3298913956806533,0.7998964670385046,1.8314885848509872,-0.605879731024633,-1.331597522573283,-1.0419624131481946,-1.2061801851929472,-1.0684753580998285,-0.8689377376858802,-0.3687495814610248,-0.1095766020895308,-0.8916188076270354,0.5074705270589018,-1.3480186257198017,-0.18898583005257755,-0.058791124385208164,1.6467021079042754,0.3015053172477764,0.40665815681685297,-0.8901436275392506,1.9590736632761228,-0.7108521499183089,-0.10875394380884237,-1.0524314210111843,0.06326721836394406,1.4124143209509346,-1.3480186257198017,-0.058791124385208164,0.6312267293376107,-0.02515476543171427,-0.0013416166379320023,-0.12642304869158652,0.04256411323545532,0.6356316359041337,-0.11757927025044311,0.258619715839141,1.9521548522847412,0.32912683890527267,-0.2611612245031368,0.09401838538598911,0.04832605137769622,0.4767253969721793,0.6399102371425823,0.0,-0.5850241653955321,1
-0.11543055112882855,-0.16042396762002792,-0.18784964405765303,-0.5416367840421368,-0.5407326398745614,-0.25912331635524427,-0.046052350897578885,-0.040202785419006355,-0.03720150654049175,-0.05255139520186516,1.6743946004643824,-0.4491513147421606,-0.04044123980458797,0.8493944543622637,-0.7504742903779114,-0.1633468005557183,-0.1616944111615982,-0.1654390969540057,-0.31400339183128356,0.01647752718314713,-0.3938274584126368,-0.23279257466360453,-0.26237835501827705,0.009723880685858784,-0.0038885910614453486,0.07928181040267943,0.08341376548742283,0.07952635259367626,0.0020272111176249485,0.018285316108070573,0.3005575282048953,0.1115306519193218,-1.1901894904887589,-0.7255740737068482,-0.3555753339557043,0.22949825711492222,0.26325799890133816,-0.263258001522279,-0.9808007465934815,0.050350962582704197,-0.18968230234765576,-0.23195151062946592,-0.26548330161184697,-0.19602370680963688,-0.48975581715226013,-0.31657989914327267,0.3366674553511272,-0.777435669193358,1.6935229191774739,-0.33774362874892383,-0.10445641581468214,-0.05996253403449719,1.298745930394078,-0.9478238651248213,-1.1376181071408782,-1.3651681810688368,-1.2656416492207174,-0.9139835142350415,-0.9030666720291728,-0.24114740035944873,-0.046833612878174925,-0.2002169961153508,-0.45394738439052923,-1.01114684699989,-0.28653782108077963,-0.07320461690622039,1.5120175637490867,-0.5271963804604471,-0.708084509453814,-0.4109403511330401,1.9607324350070814,1.4328815913173811,-0.16449931290567585,-0.25615291308692123,0.06006342661548965,1.315961716599818,-1.01114684699989,-0.07320461690622039,0.29040230838969355,-0.03399860743746484,-0.0033241835065677826,0.05050552682027262,0.03893914487038478,1.126380361330222,-0.11757927025044311,-0.2797600630445477,0.06881533399822418,0.6397469185138628,-0.5418291645924788,-0.004063576398717794,-0.020705770521701583,-0.4297140503269213,-1.2941304781221974,0.0,-0.2508774673932308,1
-0.05707586747986676,-0.07838002389351524,0.006872657660604253,-0.3836993102386014,-0.38271403559394884,-0.1869342808332261,0.0344680916261022,0.03591678512429831,0.02478156221924164,0.04481958302706741,-0.6569340892894363,-0.6846635112746952,0.05385366768461857,0.8131737689034149,-0.7504742903779114,-0.5415620327167342,-0.5362955304631857,-0.539306566755221,-0.11357390352403098,0.2556498621958179,-0.041027212421748636,-0.19361495671918855,-0.12943660945397162,-0.06499728195474287,-0.1213090059205462,0.05302522546966876,0.048139996045476016,0.04377949014076856,-0.21954732666548765,0.08253411650265936,0.008602965685441381,0.30504555327572896,-0.8138611183223786,-1.405857784198075,-0.47779089916613493,0.22583322937379954,0.26007697409263725,-0.26007697671796726,-1.0967252258995632,0.01595920909007603,-0.18968230234765576,-0.1983328928795631,-0.12695509648694492,-0.03816336760224535,0.23946918271023981,0.9550503050169945,-1.051666841134795,-0.1737732152635644,-0.6260014571910475,0.3951476809980224,-0.6252055641937262,0.017227682013020364,0.21052766056361344,-0.8834943941922776,-1.12144021121333,-0.2772494333042272,-1.0346861921584303,-1.367077401377613,-0.8854222010876501,0.7536593072289715,0.10441413048116589,-0.5502400363221455,0.5418646196464231,0.8960708628147894,-0.2671938990835676,0.01701986248619627,-0.5518008244932335,-0.35180438613460224,-0.3290382090899515,-0.07393883885052752,-0.5777159450532183,1.103910606350628,-0.13331307246362822,-0.16860934874575684,0.0777414435725696,1.1226816402568618,0.8960708628147894,0.01701986248619627,-0.19447980912550972,0.0024149260939197144,0.006045411139507054,0.5088785873110877,0.05112733127890174,0.7882122706698531,-0.11757927025044311,-0.18782684077313339,-0.6479200376223146,-0.7668496317641509,-0.3836050024614213,0.013495297000886737,-0.021362759672691738,-0.4953398481417733,-1.693095277785783,0.0,-0.2471861118801765,1
0.17983848204202926,0.22116169478207906,0.21917200081163873,0.6599729609953001,0.6599098637305897,0.6635136263445102,0.15924862637575282,0.13740386745134356,0.006746894587230284,0.17335606715340296,-0.6569340892892612,1.5891139085556045,-0.33287596488655924,0.11939927933559848,1.5058836657921655,1.1871496381501054,1.1836828479791315,1.187354019703633,0.274372804085618,-0.6879927916397177,-0.06205830123865759,0.4453437822261823,0.2544549395558764,0.06397802527003338,0.014245027116551767,0.08543153700723616,0.09176780178197856,0.046518211826365265,0.9809871082244642,0.5589112941122856,0.14870650086371606,-0.090992385765281,0.7846298888849185,0.9454996717383242,0.23533293885421744,-0.17591989078046472,-0.10315439737153556,0.10315439471342805,-0.2682169646541211,-0.026404929690873144,-0.18968230234765576,0.4533583508788444,0.23855946785772372,-0.09536263838358744,-0.7827864691757886,-1.6382772415769755,1.226864105446813,1.4311215274554288,1.73279279099758,-0.7228628216198432,-0.25493508053912545,0.34068015243346805,0.9243380968292767,0.7794948376087268,0.7694921355325332,0.3567191971863583,1.2759573823076806,0.920577748682108,0.7592994175102462,-0.5640836119712619,-0.2436631009417646,-0.06134001364802475,0.054222516346404716,-1.0800896195434446,0.2661209644314149,-0.11784240568871739,0.6515822184210919,0.2085870090727102,0.26012666659936795,-0.6256650703469624,-0.44851700328431443,-0.7384960045580151,0.18700244953534784,-1.11841379233061,0.012732203624129013,0.5527347899741784,-1.0800896195434446,-0.11784240568871739,0.2234188645379023,-0.07412508921262538,-0.015364071365297733,-0.45716179497271914,0.027201412294478342,-0.8059223916977637,-0.11757927025044311,0.18683520379901636,0.2754750461747265,0.18666298997412148,0.6602009666614614,0.07653354154704373,-0.08210286772775281,0.3808846072276585,0.5565280425442923,0.0,0.13896580212582124,1
0.3346190625570635,0.2492714870564224,0.41315825829692465,-0.3559655989509794,-0.3549735154618793,0.22848641286944155,0.12583547693681385,0.11699835307671021,0.03554808098362361,0.15128216797973357,1.2261631171757224,-0.9266921167982761,-0.004358929879636808,0.21598055054076745,-0.7504742903779114,-0.8557471302290585,-0.846988595525158,-0.7539589672354007,0.2204935125584527,0.02590979469446385,0.026146572836121,0.19487412235653234,0.1425267713318338,0.3810963478541947,2.9465747223261207,0.1272827090997385,0.14937369344190693,0.23324608819535636,0.34463789450370697,0.31130794817005075,1.8290547256388117,0.1115306519193218,-0.22361942452694858,0.05742439408974514,0.2596209877861222,0.6172052517416804,0.6171279860795977,-0.6171279878096233,-0.9300150789102867,0.10048752946449341,-0.06385032022264549,0.19828364832135337,0.1508277589907828,0.02708007496538005,0.5104359680855547,-0.08912250356195626,0.15406883327946985,-0.7774356691932928,-0.62600145719107,0.8508516559194743,1.1384197247236951,0.5141778298170339,1.6689649165676312,-0.3119652808949748,-0.41249785002049366,-0.6364653579360927,-1.4870104562488877,-0.11297434905649865,3.273150835589292,-0.31595076382795595,-0.03852959597952357,0.2799406723769799,0.015562797530090842,-1.3314990607725077,-0.07266044055552733,-0.04840289300549293,1.4442629663953384,-0.6549844601774701,0.34159468598288967,-1.1922772993139596,1.9505397984978576,1.4183110462483453,-0.08617598265107486,-1.0030818346240338,0.04939736504404095,1.3070944188049272,-1.3314990607725077,-0.04840289300549293,0.6569744240418337,-0.05554766786981536,-0.008256777141594096,0.11074024792065273,0.030140635148345602,0.2669585173051516,-0.11757927025044311,0.1966843936737024,0.8965646389339587,0.08710032167037192,-0.35601709665271486,0.0829719527880012,0.06303730551145109,0.5122557495267545,0.6660052890756687,0.0,-0.6439318715253531,1
-0.1721988900856308,-0.20880084738804464,-0.21288143259652936,0.42155052180171043,0.42192912401823623,0.3815561437097764,-0.09264846230480914,-0.08408578639416335,-0.17645946755418263,-0.07062046522461149,-0.6569340892892827,-0.9266921167982761,-0.11074131741848668,0.6755935503090801,-0.7504742903779114,0.20217583947487613,0.2011684040307083,0.1971990025829839,-0.55231616693033,0.04711504547763606,0.025285702220862485,0.30295666344325345,-0.5749400609227928,0.04349866336134713,-0.0038535430801618768,-0.08790909960410936,-0.1316654243784496,0.030378138678361144,0.35457255236081503,-0.11465209858056086,-0.4275224089228953,0.07415081689048297,-1.970004812744952,-1.0980060159922609,-0.20042545758895602,1.0398987579005388,0.9978430800631337,-0.9978430800438387,-1.423312832071245,0.13926109463171038,-0.18968230234765576,0.30938140586028334,-0.6012000956484487,-0.2148139595208232,-0.9233499903803594,0.10414879129759019,-0.026135810471747584,-0.7774356691932562,1.6578235540774329,-0.2590133566820905,-0.7716524058855742,0.18175910615254207,1.0185766098794624,-1.7844056605263374,-1.1251978938609792,-1.555031968350928,-1.340121984653078,-1.3230649015122153,-0.9618391462591863,0.6260449242289267,-0.08957437746518947,-0.12327036725236379,-1.2916470458388156,-0.5968310422194643,-0.7086271030996741,0.1322335674000963,-1.0206104339348374,-0.16380852973671592,-0.34659683114029954,0.19523203853428575,-0.5788629232691376,-0.7384960045583229,-0.345701235029396,-0.21603409774237928,0.03523345630283835,1.1994087723598688,-0.5968310422194643,0.1322335674000963,-0.2899046112435301,-0.054563048432112425,-0.007513781064660434,-0.04439009793190431,0.02805155246594854,1.9495059383036295,-0.11757927025044311,-0.252507430858328,1.261742197508686,-0.31363952291197283,0.42160673520717784,-0.036003992539704655,0.20323916580960405,-0.23725581230647766,-0.5458475813913823,0.0,-1.0552834054221292,1
-1.0724833335220105,-0.9819336684652858,-1.0218755416853076,-0.5675094053633007,-0.5541484114637869,-0.3863140385513135,-0.3420999648879732,-0.296527140853176,-0.2923381212626923,-0.27940813618674387,-0.6569340892894107,-0.5162784978526579,-0.22964788772503938,0.20514368203238006,-0.7504742903779114,-0.7087983792993855,-0.7017214510980769,-0.7043192326044864,-0.7257271125480118,-0.29259836550620255,-0.7343996558538859,-0.2903534642817839,-0.8085267832549176,-0.06249790687320857,-0.041068302936067426,-0.2442101679578741,-0.31955155629002113,0.015510364939538845,-0.2930312476285108,-0.6468953569880772,-1.1374971627918362,-0.11880652295019262,-1.2849119955356016,-0.8354933183791001,-0.025342201537765785,0.23403524548642063,0.26734617062443966,-0.26734617323963866,0.27070355881309044,0.02578875809495487,-0.18968230234765576,-0.2973441383548838,-0.8549126562513046,-0.2026160347416979,-0.4591772631507407,-0.22448466135237888,0.2640835293823867,-0.7774356691933333,-0.6260014571900205,-0.5065166291932278,0.7355064779674675,-0.4230651106979547,0.47742483859040674,-1.2977772789230644,-0.5129303536994974,-0.8495089555228564,-1.3491903768907998,-0.8502069219848579,-0.9656360236366677,0.6870916772361558,-0.20711382744585546,-0.16622551470916413,-0.7768471578084332,0.6797735101891419,-0.3872944665171667,0.011173908877210226,-0.038649169938941214,-0.7203710339818193,-0.773932971830438,1.1405961530740663,-0.5696532903200228,-0.7384960045583172,-0.20219748454794803,-0.5287687561886358,-0.2232610999266923,-0.5448617205680483,0.6797735101891419,0.011173908877210226,-0.12480518913040559,-0.37531471358366075,-0.09424763032912224,-0.4044182781059699,-0.08655738186657407,1.2151594514244268,-0.11757927025044311,-0.9859396862645488,0.9340834909587367,-0.07923545711106775,-0.5677314277343887,-0.15938001914484204,-0.01990452582060303,-0.02363587943158421,-0.057790195601261564,0.0,-0.25536543939226175,1
-0.3466930868327053,-0.009826450834873572,-0.1912759049136354,-0.32532107509161756,-0.324324106102128,-0.08121645622454385,0.051841942600720094,0.0655935603139442,0.019859074603444382,0.07149635340012074,1.6895451938951096,0.7285778619971917,-0.12524093880311846,0.9628035658556201,-0.7504742903779114,0.30122559970615276,0.2996717214298483,0.2957361188899468,-0.29185512397725455,-0.04968708733019353,1.201018806282244,-0.08502998617860744,-0.3832079445193396,0.02584909393237775,-0.055458411377580646,-0.051168449336361076,-0.0860019660091411,-0.12037185599465085,0.31019049024711637,0.38201771946688656,-0.27391379406626915,0.08049821739392433,0.28324273781336895,-0.1253619999982917,-1.1974004107628093,0.4189961040659112,0.43604553066081747,-0.4360455329433992,0.9294952818493557,0.08561124275248289,-0.15735724050022087,-0.08736914814617269,-0.3769383806686458,0.3311365850236151,0.9303523013839639,-0.5674477316887044,0.5233590374949807,1.5088564496278225,-0.6260014571859062,1.0985973015938741,1.431295400449287,0.05334411496248481,-0.35258334274806846,0.6691017585275715,0.7496292315880745,1.2754490578596727,-1.2029438836581823,0.04219770458610903,-0.9303267705698455,0.7674878589348257,-0.09468877669136473,0.07681268823576473,0.6918976650412302,0.4984776911262261,0.35260322704845276,0.04036689227418164,-0.40736875960061253,-0.031599126489742564,-0.09563729921963217,0.4857220153884001,-0.5573865816613834,-0.7384960045583311,-0.030767894354355802,-0.6437101480577169,0.02500583817821246,-1.1362043723211956,0.4984776911262261,0.04036689227418164,-0.03891058303931399,-0.13165846058267047,-0.027177398336748582,-0.0828842989791377,0.0018313018602773331,-0.23850703743778193,-0.11757927025044311,-0.12896967319099764,1.0930872660935296,0.028338122854049474,-0.3252235422631151,0.020429052765098408,0.016314701325836026,-0.498615762186488,-1.7160823745898064,0.0,-0.4427354523095842,1
-0.34191281447652266,-0.3241230060233557,-0.2795295607019327,-1.2535927592775984,-1.2437303801504522,-1.1685732739075416,-0.2966933247090932,-0.24715789306335817,0.004249669395649548,-0.29045907374596713,-0.6569340892890776,-0.9266921167979227,-0.13685998982798947,0.5395109329157844,-0.7504742903779114,-0.01458015270981131,-0.014127121088869933,-0.018040220088803755,-0.25502042355073035,-0.14461736273018336,-1.4403146021061164,-0.5837627117241554,-0.2581478598363863,-0.5837661672592408,-0.08613931242328204,0.0315328987904462,0.01977850650253466,-0.0007912729646630741,0.07898585571929756,0.07566536299641274,-0.08745215557086235,0.033407326869578445,0.24908162209517715,0.47953105156191683,-0.076261346012709,-0.7630124360338402,-0.6702063625820577,0.6702063614593966,-0.2604897687814564,-0.12920749271782295,0.36072664992433046,-0.5989838067773279,-0.2616696809985241,-0.27190868854612393,-1.4242916742787923,-1.9683960114987513,1.4512995800924815,-0.7774356691932157,1.6640075389931142,-1.5658530367137056,-1.0428267407648655,-0.4304904528397565,0.6834174823456863,-0.05779608960974128,-0.14559523780043204,-0.829122319085361,-0.08183724456047214,0.6276562239000398,-0.1052299199295615,-0.9337775487609723,-0.11264603695523095,-0.07985407895557502,-1.1147985350810334,-1.0128675851007032,-0.04173000840363501,-0.15729017904384116,0.733955618117075,-0.24852588520803554,-0.9221415948983589,-0.4300893476625184,-0.4648254615061779,-0.738496004558011,0.05161424091140851,-1.1184137923308428,-2.091520442789009,0.5937180869428836,-1.0128675851007032,-0.15729017904384116,-0.008660297044464698,-0.9697471656162696,-0.40187583960358153,-0.15074727794084855,-0.217878130142583,-0.2014949640174899,-0.11757927025044311,-0.34539446770509896,0.441333723349942,-0.218842595211867,-1.2536011697370533,0.007586509111526088,-0.14825923793712298,-0.09357347454278474,-0.19627733700898675,0.0,0.6932870185587755,1
0.32299736331042167,0.462103397668587,0.46898756053726115,-0.04227666935080868,-0.04136621958424744,0.21798531750111255,0.16408833626341315,0.1667726320356657,0.07215791824959043,0.17286391849894203,-0.6569340892894405,-0.9266921167982761,-0.021441339651372123,0.5875482409126171,-0.7504742903779114,0.21036814136888746,0.2093126890976503,0.20534494231525569,0.358217554474997,0.17621795180662056,0.526278921489518,0.306097035269506,0.31639630610688235,0.07428457695156838,-0.008449452386835223,0.08951112097851074,0.09732690824052397,0.06073554813371996,0.8140521175639435,0.3887141949077333,0.27797811063222316,0.1403543131476861,-0.6443246321987459,-0.6072625013368664,0.16672203882035141,0.47039421830471695,0.4827377938679021,-0.4827377960266689,-0.945625825066893,0.07644791238453219,0.1886735074385158,0.3055546304530634,0.3327295705693006,-0.1455110107157249,0.21936164070818395,0.13672856088203705,-0.059432078436571355,-0.7774356691932169,1.7497789845118636,0.4869598205184778,-0.8657312058242016,0.1362654302327463,0.20067674811926353,-0.6394422928321533,-0.3052884670951336,-0.7258878600427714,-1.3533413959753355,-0.27016223504818765,-0.9486310510427066,0.025911276335099508,-0.028791613982837264,-0.3710448642492934,-0.6122647806507266,-0.8847218704398543,-0.19867833107804841,-0.030097568263033732,1.1988837578507026,0.35701353130262414,0.4868986631259518,-0.40058926207508877,-0.5841910038412734,1.549408255036334,-0.11514988520259853,-1.0695180970819493,0.06308942650719719,1.2147132344847764,-0.8847218704398543,-0.030097568263033732,0.39505464496538817,-0.028084344087775454,-0.0019607172618666758,0.12845557791561663,0.04125908757809327,0.6397417085718295,-0.11757927025044311,0.39519847170583106,0.3855584445968574,-0.09314026860097087,-0.04235896046811618,0.1163151524720551,0.027547895892083514,0.28578193216847475,0.45131410874339434,0.0,-0.49499613108287355,1
-3.737499204270658,-3.4728082510144977,-3.5785189355346936,-0.8105724854080335,-0.8099644823560461,-3.710874803419195,-2.44952127913952,-2.067386764098948,0.10904043158815462,-2.5297338974032466,-0.6569340892799233,-0.9266921167958485,-1.6322919324500016,-2.3465309187284045,-0.7504742903779114,-0.8749221247090995,-0.8659383254262218,-0.8680907638914911,-1.211017683730648,-0.9362336166558471,-1.87520569026285,-2.2559076502219715,-1.2860428889131503,0.0471815040800279,-0.5458559911088608,-0.4974078521077652,-0.6091684573763592,-0.5660153716115754,-1.577187547619292,0.9174869015963654,-6.956723576613006,-0.8535694189193349,0.9946488672697331,-1.0182524540803832,0.004649693640922359,-1.2685136464250009,-1.2472473440142509,1.2472473459282105,-0.22754816522958415,-0.23457274885003987,-0.18968230234765576,-2.3403316156081226,-1.1259424861124117,-0.36411397393707434,-1.3428208813078675,-0.36483721035675043,0.3758984232509282,-0.7774356691933096,1.6871496353377375,-1.6520366899576646,-1.8370052189399273,-0.6956813811463571,-1.0130938178142639,1.0390030430451842,1.1842055412537473,0.5124306801734545,0.0719013693266035,1.2381738507809383,-0.10808090167759989,-0.7070235904905608,-1.9357743352296035,-0.09621982899031145,-0.9554308567342937,1.2360527986639682,0.18936865828129734,-0.15771116607922264,-1.0206104339348374,-1.6209464820810466,-1.0249536639582415,1.773184283351552,-0.27655977956647715,-0.738496004557227,0.8057329955660729,-1.118413792330744,-0.6600206915266817,0.5294865695985445,1.2360527986639682,-0.15771116607922264,-0.2899046112435301,-0.28140919398193626,-0.14972741342455725,-2.1943654850543814,-0.013242445161435305,-1.0449772386868794,-0.11757927025044311,-1.9876175974966763,2.6639051442718515,0.055324718128818146,-0.8105996066456242,-0.255144638683088,-0.19458868727098483,0.022726441920720028,0.028573747629856438,0.0,1.2340253461586768,1
-0.16662116590913234,-0.03647374237788827,-0.12370352219461028,-0.6163249379295731,-0.6154835860672475,-0.46982594944120576,0.017661034065136645,0.017415050049065687,0.08084795820319624,0.030015962442681322,-0.6569340892893892,-0.27259540057371906,-0.4626825376002961,0.7517483514714948,-0.7504742903779114,-0.8999622931849752,-0.890682374355954,-0.8927652310665802,-0.043477687142895995,-0.6879927916397177,-0.7043486296410995,-0.37056909186325565,-0.07057471720390213,-0.12674739565237644,-0.07952157532918351,0.11135503268856743,0.11723290498619653,0.12284378894492101,-0.3252445285610588,0.07957143387848929,0.5023506247323913,-0.5405585883588341,-0.30503531391558975,-0.8672015784393641,-0.7187768114257519,0.5018185074442516,0.5115302715482691,-0.5115302736241079,-0.0388804019809597,0.08769202762968756,0.17475936831830538,-0.3783686624371385,-0.06530466697820322,-0.051750866146867,-0.3992053443894713,-0.45030997028104675,0.43709664016651434,1.4930281466482398,-0.6260014571905207,0.06011436534645336,-0.2651659431743216,-0.1990042034703223,-0.20469326019399245,-0.3094851649379348,0.33175181957249966,0.26847454244474633,-1.200063668993045,-0.19439308359601734,-0.9260480197989762,0.6754132381804353,-0.4313189611445934,0.5097893466965839,0.0006483821616458542,0.12657632082116435,-0.07600840135564642,0.04085143424662822,0.05340818316271278,-0.8526553244500076,-0.15887680310944513,0.34307145141670575,-0.5178977872058536,-0.7384960045582362,-0.07782264545258223,-0.19673259955455974,-0.1249442940476385,-0.22796928656016135,0.12657632082116435,0.04085143424662822,0.05905905082982632,-0.27227171714965426,-0.060674810415611846,-1.0797793988976492,-0.05909645999762729,0.34057810650416126,-0.11757927025044311,-0.1561405698932802,0.9013028241684026,-0.01948454251682752,-0.6163312924056871,0.012829006406056238,0.03472243010347657,-0.672435234419487,-3.736098896009917,0.0,-0.5270284419086505,1
-0.6787347669681626,-0.4550385916206602,-0.6723934589700818,-0.6612787233808142,-0.6604824991398819,-0.410686407050254,-0.12129900696863631,-0.09273183210619021,-0.07550287407349449,-0.12358563280691517,1.6954237419337226,1.1367355272568942,-0.025391133870217387,0.7897463340978302,-0.7504742903779114,-1.0887671537275312,-1.0771863330359186,-1.0787277050232735,-0.7661698820907977,0.2579820956501427,0.024424221116191056,-0.5081136047672433,-0.6797714989575421,0.07033906338374468,-0.0019430900656331718,0.057484539432800325,0.05250527014178832,0.058775592836902465,-0.06388456472808837,-0.6504020713740334,0.008074286248243951,0.44229937646268014,-0.9168222489422432,-0.5949576891740782,-0.1758248754335223,1.321284371817978,1.2401225700777712,-1.240122568575854,0.27791462300665887,0.49250680035292943,0.2657206223814199,-0.5228277750280808,-0.7140588378931224,0.41545426005335206,-0.047763872461492066,-0.9062366259161078,0.7542778670650137,1.4412699228878243,-0.6260014571891368,0.7317167663129869,1.301209461259102,-0.940569402451888,0.4260586849884588,-1.1137659509305229,-0.031062177857899855,0.06944163881884431,0.07608094525891893,-0.7982155670429358,-0.6118626041274363,1.2950609336094552,0.0023708462212244648,-0.29517982895998846,-0.1402098991460359,0.20597288137917308,-0.5106426472364892,0.346462773430615,0.19445534455350647,-0.5819196057645576,-0.710390164840188,0.5295919094776752,-0.5457933745376015,-0.7384960045583059,-0.16425971285805338,1.2912866023052747,0.09228024506849787,-0.9248821845241197,0.20597288137917308,0.346462773430615,0.31578790205725255,0.01883810689497836,0.006176557188568384,0.35087683378943735,0.07515852690875066,0.8790160940922338,-0.11757927025044311,-0.574324498265815,1.3947128641240247,-0.1107220935499144,-0.6610864763109363,-0.18373167604009127,0.34606091612050816,-0.22036061347883085,-0.49842043791159,0.0,-1.3030067799490017,1
0.22613919578193048,-0.09380594306258727,0.11480131680070699,-0.6562411867625811,-0.6554396348594717,-0.3582609147190304,0.01384800458525199,0.01412492501147657,0.045081641474552715,0.0080248668724194,1.673106149101299,0.4875615000942862,0.05780708008410464,0.4359538814028357,-0.7504742903779114,0.14818660958309376,0.14750857860019123,0.14353398912794613,-0.0966140521323922,0.1504603731627883,-0.6567578530856794,-0.27950990085333993,-0.08527660409022701,0.55647184574893,-0.005176635135502913,-0.03327667827074945,-0.06349938241252254,-0.014837580090668408,0.7562764392213679,0.18087925525714382,0.039874369916302166,0.15945161955632184,-1.4274715067803734,-0.885381946773038,-0.25188308794438535,-0.5105560224674601,-0.41680251251842626,0.41680251050455835,-0.8009788637551565,-0.07615423149373891,-0.18968230234765576,-0.28805208774415836,-0.08001464493710551,-0.2894691229396095,-0.5207297814287906,0.10745690042089574,-0.031095942866744823,-0.7774356691932354,1.7149370821360226,-0.805297173500037,-1.067819423563432,-0.015172490801943994,0.35808820101462446,-1.080358954333886,-1.1558790672840962,-1.5194971073160048,-1.2111490033786094,-0.9477867460636665,-0.8823145611482841,-0.21950896155926067,0.07148997477447956,-0.15230803643216048,-0.8856728671882174,-0.07971256002749186,-0.28247967171832855,-0.10871715920471052,0.9284169878598546,-0.04107548916887997,-0.6065669127588214,-1.1535623488747493,1.9508634896446038,1.4797282781381718,-0.19251757727584118,-0.029770599090917695,-0.12275505524792893,1.1023622241607616,-0.07971256002749186,-0.10871715920471052,-0.06594787632609019,-0.21747430230401701,-0.06827275243563406,0.2540330192532099,-0.010109017691145321,1.352793047847715,-0.11757927025044311,-0.10721026438105065,0.1054046585004617,0.11983779661468341,-0.656323326042909,0.03734848501673717,-0.1219497961399717,-0.2812562304579194,-0.679906538532365,0.0,0.45058580441418417,1
0.07751098643636005,0.216997803209391,0.09183628506732136,1.0843840663821422,1.0256677854639622,0.6520588110616226,0.14940197246983544,0.12312053069040231,-0.0001475646834273356,0.13306212893297376,-0.6569340892890975,1.6124746498505522,-0.25062121741804183,0.6489412789830113,1.675300213629247,0.6487588368925783,0.6458470230067023,0.6422057777014273,0.15691047814255443,-0.39094987975145845,-0.20125113560138977,0.39011560217444763,0.18404991987246835,0.11112959056400289,0.012792935851603385,0.026328836909546134,0.012973966035150448,-0.0024852958204868293,1.5471991898130988,0.21807447785111436,0.026604514595237758,-0.07076566773145246,0.23683634089566363,0.27275315308713927,0.3130023578032957,-0.08484798057499596,-0.02050774059328981,0.020507737862470808,-0.3293498816984388,-0.011254269753283513,-0.18968230234765576,0.37770177334259897,0.19683809295506446,-0.1234137216485978,-0.552099412633405,-1.3573949739157132,1.0468980852085286,1.394950182616824,-0.6260014571910024,-0.6747159505222324,-0.38010321181075296,0.3104022762883363,0.6194977135948062,0.2118210812448952,0.5889206293611783,0.13067819664588048,0.8336152800528258,0.48603269756465894,0.17019478276654626,-0.09370971046939885,-0.20549643086883562,-0.034992483708946344,-0.38549802525337823,-0.5037403015714406,0.07503030109619117,-0.08053772195800721,0.4043845622259582,0.16806335171420356,0.18640499263635257,0.24941964104168496,-0.4838323145217162,-0.7384960045581062,0.029336491006580805,-1.118413792330794,-0.15840865007706056,0.46862245176089895,-0.5037403015714406,-0.08053772195800721,0.09441537605396506,-0.23752447404598837,-0.06356865363866904,-0.37454254053855957,-0.024677800881350933,-0.18822019327756556,-0.11757927025044311,0.16402771391106882,-0.13742637710027664,0.06587207854664258,1.084560856264057,0.07366686583056167,-0.069912381071288,0.4388245950992408,0.6093466718758644,0.0,0.054014154139832474,1
-0.6259911983834262,-0.43316520480614557,-0.5019049763018403,0.9347589392059267,0.9340556572596301,-0.3055694811240907,-0.36291805126628457,-0.27305156536042546,-0.32746949183089435,-0.31951661059232894,-0.656934089288773,1.5668190600726533,-0.06925228756822917,0.6063105915795597,-0.7504742903779114,-0.6902979972675953,-0.6834269529204471,-0.6860723632572733,-0.26237935159881376,-0.05442248784947028,-1.4734318906655235,-0.1407294923776008,-0.3025996111517052,3.0042302880513887,0.05325051627837092,0.06268456033070417,0.06103661216705964,0.05226783817271363,-1.577187547619312,1.045483931339735,0.21115783647757544,0.10415217590205227,-1.7352086892813043,-0.982727538531979,-0.11108954242248101,0.28003322320126556,0.30902697642252075,-0.30902697897277787,-0.5537726478998453,-0.003822892993500439,-0.18968230234765576,-0.1426464767421095,-0.30798136608114157,-0.2915522945185913,-1.22362079152711,-0.32611261604197167,0.34663317181112246,-0.7774356691933605,1.6543318199706638,-0.788590492464051,-1.5674215287115858,0.03628089761143813,-0.19626972403666534,-1.2766975148811321,-1.2915494776870549,-1.6803409097877458,0.027901498977233045,-1.1594519384631186,-0.3409488214803716,-0.11392091397662325,-0.0635392199479793,-0.13276396507371283,-1.118599815111531,-0.8994312935899371,-0.38610663558780334,-0.0590117907527175,1.700350660516287,-0.5852568519556813,-0.40821656512769466,0.5181089102227223,-0.5541285336609347,-0.7384960045582807,-0.3348257838258595,-1.118413792330826,-0.11443096977091298,0.6919685558802902,-0.8994312935899371,-0.0590117907527175,0.2605961847035054,-0.12266703904636833,-0.026019334551457603,0.0047535699833963245,0.007506422087322456,1.6733190565945624,-0.11757927025044311,-0.38196957836110307,-0.9405683623575232,-0.05056682136332608,0.9344977423026843,-0.026212794290366714,-0.011466900330918453,-0.12664964814344143,-0.2674826490563035,0.0,-0.301704341822415,1
-0.025153820327174566,0.11887413945276214,0.025987730672723405,0.8130076673279831,0.8126046878870753,0.24304254881848555,0.09111246256476327,0.0848972141039332,0.0023345835718234544,0.09994930398791434,-0.6569340892890648,1.5604050898973805,-0.2768050241406116,0.5683275054033254,-0.7504742903779114,-0.13009516283644051,-0.12872320658183906,-0.13251322386347164,0.07390909465925112,-0.489651518946142,-0.293856615183179,0.14632730577244032,0.046694758567765664,0.027353162360403468,-0.022133277471046257,-0.006536705214843449,-0.029501440762860896,-0.035206287648552576,0.4769728650753827,0.22747498239467087,-0.052440749187849835,-0.20477997913047136,-0.37929268291274265,-0.47604028109739566,0.8789476945930562,0.26396327334392294,0.2945517236791589,-0.2945517262532862,-0.4649309595786979,0.0291987472919121,-0.18968230234765576,0.14887383865939274,0.05719914229308813,0.042125443820814165,-0.3408119110091958,-1.3424490593227743,1.0390870099947407,1.1703414018664726,-0.626001457190901,-0.17185008705639493,-0.8646148930223826,0.14156241826239427,-0.302110138988446,-0.3984315738805783,0.03062350980144891,0.23637188516027896,-0.6208599772485398,-0.4576548212792228,-0.7659503504566122,0.7370752077259008,-0.2602132548072879,1.5863402058593918,0.2602712558564389,0.7541811612491365,-0.11391678854640602,0.019305218324839835,-0.4627852348301428,0.08654472344495265,0.09212284208138069,0.4029602993653114,-0.5080114961345601,-0.7384960045582515,-0.08809610302556868,0.8406106377836245,-0.2925686348379579,0.24520352299752884,0.7541811612491365,0.019305218324839835,-0.1426725089294222,-0.4357316576514422,-0.10971444278509974,-0.5532353164553656,-0.11261901669307285,0.4069141683275853,-0.11757927025044311,0.0628196247517438,-0.7626733911221466,0.0029159027338997254,0.8129818925736978,0.0578403842233429,-0.014451292674312777,-3.955887189820605,1.57432442488343,0.0,-0.28550609341322,1
0.08597067851425262,-0.11916069255724406,0.07411025905493307,-0.28557380546391425,-0.2845746603834799,0.07560323164236253,0.05880717205788379,0.04399394786544055,-0.0013855255643006805,0.05224543981215618,1.6423637045478137,0.4164356502982718,-0.08258687541558885,0.6130232827250994,-0.7504742903779114,-0.3387435682195226,-0.3355062349032561,-0.338953802816648,-0.35099438358050894,0.18089795394253472,0.9599776342562392,0.22693575699583984,-0.2327784253741355,0.19791445577733982,0.4751954139932068,0.07221493194059131,0.07385443189852305,0.07012080498953656,0.05298656891089366,-0.04139317928308591,0.17145192251276298,0.1569354127116662,-0.8912611149934094,-0.5212303834663211,-0.31142970692792404,1.0624210663645315,1.0177179405645054,-1.0177179404338217,-1.1918549784651258,0.18324574653020903,-0.18968230234765576,0.23056223643178184,-0.2354637790154795,0.25491938834611994,0.5428387547081844,-0.5951113087888978,0.541862662746138,-0.777435669193277,-0.6260014571908461,1.129955071970148,-0.9944271952395976,0.09701452459012506,-0.5780482602143424,-1.0926594069501903,0.47227460494669465,0.14151571533131263,-0.44831677059974256,-0.4738583625198982,-0.7755661604687073,1.3379422651087858,-0.04765816072790742,-0.2177288665903577,-0.7167650340361718,0.7089835832257305,-0.43614682547702943,0.2523039371665539,-0.2708956759157012,-0.12164309401306442,-0.28061868985458954,0.10564466583998001,-0.5748226549947446,-0.73849600455832,-0.14319623769943748,0.435953237582931,-0.05594667570102017,0.8744495359847259,0.7089835832257305,0.2523039371665539,0.010645367968430752,-0.2901812216777066,-0.05524079134218048,0.11735490427833013,-0.11410498956396081,0.8563029052060429,-0.11757927025044311,-0.1940746275713377,-0.2932067081853564,0.24020029065368145,-0.2855655851541716,-0.020268267950332357,0.2128302898835725,-0.5147616844036214,-1.8345051061811004,0.0,-1.0760052809780525,1
-0.3967900888789599,-0.48242609956183635,-0.39370551094421985,-0.8399571478083758,-0.8393929572185146,-0.7860169989702298,-0.17175324895281358,-0.12483054138933738,-0.017766122234117623,-0.14242495069328834,-0.6569340892892624,0.38510305354577634,-0.3058548955476647,0.38439793537700456,-0.7504742903779114,-0.06477643487828791,-0.06393501525828925,-0.06780169676489756,-0.6099343394846698,-0.49929855554702485,-0.33604271910920225,-0.9544096368351107,-0.6497894999020599,-0.2479312872135583,-2.2008311198108537,-0.11067087175777375,-0.15962409950271694,-0.15988762912628188,-0.022953922129761415,-0.16050721683276478,-0.37272265350190764,-0.11276397487721752,-0.6209231645688399,-0.2835714105227774,-0.06264511560708987,0.15105321614334755,0.1920837151665386,-0.1920837178690305,-0.8529664198645105,-0.009320256684618585,0.44060547212105183,-0.9130096509314489,-0.6120719964000707,-0.11266568399732779,-0.4591772631507407,-1.1194996738977845,0.8911010068832896,-0.7774356691933096,1.7299238334792604,-0.43434637117885333,-0.9932508008348296,-0.20955715362559477,0.19885891329847188,-0.6439219559072717,0.04081315544278723,-0.4431695908228668,-0.8079420151297333,-0.189926949363834,-0.782583348990399,0.3243178046474677,-0.26879265652531803,-0.3542123144326571,-0.7730449850001457,-0.05480404193273755,-0.19210804410601243,-0.030662900599929648,0.4579246370622589,-0.37828533379705676,-0.9029814147520476,0.1344582046185208,-0.5421315729999112,-0.7384960045582459,-0.12218493964591641,0.6090325800882566,-0.309059608598014,0.9815788613995311,-0.05480404193273755,-0.030662900599929648,0.05646024097533888,-0.44502702266108307,-0.11676032762284418,-0.5606742460243681,-0.10854111595988179,0.6192553078750913,-0.11757927025044311,-0.5092923646055552,1.1195476100474497,-0.2915560863167894,-0.8399748880698682,-0.04665162839235649,-0.03425961464879228,-0.06427193516602468,-0.1365544114423492,0.0,-0.17263705486476633,1
-0.464321184417454,-0.4149918642528761,-0.518918618245038,-0.8345370809190971,-0.8339646449883621,-0.5341961892163857,-0.1618476990175555,-0.15847036881840232,-0.08440232884284866,-0.16333281573905795,1.6912853404174875,-0.28514240069630176,-0.35244622313719076,-0.25924278306194876,-0.7504742903779114,-1.038944774323907,-1.0279824589791855,-1.0296693591857484,-1.0515057082741055,-0.7657020142400371,0.1579490864045688,-0.7922540274392433,-0.929060918092364,-0.5165546341140165,-0.12075919865200464,-6.6259082751880545,-6.37864431867129,-4.555349985088311,-1.4771017005330898,-1.3359298859966204,-0.2856226836662087,-0.6276216348028005,-1.2836904248480447,-0.6215867164750354,-0.10277172578013398,1.0235034256871138,0.9834454087581423,-0.9834454088183575,-1.1297891288730164,0.09830148956668164,0.3446871686410125,-0.682435992064499,-0.7968571705940158,0.12295145183634516,-0.7827864691757886,-1.0308179867044998,0.83578965015624,-0.7774356691930406,-0.6260014571907158,0.48017925933819305,1.3807935622648748,-1.632790482402986,1.4216857261677573,-1.6539344806250922,0.5603755972016975,-0.193320479026515,-1.539337712844325,-0.5367206398147965,3.2731214127505392,1.577749585799843,-0.36690885082336033,-0.11538171906879084,-1.601755636623744,1.4759899846922084,-0.6538750365035229,0.28040356215335116,-1.0206104339348374,-0.5953234886547897,-1.1273999859672512,0.8837069123173542,-0.581132471323658,-0.7384960045583031,-0.18795366384114698,-1.1022416093792502,-0.6524854954173546,0.5466934983016397,1.4759899846922084,0.28040356215335116,-0.2899046112435301,-1.3580561521837153,-0.2922148574445373,-1.0217046402440795,-0.8758642173717929,1.2138877842611981,-0.11757927025044311,-1.012020423612665,-0.5288724396827202,-0.10567983131208582,-0.8344438471485367,-0.2838901426538004,0.19641387212090544,-0.15479932372491842,-0.33184845204194957,0.0,-1.0400857942186217,1
0.41815685930199825,0.5148941069008759,0.5313671021116493,0.08349597327803678,0.08430588476732392,0.43117231905580966,0.1933043526662188,0.18584657139844965,0.06620912852799249,0.21803860973452352,0.5496849722960763,0.5320165476624303,-0.40273963443811706,0.08891770322884154,-0.7504742903779114,0.4608809601930688,0.45859829920504575,0.45477034870800964,0.5563533891920345,-1.0535682620917217,0.5562558534482004,0.533105429898108,0.4623773096481494,0.08577330440475067,0.0006900143437911397,0.12074079187503545,0.14029097896813297,0.14319827837879795,-1.5771875476193045,0.7577528205898243,0.4003723797488695,-0.24676232003241527,0.4000400251113173,0.4705709543984309,0.10750563530249194,0.7377852268620568,0.7268623450139006,-0.7268623463178164,-0.20506667922502025,0.20403340217148133,0.013907350749965398,0.5412033130692658,0.4618473097612153,-0.05256037846905159,0.1782487238559422,0.17132669117143706,-0.0959996431484829,1.6030136335240748,-0.626001457190776,0.564998217782814,0.46616776891225736,0.43476863474863026,0.9295813219417938,0.47818519006789806,0.729319629661303,0.44873053593175005,0.5858537928335396,0.5318797301588734,-0.031673581066181164,-0.029568413543655463,-0.2862261651227343,-0.025825861756966592,0.047915403110543764,-1.132108612090066,0.3520726993939411,-0.005807808656701862,0.934560877648735,0.34986294858350664,0.627818141957083,-0.9983354497203952,-0.503298556224207,-0.7384960045581747,0.03474973070257571,-1.1184137923308803,0.46753729537572736,0.31520615910040456,-1.132108612090066,-0.005807808656701862,0.656590020992805,0.5362322867018409,0.11512244096882036,-0.700961360319248,0.2645351013122352,-0.3674339975520309,-0.11757927025044311,0.3880495428926707,0.15885097726921704,0.14677135603441674,0.08336833334981594,0.12337853185535057,0.09651724007721729,0.18970125354943554,0.31822018605375213,0.0,-0.7647174267191412,1
-1.0792725849655875,-1.1536923866707727,-1.0506792881794726,-4.187219462115695,-4.202073021695789,-3.5034735187350456,-2.1484858184579894,-1.8224769950272994,0.1422137479566107,-2.168920444339924,-0.6569340892831853,-0.9266921167939979,-1.8619953239820013,-0.6771249050714006,-0.7504742903779114,-1.0349787496689042,-1.0240653285904855,-1.0257637378531095,-0.44512140094246594,-0.4583198485024417,-1.9845430700083744,-1.0024627799207833,-0.42146497668533317,-1.7829927339620886,-0.02927338876322097,0.049751753916613406,0.04379182344708462,0.04298594993174292,-0.08001820121166123,-0.38161735491587156,-0.18379292293650212,-0.2772859773315051,0.8589156734801225,0.6190669834526433,-0.002804645587201304,-0.6952491735416535,-0.6005426583113465,0.6005426569137866,-0.5915208472459198,-0.10598076141961858,-0.18968230234765576,-1.0334449478670955,-0.4358460981698264,-0.2993955214334985,-2.039617377125937,-1.5500528364045227,1.1693524919376121,1.1866703151020441,1.0501100446242724,-2.063314548525678,-1.8072128262083595,-0.7382053960282813,0.29509285986794964,0.007380724633442406,-1.109149387450488,-1.3342069411291133,0.4849064077483662,0.7145810216539423,0.9188355374273716,-1.7180473855841707,-0.6474373600753623,-0.016306617001934212,0.8630073603439821,-2.002330233648436,-0.02295050218291052,-0.19533677831055551,1.645710653225931,-1.3581545666572497,-1.0949820205694778,0.9664463641000097,-0.35575877942008644,-0.7384960045578629,0.44141374545339535,-1.1184137923302382,-1.0666681423593758,1.1481676953319224,-2.002330233648436,-0.19533677831055551,0.22804566235677898,-0.23010439390359558,-0.07970122056759202,-1.1113166020131808,-0.01046223157675194,-0.890953337127507,-0.11757927025044311,-1.0577971349972963,-1.2892915283516313,0.050944496307685404,-4.187013198315698,-0.11175835632989603,-0.14144543829270703,0.01099244226352142,0.00687735944535239,0.0,0.626966715081144,1
-0.2878439253881503,-0.555992251795829,-0.38568581439237176,-0.639740127184988,-0.6389216009711461,-0.3621478347021927,-0.03964357547667479,-0.06262691646150036,-0.00745066124759439,-0.07022605549670154,1.6826729449143873,1.0415635905347198,0.05342628176737346,0.4504074763939997,-0.7504742903779114,-0.8062467968617455,-0.7980636788306619,-0.800403831480946,-0.5123480272671368,0.21830355545488914,-0.05104464610307369,-0.41482491040134106,-0.3768363215116729,-0.14063137255771707,-0.1975042325395097,-0.016819695063525417,-0.04263052218874472,-0.04876413853699373,-0.19696543700273075,0.26165303209614904,-0.3888413668780305,0.15504784050789516,-1.4361213809762037,-0.8039166142633525,-0.04171116327550345,0.619250727038495,0.618878732258966,-0.6188787339827178,-1.3311853259059307,-0.02937123728470914,-0.18968230234765576,-0.4254667311715691,-0.37172255617139255,-0.14577918861379488,0.21936164070818395,0.30352256391115034,-0.23607451169399635,-0.7774356691932157,1.7362402433024124,0.7103366737145654,-1.0979383084395693,-0.013755227409606973,-0.012667119907617952,-1.3323892907726858,-0.9110612106168763,-1.140857004553362,-1.0844260230540004,-1.0711434830979043,-0.882970196950497,0.46819099268201686,0.05140720955364047,-0.16627438398637573,-0.6558980408718721,-0.41618968711092397,-0.44675533443163606,0.03343925574371609,0.3350856575371489,-0.6097051902042019,-1.1234248549308137,0.10662964811465613,1.9593498458236018,1.2562637207056888,-0.1705479645607094,-0.24583838849276388,0.042301015051777864,1.4692015463176475,-0.41618968711092397,0.03343925574371609,-0.03658212271063646,-0.06749715388679962,-0.010965493639206639,0.4224684950653462,0.025122395738375613,1.3612378216256034,-0.11757927025044311,-0.5847401046329799,-0.6192587627908539,0.20341059702364148,-0.639605237121689,-0.09321661083496674,0.0635806416185857,-0.06891636466152153,-0.14583590340020583,0.0,-0.64603536298799,1
-2.4746697942135945,-2.3726937703958746,-2.400056443631242,-0.8363440095947692,-0.8357743142554488,-1.0073113772774778,-0.2532196896421733,-0.22526471576827586,-0.02064955908843278,-0.23519301654470193,-0.656934089289049,1.4937893043420651,-0.7219377945652029,-0.5014684491510476,-0.7504742903779114,-1.280143724306217,-1.2661163888569138,-1.2670844040176137,-2.3610180053927037,-0.9484413963922631,0.7508072915084391,-3.420930505172357,-2.1873018306902696,-0.25782433197043914,-0.5017293702522484,-0.4166694904974406,-0.5183490857928332,-0.4558866414908265,-0.9765552681054825,-1.900801329546907,-2.005687008370903,-0.9716621760930424,0.2908106169521659,0.23607217410049325,0.0016370053822596712,0.7330822334479054,0.7225291120330256,-0.7225291133550159,0.21923757162575677,0.01697328668618138,-0.18968230234765576,-3.565281426098044,-2.4073422350631146,0.5074513022451619,1.314898745384323,-0.1936255137582768,0.24026486513004747,-0.7774356691933435,-0.6260014571868628,1.0129775833649517,0.5013841696186024,-1.7540173358270768,-1.0563333123608638,0.6801009905974418,0.9313514343583059,1.2765970488946647,0.3418850170818047,0.16554458928312044,-0.4003259156416539,0.7576577238172812,-0.6711009544467856,0.051594334539108846,0.5547406315386558,-0.054596206379639405,0.4746433938110268,0.08606962298894426,0.0013506518364831967,-1.8305995415379452,-1.1293208022485473,1.9265218569387321,1.9600275074196964,-0.20108379827342704,-0.06298227172610603,0.3968579828530905,-0.28033642504208617,-0.5253608514804459,-0.054596206379639405,0.08606962298894426,0.21605960586036424,-1.6253732180310196,-0.3863410290041394,-1.8579848825476166,-0.8754244423553623,-0.2467582062205491,-0.11757927025044311,-2.404816726268907,-0.4681025029887227,0.04190736873290411,-0.8363146668910949,-0.7487338428159912,0.09512935527308977,0.01801420347082001,0.019862358075443683,0.0,-0.7600475475240724,1
-1.002742114357354,-1.3047004895685723,-0.8995674882899602,-0.6873493508961861,-0.6650651816855014,-0.4571194572316745,-0.721765266770715,-0.6033672019527804,-0.6466294662976646,-0.38364041920793784,-0.656934089289422,-0.9266921167982761,-1.0936179199070502,0.3932144524342736,-0.7504742903779114,0.24553165440201935,0.24427591815317182,0.2403177008463747,-0.8396832052530103,-0.9118285144277505,-0.8914669196395816,-0.31210980801069965,-1.56684090062262,-0.16925441797876986,-0.07918536388391662,-0.0899634534303898,-0.13419869791256828,-1.1722194942245556,-0.2158014061192834,-0.14330761315082066,-1.0224565588225192,-0.3516435415759359,0.8207199186179507,0.8216280355685047,-0.015308558432353158,-0.6988671677981473,-0.6040169944895404,0.60401699310517,1.6401840584045684,-0.08936227336806377,-0.18968230234765576,-0.3182237167075985,-1.633514911014451,-0.2529558599133039,-0.9960220647268858,-1.4639470535497987,1.1164134657636424,1.4750675549869166,-0.6260014571873447,-1.2010568260049352,1.276004977769772,-1.0883295276486633,0.24876276853328874,0.3580999887729359,-0.06359297646388237,-0.5269310148084007,1.1353028033879575,0.9295251149679159,0.9885323594338464,-1.1869525416590474,-0.6425287321173487,-0.058063563286155966,0.1797146366689098,-1.4274672918726523,0.06932554774853375,-0.1689659225113041,0.9387842485893727,-1.1031502499249515,-0.9368303829247104,1.2770056382727233,-0.5082697998829285,-0.7384960045581747,0.08425683256373706,-1.11841379233067,-0.05022229712555255,-1.388949386483042,-1.4274672918726523,-0.1689659225113041,0.1179068556112173,-0.12581607666461186,-0.03867292777359603,-1.1011211554513016,0.01624949703181787,-0.8472841813931216,-0.11757927025044311,-1.2330232980873688,0.20845666718408642,0.16197908345981918,-0.6874857620472998,-0.14526369662498992,-0.14181538085581238,-0.0071503880589003695,-0.026818070421845887,0.0,0.6305003472629559,1
-1.93827353659032,-2.4753593527160374,-1.9756958849508957,0.03416267142545679,0.035015845672296604,-1.7400482870130736,-0.9297485705388824,-0.8360360031089937,-0.4112897977304344,-0.6803060824185482,-0.6569340892875731,0.6983071083495351,-0.24316928429708565,0.12834908754543442,-0.7504742903779114,-1.5919060905313422,-1.5736731314905477,-1.5736706283891564,-1.9537806927765575,-0.34772612718155343,-0.6862323889223411,-2.8316848577114486,-2.4829521963887147,-0.11434077650981402,-0.1750969595421754,-0.3203318421224825,-0.4082019523002466,-0.2858646206432867,-0.9289325943672537,-2.417998888768408,-2.600107875474933,-0.34638462416563015,-1.1373684002843778,-1.0652584013051305,-0.005582813371248582,1.444164038274085,1.3410794889398343,-1.3410794867430587,-0.2549219412115724,0.4350171541422113,-0.18968230234765576,-2.944845017368568,-2.7474437110751535,0.275028053427672,-0.48975581715226013,-1.4872213124690934,1.1297534304247232,1.5238572808595905,-0.6260014571899183,-0.3648196638908751,-0.6958518773472576,-1.563672392887204,-0.9838653143465328,-1.4526254505803597,0.0687436740334635,-0.03865211606350145,-0.4918228166962291,-0.8337427965066163,-0.8015747438531908,1.5186954313293906,-0.21923886918809038,-0.20230217451134963,-0.4953388566373469,0.5175482131107022,-0.735962614422479,0.46151370745478404,0.08625717555086071,-1.8379048219454397,-0.9054700686053487,2.0541094577980066,-0.548405425237025,-0.7384960045582933,-0.19986995401781868,0.7601583686550931,-0.15903769521378378,-0.6061865219524631,0.5175482131107022,0.46151370745478404,0.28290140443437856,-0.3576434731871614,-0.06299112218612819,-0.5551543286307654,-0.2403664435561093,1.077627731738239,-0.11757927025044311,-2.4661410218309605,-0.6760520109454091,0.02722759003370204,0.03401853383080898,-1.2731849287493913,0.4282791966148332,0.005985943102148815,-0.0023934919949162043,0.0,-1.4025111815174027,1
-0.44314608127909294,-0.5656595766180135,-0.4445680685532827,1.3805625075420378,1.3785496157661576,-0.9935062877122225,-0.23624889377201486,-0.2243815859202056,-0.0075450485481621705,-0.2546560870651285,-0.6569340892880472,-0.926692116797768,1.457675749634619,0.37995477046295956,-0.7504742903779114,-0.6170790726392877,-0.6110094049377647,-0.6138388527704514,-0.3831296081676293,0.7435611255722092,-1.1566737373964007,-0.652588794247096,-0.33863443517503505,-0.02539791810539942,0.021029802540966477,0.07699977689830358,0.08032200110322975,0.07892189632462508,-0.6740676517459558,-0.14729115289354916,0.2812786404440779,0.8037516898754913,0.7319432486523552,0.8264261966182008,-0.03072315793334035,-0.5219277363465603,-0.42756207022241505,0.4275620682400901,2.0868433737113765,-0.13871098173037077,-0.18968230234765576,-0.6728902206078436,-0.3470388070800565,-0.14117477961281455,-0.8876118710600448,-2.2317117797380055,1.636421411761571,1.1666220660138704,-0.6260014571903424,-0.9253415321952478,-0.9420235863099793,-0.36095146577804527,-1.66054099146089,0.4286324035927209,0.3502468383075963,-0.26852821771585494,-1.5220355448206326,0.9642823690924793,3.273122794704995,-0.9363178768766156,0.807954025779767,-0.07935374273357283,-0.5262358844438677,-1.2588195075557316,0.10438422816081985,-0.15158676732107101,0.779945461947223,-0.9954668412862434,-0.3513543215351547,1.233636535669441,-0.5163758741974648,-0.7384960045581661,0.06106741167225059,-1.0166464248380085,-0.041299982815224734,-1.7106513147976246,-1.2588195075557316,-0.15158676732107101,0.12346265445998529,-0.13705082690310552,-0.03963978692783946,2.043152065831255,0.011906306229431968,-0.7454488370927814,-0.11757927025044311,-0.6628511263278046,-1.1619982686309636,0.06237405821436938,1.3804304799732534,-0.04860032678792374,-0.12318997201450656,-0.0363350708610184,-0.0819842691323748,0.0,0.4612699789634423,1
-0.9153010276172293,-0.8170302039282425,-0.889328005611154,0.026784728727922917,0.034032595314341184,-1.5131367683977666,-0.6180721920136576,-0.5445736418520767,-0.18573761350052728,-0.6280473689744487,-0.6569340892879674,1.3866309907379102,-0.05559510805708468,0.338879624205107,-0.7504742903779114,0.7428207548808605,0.7396823989281451,0.7361512057794445,-1.9273236279580233,0.20895781612062983,-0.6051007734285575,-2.30500602643717,-2.1542766495332426,-0.03527553592045746,-0.2175958354523697,-0.7764360442029165,-1.2673223021068958,-2.143218516364306,-0.08001820121166123,-0.18036025290824217,-0.86453407913686,0.11658662541090725,0.06585475779129395,0.5748759795366599,-0.04677138453316688,0.24138650460442113,0.2741555128720287,-0.2741555154774155,-0.23487856723591105,0.0677196153219854,-0.18968230234765576,-2.282516415536102,-1.7461320504460827,-0.2695572430047715,-1.3428208813078675,-1.6301688472682954,1.2223567683954175,-0.7774356691933605,1.7121557359202213,-1.2397461805841303,0.24633553383783086,-3.034953645258953,1.4422534096397488,0.01911130315092588,0.6715717169849843,-0.017483025636257702,1.7959949593304976,0.4936584775426431,1.0819854462592302,-0.026267539774314893,-0.04943109301368319,-0.07333341428211061,-1.2071743717435208,-0.7520857301428618,0.03455955885681699,-0.05441578817999548,0.7441393224675631,-0.6143098532051708,-0.7966717449051711,0.9053931010976531,-0.4157825575708165,-0.7384960045578502,0.05691335342186302,-1.1184137923298556,1.0459880619956559,0.3432824724727044,-0.7520857301428618,-0.05441578817999548,0.27009988625587694,0.611717495994805,0.1549809932963856,0.043795923442357915,0.23555233614017757,-0.009582315665877444,-0.11757927025044311,-0.8302365940426056,1.483724659782196,0.05711366990197025,0.026553565740483478,-0.12255375918388851,-0.018576237615148213,-0.058437934724301116,-0.1249858633762714,0.0,-0.26277191344061734,1
-0.43121829375179993,-0.2453516089021101,-0.38782635629167256,-0.4776235394908989,-0.47528141763083187,-0.07509411307504568,0.05839006594758905,0.05941995647821954,0.02488039815513612,0.07205504625220643,1.5830797893987503,0.12704079074562477,-0.10477007283230917,-0.2718014503845196,-0.7504742903779114,0.35690899883721616,0.35508001611820184,0.351175332237461,-0.45009148526536397,0.05888557163991582,1.549700980316179,-0.06433882574452916,-0.5279714884435701,-0.014019777301242216,-0.05370745411491228,-0.39804130206709626,-0.4972109502255464,-0.4627219142235676,-1.4465067389453132,0.3639553022246725,-0.30290401073495365,0.13299912371505102,0.15264884175814863,0.0347104337317507,-0.08346643224010007,0.42645488899754697,0.44272979482777836,-0.44272979709345356,1.440522934443874,-0.00536054038207779,0.25075688641482174,-0.06548226355820824,-0.48177623919467094,0.12367722011048257,1.350536696279799,0.23114533020931397,-0.15700280064065217,-0.7774356691932967,-0.6260014571745138,1.4073800361206086,1.8199199739177618,0.07710881449059227,-0.8486921776988429,0.44840273995592395,1.3296851442767765,1.1688122406516737,0.677108672756017,0.33971955064887527,-0.2437456389704753,0.8675445621957046,-0.07117303376341741,0.0011394883394410748,-0.13984630297695314,0.7542688792042092,0.2463004081355128,0.05238383605211416,-0.8763855663973252,-0.17422781486192468,-0.30081088058232025,0.3190455451844958,-0.5830559938409301,1.5533495889798858,-0.058509998202152455,1.0231013390238999,-0.0826232981377864,-1.5074334802957086,0.7542688792042092,0.05238383605211416,-0.23444750844262063,-0.5481368152014264,-0.13305209864145182,-0.00975855671018181,-0.17581036603995875,-0.09890761534395041,-0.11757927025044311,-0.25259691275292934,1.0919948004398625,0.06414602018546237,-0.47776411206096014,-0.0049831460118981786,0.01790339401825124,-0.09830697133613801,-0.20620362526926778,0.0,-0.4502867087492083,1
-0.05823048576753087,-0.040259904593376895,-0.026083721247525515,-0.16287858318650034,-0.16190277955474455,-0.07866997777359688,0.03436609418718885,0.028099044823119552,0.0030042905856101443,0.03216431364837551,-0.6569340892893807,0.31918329204224855,-0.2066464244264199,0.5038863093511974,-0.7504742903779114,-0.4033783224580733,-0.3995156868704985,-0.4028333378617831,-0.21584181480377906,-0.3573254400127556,0.22084620816827416,-0.07812083415452675,-0.17789281576969798,0.020168923048900028,-0.0550025977885328,0.02590205290110065,0.012416948074114635,-0.009102538094948593,0.45099023679792716,0.0357034749270857,0.09378529289931548,-0.06367329933511778,-0.9131254903996364,-0.41119693119340833,-0.6156506214182725,1.0927904730455225,1.04430867245501,-1.0443086721723533,-1.0567138454405085,0.23547777830156053,-0.18968230234765576,-0.07994126850790421,-0.1774888871710694,0.11855194685253571,-0.22875178478122557,-1.0040962248003604,0.8162192034147768,-0.7774356691932889,1.7371078785304137,0.5003880697963118,-1.121288393723226,0.06068351897372345,0.0052849517151800345,-0.975659022813897,-0.05843955588563877,-0.4156660335763724,0.23494114076806785,-0.5183513649217768,-0.445042363851935,0.7250009446731531,-0.1685624287987608,-0.21976428591059616,-0.6629827526378199,-0.5074830165554461,-0.38935263216383886,0.16113143065539245,0.9449627829424306,-0.15934526817292213,-0.21560509516155232,-0.14445330230287948,-0.5488849730874944,-0.7384960045582739,-0.16169895257296038,1.594465646736893,-0.09623878099921618,1.0581848299880539,-0.5074830165554461,0.16113143065539245,0.5609094706835559,-0.23001478669821113,-0.04251265822943026,-0.3379400627294992,-0.07899556490101522,0.8756862758548297,-0.11757927025044311,-0.11592824939258334,-0.6840584110176046,-0.21017730578176178,-0.16301174176933117,0.0010800606004185542,0.2262168494668686,-0.676987105707204,-3.8246518606842765,0.0,-1.1037482842990307,1
-1.199197916953427,-1.079595598338975,-1.1692990497275688,1.3208894938792242,1.3190700521902794,-1.2487886910050243,-0.5995820698921941,-0.527599751245598,-0.2941544194272757,-0.611880317384031,-0.6569340892877766,-0.9266921167978244,-0.5171818869290083,-0.40773320659758644,-0.7504742903779114,-0.6590264587944024,-0.6525003356315069,-0.6552252443724179,-0.5648255795769107,-0.3669281875578991,-1.4967858576128972,-0.5913758398156538,-0.5173056310707916,-0.04089996721639529,-0.11032351261228814,-0.24696904214663415,-0.3227926767790196,-0.30975044397183005,0.11421569596787783,-0.3011319212267768,-1.1864257163381235,-0.1856767918065018,1.2661415566684777,1.0134759728224938,-0.003587727038626826,-0.814875839042582,-0.7246986862571616,0.7246986853644813,0.4270704914042562,-0.11254041814079341,-0.18968230234765576,-0.6088154369790802,-0.5403064772530914,-0.1164284156602547,-1.0702900654803547,-2.29758962624704,1.6843154334233583,0.6683910648747652,-0.6260014571907858,-1.4195327174247327,-0.6655647818906262,-0.8042324233561613,0.041044520699380235,1.5969718651895621,0.7666966013794511,0.9960423146940932,0.641870261751709,1.05768197722041,0.31442768752096745,-0.7524364563489554,-0.4197414913763928,-0.029165443892905245,1.205752566519554,-0.6223602571972022,0.42087889763427855,-0.14910364239905527,-0.24799898548143337,-0.7493725707000557,-0.5955158099470149,1.3033614816492665,-0.37916791664203675,-0.7384960045579438,0.49051495633001646,-1.1184137923307722,-3.0977401795954758,-0.2615894641127747,-0.6223602571972022,-0.14910364239905527,-0.09682694531153356,-1.8658065924301217,-0.8374474016715734,-0.6793829448630438,-0.4984298351736171,-1.3432907270896504,-0.11757927025044311,-0.9699533345811262,-1.259233297515737,0.06813133221400693,1.320907948979624,-0.08980059129249739,-0.153354538843378,0.009776780225066775,0.0046275418815417265,0.0,0.744673983100863,1
-1.8571147715352807,-1.8244500755974513,-1.90559234929526,-0.969411316678185,-0.9690657079763391,-1.351689856749734,-0.32977277967688073,-0.3123171599207026,0.06747969163220485,-0.3651839909800961,-0.6569340892886989,1.4791047110302131,-0.5928946248741389,-0.35820667220303926,-0.7504742903779114,-2.0142606060985417,-1.9899490561077025,-1.9885886766430267,-0.7965566418295346,-0.7122593566463348,-0.8900733897810801,-1.425135831072599,-0.6604946346776681,0.16306666869273476,0.014430017053275271,0.07997127811629443,0.08434876795208661,0.08217222234057965,0.4665494816537865,-2.4981502791567283,1.010720063880219,-1.1018714064485868,-1.0833213033523164,-0.44144213385937475,-0.0039794170183161375,2.056092429028717,1.7760601568257592,-1.776060151161846,-0.25817094621272724,0.9732425253978121,-0.18968230234765576,-1.4736098537499056,-0.6940182169845048,1.3141458274966897,0.47724786620583276,-0.6175225675565156,0.5557014658271534,-0.7774356691846117,-0.6260014571897365,0.9481793437842417,-1.2230775198454222,-0.4320831165921074,-1.4204290581666035,-1.3395377058770892,0.7068226433190731,-0.07739516919221827,-0.472150612620314,-0.33904918782030247,-0.785603854773196,1.3825681993040266,-0.5181864195486845,-0.11287362327326472,-1.6662226695825648,-0.3150673013037332,-1.1717418864831242,1.0992135041625655,0.7304518060752222,-2.0707193683261718,-1.3254430001151074,1.2810123472813564,-0.574258960345156,-0.7384960045582835,-0.16723241040667483,0.514172344299862,-0.3306029865257375,-0.6193811283084418,-0.3150673013037332,1.0992135041625655,1.4897809344989508,-0.767288619706715,-0.1261464950824076,-1.8616457298839095,-1.600229512151319,1.0283133959491155,-0.11757927025044311,-1.4985271793427655,2.6639051571102175,0.025572958290310914,-0.9695320304804262,-1.3614955637142483,1.2322185602970244,0.008314690041511396,0.0019206334618999809,0.0,-1.804174318545247,1
0.031384563098562586,-0.3162323921108378,0.07158775237655489,-0.8354405752533646,-0.8348695086355625,-0.46419706766138524,-0.001182545000805053,-0.0023305701694618813,0.0590534943923438,0.00016269073976752786,1.64520639675824,1.2345282897146113,0.05171675771821811,-0.7247176920741822,-0.7504742903779114,-0.41713883994797474,-0.41314041492718134,-0.4164292094976154,-0.44015288758808185,0.36503457458119953,0.4405855972104535,-0.8040098759250507,-0.38745642119920093,-0.23797256232986558,-0.11490915107576119,-0.10391014571401648,-0.1513444652445282,-0.15438454174253932,-0.09999930549931735,-0.12635250319651428,-0.36616696483458094,0.2263294384296232,-1.7516945446806975,-1.2179693412649761,-0.05795213135508976,0.8059071472997114,0.7886418386254885,-0.7886418396608283,-1.240135653394415,0.20647069259786202,-0.18968230234765576,-0.8255931557201754,-0.40055449306054985,-0.1838566090954784,0.21936164070818395,0.5863665406347478,-0.570374552926147,-0.7774356691932652,1.731818348323866,0.6661140476407282,-1.204587467253766,-0.031288153259758006,-0.037563632784483686,-1.525337666999878,-1.3274821174348936,-1.4547058895673999,-0.3367263153979124,-1.4234729784616458,-0.6257808180272751,0.4141728399743326,0.03597119252432153,-0.15485160675282603,-0.6457279460625565,-0.676498975866547,-0.5473384692297963,0.05558294171898003,1.6611723890910028,-0.11280473184416301,-1.6579632820693717,-1.06651626389208,1.9581661742474383,0.9298565483104556,-0.1883993485778059,0.7349407717468266,-0.0286165638041852,1.5758174614383902,-0.676498975866547,0.05558294171898003,0.5140980141339448,-0.19762662976687984,-0.03880781254339712,0.402346502499625,-0.040239444937970374,1.6916358864460537,-0.11757927025044311,-0.3361271081088674,-0.21058496047070618,0.12417741509711057,-0.8353162679451465,-0.04297749620614626,0.11745602192565094,-0.0755296940683817,-0.15916700858415517,0.0,-0.8319624654566522,1
-0.3387226010752144,-0.7298701394034757,-0.3180553697813883,-0.3728970095054322,-0.371908814267255,-0.33900634081264547,-0.08460637854265664,-0.07778460935112572,-0.056672432306811495,-0.01653566740301213,-0.6569340892893492,-0.021518922203273436,-0.23731379441681535,-0.08323774108399087,-0.7504742903779114,-0.9974482635560673,-0.9869950002374076,-0.9888017410123733,-0.49489209835728726,-0.470366622652209,0.37903421146833416,-0.5043545161513233,-0.7891872184742833,0.176961946306438,-0.00768377903848764,0.014118048248696221,-0.002904050024054679,0.044529012487196096,0.4561665323683973,-0.0911615442815814,-0.3601116913827839,-0.12614781602763303,-0.8195273355081472,-0.2548038088676144,-0.028229416567441802,1.246244187250314,1.176847464488394,-1.1768474633993873,-1.0049929379780416,0.18549781133303234,0.01937575480919377,-0.5181724420040114,-0.7858362877042505,0.37704442219042894,0.46034756128339765,-0.4867762434303936,0.46593240264496855,-0.7774356691932889,-0.6260014571907346,1.146898766202472,-0.9923688600802703,-0.01611775961968283,-0.8030751962547797,-1.012531490927257,0.6353758208240259,0.2862429223278831,-0.6522464727337599,-0.3910016109814758,-0.8302679450431576,1.3903451241739146,-0.21313981981431124,-0.2324468013657298,-0.7463083760573312,0.5220350939681002,-0.43859007513577697,0.33156552908058806,-0.26413124867589494,-0.7492737003716267,-0.4901131085821617,1.0216741237655937,-0.5600250721730329,-0.7384960045582878,-0.14227112472926387,0.31434438113296087,-0.03214627776391792,0.40088994125518435,0.5220350939681002,0.33156552908058806,0.0747647130312346,-0.21649302985794913,-0.03828701864131487,-0.5137479324475639,-0.08558541403881718,0.7930794021937486,-0.11757927025044311,-0.6710291539858529,-0.08958284773665616,-0.13064158126034814,-0.37306423689966356,-0.20583737893507034,0.30255319126570585,-0.028210569939714696,-0.06646794973828989,0.0,-1.2395211370448143,1
-0.28406704461758575,-0.15886732608983697,-0.24555253138667166,-0.11320743180046887,-0.1122541367436346,-0.15809626021038753,0.04553921350974393,0.04305084934598049,0.029344190036584398,0.051259546195069,-0.6569340892893208,1.5680811550269156,-0.20568790587167748,-0.4307193586128541,-0.7504742903779114,-1.2142831571365782,-1.201110065572495,-1.2022777323673917,-0.15486475591409146,-0.28541657171386614,0.2983043854761241,-0.18652724338340348,-0.15049313051792831,0.24851790208988028,0.05337803114776493,0.1118503225549793,0.12799111660997542,0.12919507350747877,0.08335388572193374,-0.13027912702675706,1.1592502718001279,-0.05980663818851603,-1.0360692436156422,-0.6062948350525335,-0.11011859730961857,1.387464487108167,1.2948310278925828,-1.2948310260195466,-1.1227808581201737,0.3042011682939658,-0.18968230234765576,-0.19069549919761888,-0.1488615289230031,0.14305408381140342,0.42590942194092996,0.7853162435965804,-0.8250658342636544,0.2434788434060645,-0.6260014571909963,1.305600221911915,0.21033629685493233,-0.004797136355313721,0.8688045254066437,-1.0922180106678536,-0.4945544316856216,-0.551238049335257,0.22903660215696803,-0.8566913572885654,-0.4484222320121392,0.7278142101869116,-0.16445391931041156,-0.24457761832059113,-0.2603900504598619,-0.7314532996731763,-0.5197597248090202,0.2627084907618107,1.1531698549938367,-0.8593612268626594,-0.1369787835457358,0.5307148966286371,1.9606825219552235,1.4020299934872453,-0.14722033093572967,1.1765530385012835,-0.017051108245972536,1.1138245936417104,-0.7314532996731763,0.2627084907618107,0.8680318936386543,-0.19145953994297268,-0.03237271415158278,-0.33519428127764594,-0.08272545585900752,0.9855773929975483,-0.11757927025044311,-0.1742907479372317,-0.9973748914847193,-0.021915441651203425,-0.11340580728845755,-0.038934998935907766,0.38848386151616277,-0.15249005426989967,-0.3264238672653375,0.0,-1.357301824870961,1
-2.430876291105911,-2.1555298965731327,-2.3433893951107194,-0.29505259180564325,-0.29405353690232106,-0.5255637099679294,-0.36988716473971217,-0.3251322235097188,-0.2893072874579436,-0.3765559372774497,-0.6569340892891944,1.2715949407233336,-0.37732973385625396,-1.1608456114691434,-0.7504742903779114,-2.1020094747178506,-2.076385628803382,-2.074739557078028,-2.9457917699473084,-1.2006558047860059,0.5229570644601852,-1.014516795444229,-2.604613252440139,0.01403462481804821,-0.22177540930217524,-0.8461457884815137,-0.9894839215014344,-0.8663249677800333,-0.1893808240137414,-3.1926191257348413,-2.3939079807513046,-4.129497419518662,-1.1897141277418577,-0.9835748400330472,0.0008562333308645524,2.6878389576065245,2.0536203184120954,-2.0536203101678177,-1.821192420824088,5.290851131203549,3.2293614438651512,-1.0242784049321272,-2.7266847973484536,10.764018550034514,0.6942355262289063,0.08066983430153456,-0.002740508551710233,1.5306380187775492,-0.6260014571905402,1.4456698902477223,0.006262176212881921,-0.33125625538385584,0.039435516459086495,-1.9306246386172294,0.3411887593941405,0.6815200154165673,-0.3218984779345385,-1.0444673352926743,-0.8300145685636418,2.4841982145838455,-0.399411511153671,-0.22148724829042785,-0.24030654256483738,1.5332312042529859,-4.802782141200025,7.14508573646442,-1.0206104339348374,-1.3817084471955028,-0.6743839794028766,1.9099083768357865,-0.5686816528989521,1.5180982137955472,-0.18791078061390068,0.4316767955800333,-0.013640369131125192,0.6293154743004657,1.5332312042529859,7.14508573646442,-0.2899046112435301,-0.22331784291119508,-0.031728710789263384,-1.464511153064765,-1.9899370415391358,1.125860268826284,-0.11757927025044311,-1.846562519301836,-0.5426608259076312,-0.03202016683682087,-0.29496727044205,-6.338391975950641,5.590842256284405,0.017137988431285694,0.018242585654642353,0.0,-2.0376357029782324,1
-0.13295830284654314,0.0022212503019479746,-0.12428804964682619,-0.32532107509161756,-0.324324106102128,0.07383679979678436,0.10106273951467412,0.09789979004042043,0.03786610502415005,0.10502611454986688,1.6098857509313778,0.5639184625164428,-0.10402363339606038,-1.2893091321004522,-0.7504742903779114,0.09428686753798643,0.0939604728785233,0.08999142496203272,0.04290119590483063,-0.06626628720520236,0.6949761621128104,0.16581317003418908,0.04878300855814308,-0.0336870072927849,-0.03932286544884589,0.009190469554993193,-0.019458160623564213,-0.02641607330502975,0.20058031223768422,0.19672053712013304,-0.29833269850228217,0.07690197202583642,0.765049614206697,0.8780920342153489,-0.11325657964010152,-0.04052869678985166,0.019360640725407295,-0.01936064347523799,0.9647957214645408,-0.09781992902350316,0.373828271028134,0.1637622166535346,0.06021917610312543,0.09692906002580179,0.7503756188174386,-1.1403655955949448,0.908436829616792,-0.7774356691933149,-0.6260014571878482,0.6490023717361302,1.3078870855443343,0.3589332125508557,-0.1279321169548847,1.2015404878469584,1.3060286435719168,1.1316649839607056,0.4800818543940588,0.8449369151899662,-0.10829776238043558,-0.008983172698547875,-0.08185844181321308,-0.0486603724483756,0.2836526477129074,-0.4156187203236495,0.46457056171747657,-0.07159854297084084,0.06823242454198553,0.12922467886158787,0.1032463507383093,-0.3479677807267319,-0.5519523124017433,-0.7384960045582751,0.014854593851311193,1.210154407237603,0.1287733629030908,-0.9584032931062668,-0.4156187203236495,-0.07159854297084084,0.09247528323561505,0.15222942997122194,0.0489170274049001,-0.06302708594253273,0.09302919149604179,-0.7834691437268066,-0.11757927025044311,0.08967982648750643,-0.420203820269283,0.16254279807889718,-0.32549547044060684,0.06287733262604452,-0.06369786649746825,-0.3407108857963506,-0.8905106669359466,0.0,0.012275524581493816,1
-0.6442998693119617,-0.4871268435698837,-0.6147936288543077,-0.658073258294217,-0.6554396348594717,-0.29445961874240434,0.02613481207473031,0.02532368180295725,0.041309905892409786,0.03270207237837164,1.626507910244609,0.4875615000942862,-0.11511281872219455,-0.9193844422768563,-0.7504742903779114,-0.7628879133498573,-0.7552014255131735,-0.757657552807358,-0.6074252563117398,-0.02130065673110797,1.1425831725660411,-0.7415173548581709,-0.5471783113487478,-0.04491282835161645,-0.01076277358725373,0.04800859410524089,0.04148071515863649,0.028650093367905447,0.42526081212911104,-0.40757830289004515,-0.052964590136895896,0.1363622048557773,-0.07661059399440107,0.3089535643216989,-0.029819255756879142,1.137260011783397,1.0830382254707984,-1.0830382249608836,0.8158394423502371,0.26821008395830903,-0.18968230234765576,-0.762908548417612,-0.571638736520128,0.4949184304768689,1.2116633801642394,-0.29300653263039267,0.31976233205401716,-0.7774356691932939,-0.626001457184158,1.497639893663997,1.6158563129237151,-0.8446247459638887,-0.4320797265614391,0.12486743928702286,1.3673169087502954,1.2033156957668594,0.4744745416166473,0.16794035944856686,-0.4320739306549171,1.2157174133754802,-0.08546018386108374,0.057985955988110266,-0.30064312099209933,0.29711449356605146,0.2612955751369799,0.25659564446540845,-0.1474842219384977,-0.3330969695737738,-0.851187752787578,0.03407401430698415,-0.5740293245896695,-0.7384960045583172,-0.06959884788253069,0.940459794408238,0.0015919750657132055,-1.2221269583266716,0.29711449356605146,0.25659564446540845,0.23607423886696102,-0.22751645400373416,-0.0415324271382741,-0.02488252879520685,-0.08170086290015713,0.1299813583897087,-0.11757927025044311,-0.45372301448887237,0.7268011206073031,0.0383317102899327,-0.6582158544258001,-0.10917948406163472,0.24678378911001267,-0.031762352407273584,-0.07323403578906049,0.0,-1.1438805178318183,1
0.6074863244012151,0.1419166453608186,0.4434490399634662,1.3493620133539468,1.3474509393551561,0.5033794506401161,0.14917400109264606,0.11792929913941066,0.0178026635440549,0.1399796241583214,-0.6569340892889168,1.411830031751078,0.13968913827438348,-0.198008210155885,1.717054959560026,0.07843277034384552,0.07821420481281911,0.074249068556433,0.16399379167588884,0.1972703693908896,-0.5557905833020376,0.2237401501836232,0.1632987431286531,0.01002455273317988,-0.03479219622597864,0.016451294715369387,0.00012067998808126366,-0.006502303894661728,0.8965726426364276,0.27493140906044417,-0.228971736031458,0.24839533098257688,0.256019400804906,0.09096489952884868,0.17361268600152222,-0.8754132569134143,-0.7899738831947454,0.7899738825942807,-0.2628623428010604,-0.14073803649140867,-0.18968230234765576,0.22731336790573442,0.1765210702420284,-0.27448164450370055,-0.14883370902104298,-0.9645089165889743,0.7908083480940394,-0.7774356691913681,-0.6260014571910061,-0.5966447100152902,-0.1708804251081989,0.3087560716057611,0.47495212534609904,0.17511770152894765,0.7488398720029489,-0.04045633603722487,0.7692879341490808,0.6981136383682183,0.18797726330781228,-0.2614780323487285,0.19861354189553124,-0.10371593494286298,-1.6221156261400076,0.9136056754822789,0.01051079710156995,-0.124338707350879,-0.6217008386405851,0.4245658484421026,0.17493698180958403,0.6634616295126649,-0.5321418325745947,-0.7384960045581802,-0.01256784211687537,-1.1184137923308604,-0.048276930730907254,0.4605227819479241,0.9136056754822789,-0.124338707350879,-0.22905831912115338,-0.17425470988306674,-0.0636507637740219,0.41082342594873805,0.005950688711560292,-0.20898225906762877,-0.11757927025044311,0.16657864267052913,-1.225210305317883,0.08166852932993546,1.349305230725775,0.07216775288945347,-0.15921299229497926,0.1355927979028679,0.23106686995449427,0.0,0.8058056888245987,1
-0.8613565102981509,-0.8131477170979681,-0.8795299891137217,-1.084413837109234,-1.08429627709403,-0.6824872247901976,-0.07521097788219464,-0.06649972307099696,0.05021874214802837,-0.06221330217685608,1.6779245921101906,1.5497709553786263,-0.14357480837190295,-0.8340778408109747,-0.7504742903779114,-2.4767183453152914,-2.44531817719104,-2.44244584739344,-2.5676036661149086,-0.05679064421399636,1.651938339483818,-4.3545077010438735,-2.348228208437155,-4.036567665271889,0.011585133662347012,0.0854022535122643,0.09172794701176194,0.09357911630923614,-0.5117997610308069,-4.178275594086121,0.592235153815227,1.048478400032698,-0.6535538127920014,-0.5757997862801917,-0.02729058750116419,2.6087475227153667,2.2194394438895566,-2.2194394339784824,-4.602905465085287,-13.232154648229113,-0.18968230234765576,-4.554486159775868,-2.594511133680327,-12.643395082050818,0.7225955183469116,-1.0987844991814817,0.8804286334580755,1.5735484608782992,-0.6260014571757474,2.4488429965205323,1.678859346375136,-3.939253288205072,-1.3486062697940582,-0.9401937463973111,1.0769606570473937,1.6705084050696506,0.6957545607642536,-0.6476863604073132,-0.5472171229112905,2.5339113963911912,-0.11267052686880015,-0.6006154349937103,0.0807737023652286,1.3185663639384981,5.629186608119155,-13.532864312210943,-1.0206104339348374,-0.6747689813007371,-1.3904556660115626,0.4963909201031058,-0.547488454927957,-0.738496004558313,-0.12526900646964917,1.2880141698772027,-0.3467106586620715,-1.7041505251379045,1.3185663639384981,-13.532864312210943,-0.2899046112435301,-1.099181605529658,-0.1651829991059705,-0.1141067308968156,5.123128855479645,0.6477619650725741,8.504900548115383,-0.8765147824947109,-0.33092014798922414,-0.12271823397952591,-1.0841968089953782,7.305679970005633,-13.439467586225607,-0.027730936501155753,-0.065556218344614,0.0,-2.1688936003305113,1
-1.8782864525298808,-1.6603927727658265,-1.8629730255491872,-0.4734357736072396,-0.47062509897424654,-0.009553659548959596,-0.0410811486423096,-0.03700815026934136,-0.07865220486273808,-0.03695645013068027,1.490145113445443,0.1945435189618299,-0.6925508766763034,-0.8118067054786638,-0.7504742903779114,-3.552079422028276,-3.502766409222926,-3.4963884721041323,-5.94361440853067,-7.945621203419204,2.4618805052710253,0.5719886354748317,-4.8673039574068575,0.018127188377449092,-0.03251011451319341,-0.33636020239984576,-0.42667627920574275,-0.399835391800192,0.30531065727210926,-5.402931971356805,-2.061755643847044,12.662489300663637,-0.7012410524983381,-0.20385008411683347,-0.007830312741528499,2.103871040391938,2.4956026950074413,-2.4956026821257553,-4.3619791327379644,-3.1806516697704827,-0.18968230234765576,0.5654164062021112,-5.540051579391785,-3.887897589529911,2.0853067863629446,0.04962630240150133,0.027311373944855263,-0.7774356691931528,-0.6260014571739014,2.7983635242186287,1.7320487097624935,0.30752076105994913,-0.9790577316058213,-1.092437089896034,1.9591152622719332,1.8786751042626764,-0.495738075575335,-0.2788481835330922,-0.8769826443423092,2.820437157057244,-0.7925658417213471,-0.2872283466009951,-0.7381604210821079,1.5085928562682105,1.2555530142439157,-3.433005021616593,-1.0206104339348374,-1.0882248181076526,-0.7073767912360516,1.6075734362730938,1.9356652491961586,1.449376343249829,-0.1150466543407499,-0.4194344704498108,0.03705817191003105,-1.3191542830074265,1.5085928562682105,-3.433005021616593,-0.2899046112435301,-0.17372391480174457,-0.02211588874964137,-3.45355842666937,0.24570592763351073,0.689510478188509,8.504900548115383,-1.4088672877649822,-0.08572542360895188,-0.03492866653725633,-0.47350809749928946,2.9141162910205893,-3.2308737488303882,0.0028298310201324986,-0.008246614820346729,0.0,-2.3747401406974635,1
-1.6009002081687314,-1.3960215937754072,-1.6010949070622986,-0.016380077123313255,-0.017443433036958295,-0.12209227520830773,-0.5679094531998131,-0.514891078654738,-0.5517143998657055,-0.5977492313627439,-0.656934089289294,1.553813753709654,-1.0626951401657418,-1.013514709983877,-0.7504742903779114,-0.785459378584571,-0.7775152326329196,-0.7799112443329856,-1.2549350974879248,-0.7948843476070506,-0.9634543624569829,-0.09888422813820208,-1.1797603863970447,0.08733189825819296,-0.12210222655472117,-0.15630312943155122,-0.21500477301172372,-0.21119134635520534,-0.27491063211254707,-0.5241233860853362,-1.7658460229149309,-0.4080490706584445,0.9458420997773629,1.2443808719110825,-0.005368932174563776,0.2841481304520609,0.313093883793427,-0.3130938863367276,0.8728468638252451,0.06736601625598689,0.04084213473926976,-0.09907143071773762,-1.0590149379363816,-0.14273954903865865,-0.7148913554064206,-1.057804940651927,0.8518951080437686,-0.7774356691890368,-0.6260014571904315,-0.6588848447378602,1.0193337638839266,-0.013282977092474472,0.8157316325653033,0.6327740035825837,0.678232605720588,-0.12385223286428738,0.23438087821764111,1.2451541068712568,0.1725650100161221,-1.0468145304377838,-0.49338600173844716,-0.1070599458690546,-1.6433078640253276,-1.7766865242846637,0.2991725138547493,-0.13252017982915273,1.3195780391471046,-0.9807011192518292,-0.6399182858877045,1.5809005101385052,-0.5115963421906605,-0.7384960045581243,0.09338506381038855,1.7432179732586246,-0.7361418945330334,-0.6647540572066041,-1.7766865242846637,-0.13252017982915273,0.6205353817498528,-0.7893948641843053,-0.20666115625248074,-1.1778191811018293,-0.2659153764838976,-0.9898572095002847,-0.11757927025044311,-1.3017419471937302,1.148721159978878,0.13652289346458915,-0.016516414803196017,-0.24722204557808963,-0.010689578720752567,0.006456747904552836,-0.0015210103833407645,0.0,-0.3058891242701643,1
-0.7211730067108195,-0.5647399652012598,-0.6287804294516983,-1.0577467625310206,-1.0575735545313407,-0.8600673259603998,-0.1882694666011804,-0.14357531318982725,-0.00839401751603145,-0.1706968519389149,-0.656934089289308,1.3300250752666338,-0.10253073180324833,-0.21004807377982346,-0.7504742903779114,-0.24244259204688626,-0.24009669380957954,-0.24371853522555498,-1.0105148082411541,0.03298085939921525,0.0775202516211098,-1.4965526452525386,-0.9592464711699961,-5.406142584139578,-0.05054214418652475,-0.006015420045201383,-0.030987984875578092,-0.013652838713703958,-0.33939895605396675,-0.4604159272821603,-0.27900647642887233,0.14287478509377932,-1.083781347233293,-0.6162342793264352,-0.03626410640954701,0.8117501380967437,0.7938105735733485,-0.7938105745853056,-0.6336750625869821,0.16539134124758495,-0.18968230234765576,-1.5090258210880207,-1.0080421670926658,-0.009649913748734333,-0.4591772631507407,-1.5342401557591008,1.1616297470917119,1.623294138863651,-0.6260014571909577,0.019247158268592808,-0.4345051299129373,-0.5080714807691121,0.08827504146171847,-1.2297695169844831,0.007166378213984611,-0.357018211152362,-0.10465428771966516,-0.6445246337180214,-0.6386770140101806,1.0408501733615443,-0.07155079768901036,-0.1822681347152182,-0.7732631152588221,0.43024423776918685,-0.4434063952610548,0.13921914839941696,0.1075747843506349,-0.5057797178278879,-0.7348329375564147,0.5499134135527513,-0.5446089604977682,-0.7384960045582641,-0.1936661692949632,1.3263114636668965,-0.057395644305013815,0.24098942872159054,0.43024423776918685,0.13921914839941696,0.04676885114854322,-0.1806711637583319,-0.035027208329558274,0.010842552455776625,-0.03195076065840831,1.0286865169618558,-0.11757927025044311,-0.5972266179490627,0.5148878508312379,-0.12442875699200143,-1.0577542933224948,-0.11495273937711216,0.11932939765662011,-0.03445700464411826,-0.0783849471222895,0.0,-0.8376979978668109,1
-0.47563795576564466,-0.7029059429598825,-0.44299048581748224,-1.586618895376331,-1.5878408427052846,-1.2288652160032618,-0.31262162178146,-0.2776639434439521,0.016630426315660023,-0.30364760476750524,-0.6569340892891827,-0.04219910851956102,-0.3526589250395797,-0.1547418912038473,-0.7504742903779114,-0.3675099007255695,-0.3639968539220675,-0.36738778295220686,-1.677028083823517,-0.5814181700829841,0.10118362337081484,-2.7994570980263793,-1.5253968242978453,-0.5273470806077561,-0.883808519619463,-0.3776989172796237,-0.4740430791857412,-0.42820264709285366,0.1053464804495691,-0.8694495652475329,-0.5183929371428148,-0.07485117923903231,-0.26854650408910485,0.006482815653380727,-0.04965260299313245,1.3668387173011158,1.277861821811709,-1.277861820055169,-0.9217419129813945,0.5319742405102271,-0.18968230234765576,-2.9133788325836973,-1.6541720511778308,0.0634242385115921,-0.8173303396030875,-0.8618278872502058,0.7217945246323076,-0.7774356691933593,0.4442648201307634,-0.03397412547036099,-0.5632772400908471,-0.8726412007182245,1.2498189294609134,-0.38223458084119344,-0.7569931292888238,-1.133072909016905,-0.8968389953270087,-0.02853770487328156,-0.6475489193941611,-0.8114691520122284,-0.19179937446652642,0.26840004228707287,-0.2745890452852484,-1.9119637601608288,-0.07198270798865454,-0.0009723831951000533,2.062762181720132,-0.6825509542864729,-2.015138971667249,-0.25137444259412023,-0.558337610311705,-0.7384960045582933,-0.08129853110595281,0.725310995092773,-0.17508330318738394,1.419674888535882,-1.9119637601608288,-0.0009723831951000533,1.7420346334349674,-0.2406388796913639,-0.0417866332942046,-0.4416426593862662,-0.12021513844648972,0.3077686069848313,-0.11757927025044311,-0.6968097555949909,0.9362238704320436,0.0620671880050923,-1.5867569409573685,-0.24479672247280274,0.3748240906991391,-0.053748523559707655,-0.11575674198216436,0.0,-1.3405576120974245,1
-2.2290501342232427,-1.5455734652923172,-1.673862711062512,1.6883329676693535,1.6852396860058323,-0.5968586172673043,-0.05783067856805071,-0.01320165938661622,0.039889351856691464,-0.012512601043955915,-0.6569340892882649,-0.9266921167982761,-1.7765342286816315,3.515001852153607,-0.7504742903779114,-0.7497723451587974,-0.7422346920733317,-0.7447254854118934,-1.0591996024580805,-1.5282001440477881,1.1776986313297733,-2.1581708899313905,-1.296900158421101,0.02557853784947208,-0.08383276486281988,-0.017544137103694228,-0.043552811602722584,-0.049716675419341994,-0.6620157713842731,-0.69650538303138,-3.5636373656121942,-1.7021405299939647,-0.24432692188993707,0.17684168141758322,0.004578879397844774,-0.7907868601817587,-0.6996749177267598,0.6996749167268674,0.521208145023213,-0.18505608658721598,-0.18968230234765576,-2.237446758109018,-1.3966641168387337,-0.3286597846328714,2.2139956405710417,2.1703517152653915,-2.515429225684481,-0.7774356691910533,-0.6260014571797694,1.4243597158130248,-1.0863377678047645,-0.09670131012520575,-1.6401526771285484,-0.3033024854056665,0.3058982660922824,-0.37902515548721405,1.6558222034418784,0.25132757706657,0.9155810222647143,-0.02993786516572755,-2.174410532242595,-0.012616387189239308,-1.2215590218772556,1.4570879183568273,-0.10082305641273348,-0.10781222838003326,-1.0206104339348374,-1.16500644437186,-0.04507557449278224,2.4915281266706866,1.952808664102045,-0.5309458308765346,-0.09592742946090566,1.3074247790438622,-0.9073779056873154,-0.5164983120195956,1.4570879183568273,-0.10781222838003326,-0.2899046112435301,-6.500674214672565,-3.177723358843895,-3.3575818210694672,-2.334248971906081,0.2857149967609361,-0.11757927025044311,-1.524486632547714,-1.3190412085351877,0.04251915830846687,1.6882195761720944,-0.1982308062091055,-0.15100180950886277,0.022630893555374364,0.02839707760161707,0.0,0.720747777019286,1
1.4626069407201208,0.6566029065588508,1.3233122256312826,-0.005118234371302162,-0.004234161567950553,0.32761272210895187,0.1676733527721941,0.13772159409655696,0.05842579452092533,0.16856587461478068,1.6877383540739777,0.9007339226258065,0.3658613737690438,0.2580461492404005,1.6230244698519087,0.2615810478293851,0.2602370113047463,0.25628439909964934,0.6566763599802045,1.2817049138489511,1.583384385591535,1.0946216685537082,0.7053629840187989,0.1551624690124916,0.012301981202005593,0.06910173212862049,0.06965770916413125,0.07825126196560359,1.9486847863278998,0.468672178604662,0.592235153815227,0.723563279203953,-0.4486776998488044,0.1299894874000146,0.07797292125590964,0.10877209578836335,0.15396683206427453,-0.15396683479581189,-0.707023480056016,0.0012693179126046278,-0.18968230234765576,1.1066203957077156,0.7177156896085639,-0.06573196829913165,1.8733520050012955,0.6631666364566086,-0.6677978882228237,-0.7774356691919465,-0.6260014571890792,1.5422300829008937,1.7586470756396875,1.2074495324488457,1.275467345018993,-0.48210109841392684,0.7439459629284765,-0.06254927374625996,-0.6386285010719862,0.18751410044620348,-0.7481178171378543,0.523757291601812,0.40797148398126193,-0.3152983686139107,3.584378284140774,0.5040148513296749,-0.14192179157549134,-0.01597370902592005,-0.11172175298028836,0.5644608144066519,0.40890268815994885,0.6920177780200419,1.9471096283722487,1.3207938425841033,-0.0993613164689669,-0.35139029795844046,0.08026124819745079,0.6928898358343601,0.5040148513296749,-0.01597370902592005,-0.0778438073600264,0.07234901161721996,0.02506494790517663,1.4226939803769787,0.07223386270432948,0.4682679614620699,-0.11757927025044311,0.5978880081169239,-0.8864286427746987,0.04166142009810397,-0.004914698076668535,0.13630049805748948,-0.04115918437500397,0.09466292484889921,0.16004472542664933,0.0,-0.1311255625249658,1
-2.427526966346002,-2.6043225369662135,-2.412662108331144,-0.40948432352604247,-0.40850739858313906,-1.2519890034670402,-0.5126707807193439,-0.4601925912657979,-0.1989533300506875,-0.42825864498214233,-0.6569340892885525,0.45859916065560463,-1.0425719972805796,-0.6771249050714006,-0.7504742903779114,-1.703531116892506,-1.6837318486184132,-1.683374097977336,-1.7532289908076801,-2.4583600794455265,-0.24535949557832704,-2.189201858941996,-1.8643019303232489,-0.015808962479584972,-2.616507143436569,-7.338994238686703,-6.991287791817707,-0.9694589362966602,0.2428153157837338,-2.386876336273352,-3.0900094658505233,-8.761284289760255,-0.6004456882627602,-0.4557432798453826,0.00018159786322520928,1.6327542867224487,1.488715646995571,-1.4887156437057427,-0.028558880989723243,0.6157420838917572,0.6049069483301988,-2.2736774523905514,-2.048706696613506,0.23828641494228814,0.5587568188896004,0.553058100203535,-0.5290777596248868,-0.7774356691929466,-0.6260014571882915,0.4526019553323968,0.5517000352970278,-2.812861085965002,-1.028989489980673,-0.7728744141008159,1.6855044773190095,1.2410398007297123,0.7725965945400521,-0.06932100624067333,-0.4359738755998714,2.030239488283167,-1.242867732956852,-0.27768041660289305,-1.1109999262725951,1.5489581195443602,-0.38679170863892454,0.7453718816073498,-1.0206104339348374,-1.5733219723877916,-0.8020950820133599,1.9339085387411314,-0.5339324588206785,-0.7384960045582094,-0.1210316484865887,1.5821846636929924,-0.09035230170717141,-1.2279113410510676,1.5489581195443602,0.7453718816073498,-0.2899046112435301,-0.3550924596359309,-0.06000682852594885,-4.280905531627078,-0.304418306107776,0.6013412951488879,-0.11757927025044311,-2.0592976506612213,-1.1552154443472655,0.034512088379918385,-0.4095557384181505,-1.1992781540533817,0.5891234126354892,0.015554769496008728,0.015315606452019334,0.0,-1.543605250847466,1
0.32041904855250714,0.16224488522577635,0.39705266830682506,0.3986449570966796,0.39906013905759363,0.26782861198700497,0.11419614895747177,0.10621665589834439,0.019270874307191196,0.15648961086214544,-0.656934089289257,1.5730622468264066,-0.3084083519126015,0.11939927933559848,-0.7504742903779114,-0.01608651737199651,-0.015622085328716721,-0.019533964053243702,0.281382132373821,-0.8752473941101946,0.4793862484275358,0.3436195040721572,0.11341006832816238,0.08503293672228708,0.008476855809017057,0.04008800164144317,0.03101628778243686,0.25166111375505124,-1.4565354349629844,0.4798834873212896,0.13574270637163793,-0.3966230831927695,0.13318377376848461,-0.10836141230585915,0.358959417664516,0.5894857676645281,0.5917088209069042,-0.5917088227260547,1.031957083157033,0.03262708027190905,-0.18968230234765576,0.34873032887280064,0.12247288865140293,0.0005408861446120311,0.13587919437753415,-0.9319716758624931,0.7695252491256974,-0.7774356691927378,-0.6260014571898093,0.660443137092915,-0.6780876130394848,0.16480662453633269,-1.4456288560179118,0.4957938762570249,2.038570552709353,1.4023119852561614,-0.05839240406508298,0.5931737938777281,-0.6282936807963366,1.0802517496306328,-0.3013284837676263,-0.09750001319882776,-1.5336306575821188,0.9941392406251485,0.31325301858808774,0.1018921695661804,-0.6747385152828884,0.1430925608307648,0.15556636020369635,0.35819106940545875,-0.4972327879520877,-0.7384960045580892,-0.0003442402440524077,1.0940334980170032,-0.0925031144040776,-1.2914509272303176,0.9941392406251485,0.1018921695661804,-0.13223694799460153,-0.28786736254517126,-0.06276191504989043,-0.7221131075016896,-0.07116287514476163,-0.07867198311793375,-0.11757927025044311,0.13280151095761655,-0.9902574744233144,0.11892612267460555,0.39863518094347755,0.07028628712264726,0.0559359546288854,1.0431426265851231,0.8771923217530566,0.0,-0.615972962920818,1
-0.2905393061906112,-0.15575163557594887,-0.30215348226664424,-0.2945788797693048,-0.2935798139689685,-0.0585843013794916,0.06634321993159992,0.05443753354636724,0.02924464564653544,0.06204628139306556,1.6927079849269475,1.4617548941843561,0.5374689932500639,0.05418206799164872,-0.7504742903779114,-0.1019068078773243,-0.10076718284722722,-0.10459239136278814,-0.22073271472288244,1.0476449014261358,0.774569273281668,-0.040338295897671676,-0.144174314941011,-0.03002500527194638,-0.05136748481130737,-0.028542554912784977,-0.05751348978971378,-11.039300195938015,-0.836099040495141,0.0814244654972583,-0.08484528673077987,0.9649961450615073,0.19893981963604884,0.2075437456064909,-0.143368291481519,-0.3877739904950739,-0.29911746575843157,0.29911746343874496,1.177801095511434,-0.06699332301407325,-0.18968230234765576,-0.04162860234217494,-0.14177458349621103,-0.0288439986876931,0.8042855426100634,-0.9319716758624931,0.7688599658763685,-0.7774356691932601,-0.6260014571849584,0.8224409118950048,1.4203805894214296,0.11092515599591515,-0.6800674521519429,0.33685025192156104,0.6977997463754823,0.6444780036470151,-0.6728365042023856,0.246326639890367,-0.7428068113809425,0.38186698673622976,0.6772618590691695,0.03156490632769005,0.2280271107926056,1.436469949388819,0.08865735517180609,-0.06114032098392166,-0.9829515110285891,-0.12002283499154966,-0.15865933277312005,0.8015052511329023,-0.589684100231932,1.478759223612666,-0.05995110891348553,-0.15475743508786385,0.032068894714443234,-1.2154060568808105,1.436469949388819,-0.06114032098392166,-0.2813839552176305,-0.12826028855391777,-0.03451544658382335,1.837569071573686,0.01310980882395999,-0.14768197331323898,-0.11757927025044311,-0.26077738446553006,0.2210161153256161,0.046258352652754034,-0.2943763290610681,0.013279342323312371,-0.1080912996626048,-0.2526487310979702,-0.5909244458851796,0.0,0.3355868258169085,1
0.22236383949408842,0.18507639099473347,0.33331406479607695,-0.8417633579661924,-0.841201931518439,-0.7582431353827033,0.11783946347481118,0.12426697048094643,0.305101954664454,0.13687330349544888,-0.6569340892892881,0.5156097477288252,-0.01781162749612472,0.21866921347761376,-0.7504742903779114,0.1439790045409204,0.143327598626448,0.13935304109830687,0.16163321369997669,0.18323759142336693,-0.43371606609661995,-0.83938253118372,0.10716519223219192,0.11043194253975283,-0.0017549106639189833,0.11523535332811917,0.13266819421060672,0.08200322306533969,0.2666444038446942,0.46908963431795,0.13196628463517548,0.1514814441634463,-1.0966898268150678,-0.6419001679749147,0.27018891239154696,-0.04620725495582391,0.014211525327596713,-0.014211528075590538,-0.5780329787239858,-0.07297632860131704,0.13964783498061628,-0.7955991171017098,0.11777085623497366,-0.18809161225778867,-0.5838649645088805,-0.709679171868188,0.6202717489782987,-0.777435669193307,1.7508387676955526,-0.4062198422310845,-1.012138103839205,-0.18898280598586345,-0.08649863175827537,-1.064492384888057,-0.4666805234703357,-0.8370590379596746,-0.11750012651949324,-0.6737568044712482,-0.5420659835440274,0.43543793904959277,0.0195822323668294,-0.1842653370408994,-0.73660626984841,0.6071991137549,-0.3023336747926962,-0.03567429161588506,-0.14178465525037548,0.09224084808408671,0.2279390883444311,-0.4759776600470982,-0.5527600448290749,-0.7384960045582822,-0.18846866106733082,1.4783690847449094,0.2892329600116381,0.535838167997551,0.6071991137549,-0.03567429161588506,-0.1603138082224279,0.22111826974999818,0.06800643052689359,0.20708529121977107,0.1120082166593412,1.0404486082295363,-0.11757927025044311,0.17210870735789427,0.5425323720787055,-5.6923946814781665,-0.8419725738793952,0.07494129516432813,-0.06451237813239372,0.885616504184063,0.838168099020761,0.0,0.01768865983239891,1
-1.2722376068105012,-1.5244670170412449,-1.5806382858585113,-0.06955474645636657,-0.06862666619676135,-0.7568905486392695,-0.10567630512434406,-0.13103274356814754,0.04344748616153299,-0.14616358975357135,-0.6569340892889111,1.6688048549820056,-0.5148451150944446,0.2932659084110052,-0.7504742903779114,-0.8214229353801643,-0.8130643477714665,-0.815363429594532,-1.501700129878162,-0.8874375278266431,0.6487957446103538,-1.9427495479654373,-1.060729513177741,-0.025977033114069924,-0.44163708666566187,-0.618397055895315,-0.7527418252415935,-0.5923908140632471,-0.5375896857232029,-1.040571005149099,-1.523936114822122,-0.7791732597979649,0.13209931624839058,0.058204956364878116,-0.0006354755477826524,0.3803228812768887,0.4007635214994247,-0.40076352386664627,0.40549616209537376,-0.07231609804534161,-0.18968230234765576,-1.9073455013673664,-1.0795432803572929,0.22803793651993007,1.0997629648254803,0.8437548080691809,-0.9022711503784044,1.5637060275288592,-0.6260014571873376,0.8601338724950205,0.37403062621585076,-0.9186240178574431,-1.114401019897216,0.48330775404455034,0.9266350213866269,1.3689476876062376,0.05163873506608772,-0.011404740420238856,-0.5844138040169582,1.055516088970853,-0.5672487443503778,0.10114772459310682,0.512102151179846,1.4653143474811114,0.25236876405645353,0.06742688750740082,-1.0206104339348374,-1.0852821446220677,-0.6027212774095129,1.7285974085719797,-0.5779777255382726,1.4886816470824449,-0.056760773366894404,0.44445661704052075,-0.05161437167618739,-0.836778509117996,1.4653143474811114,0.06742688750740082,-0.2899046112435301,-0.4385994656279079,-0.10622019547918972,-1.4075833838990128,-0.12279101719087265,-0.07750200663708368,-0.11757927025044311,-1.4532432030204612,-1.2756132892084844,0.03826047043646093,-0.06933477042236921,-0.3045684195355248,0.008214228157720799,0.012417297924209843,0.009513478744014744,0.0,-0.40339011028184785,1
-0.3931208375786773,-2.9979023539472696,-0.5932077191604354,-3.7549727376860615,-3.766937498268978,-2.0237395219814895,-2.6805763491382644,-2.290744484373469,-2.2581967768822415,-0.762928069847949,-0.6569340892889863,-0.9266921167977453,-0.17213326022715392,-0.7034418750371748,-0.7504742903779114,-2.452538023496837,-2.421518652918404,-2.4187256206494485,-0.497384666586005,-0.20655732500968452,-1.6607583857482069,-1.014516795444229,-2.507270306601794,-1.343698287180547,-11.67711386532322,-8.327980247510366,-7.8303102880648074,-2.0493708665067634,-1.526212648435843,-4.122571605410279,-2.8044911031306383,-0.11449011794338469,-2.524445910270189,-1.5728488942339767,-0.0021286699199766124,2.0276255410241864,2.558566993665181,-2.5585669800736213,-2.0149484401317745,-2.8859261644190948,-0.18968230234765576,-1.046795758808931,-2.7023553388508765,-0.6968589349056356,-1.5920502285271052,-0.7452820774922175,0.6445928134824525,-0.7774356691932208,1.4200876765786734,-1.087722010354954,-1.0521338369210171,-1.4017253660070799,1.2804135226581166,-4.254395527307241,-1.0430890083028974,-1.468132992189729,0.6575119787790754,-1.7998877990292466,-0.6047155895985148,2.8806477017525287,-0.14710373882607616,-0.114189725456512,-1.5066643861106148,1.5394887778375639,13.34386770792867,-2.9753918317345645,-1.0206104339348374,-2.189993965403652,-1.2850518337627388,2.0662069835767753,-0.5435293048486765,-0.7384960045582555,-0.9529287619034493,-1.1184137923307123,-6.8969390150354135,1.537623244584564,1.5394887778375639,-2.9753918317345645,-0.2899046112435301,-3.055744976543565,-0.4547495362770181,-0.30397556296412104,3.5889907406568002,2.8299942886127853,8.504900548115383,-2.92238926630394,1.0326820198517703,0.33406340085490743,-3.7549043409075136,8.665416518622875,-2.788140021219302,0.01607142671906679,0.0162708210814607,0.0,-2.4195246095121217,1
0.04150917498225118,-0.022366026887300158,0.09692275194667066,0.21690955859656658,0.21757731173928982,0.17162056779646787,0.0884257427278178,0.08242145321856593,0.010509262561777973,0.09879924751664766,-0.6569340892893053,1.571826966749362,0.38128877453675475,-0.2676036323936594,-0.7504742903779114,-0.3002122397883594,-0.2973375305987179,-0.30085778891776327,-0.01220118328972921,1.1818578352196567,0.892525558197344,0.36227107996460195,-0.03281276548052329,9.922979999674963,0.08131015165017272,0.12039388478620858,0.13981008205985493,0.14266842841157756,0.2714414106188834,0.1730296280102079,1.9563939864349305,0.7164809767787482,-0.00833012129215955,-0.5186793986420696,-0.24041412834017833,0.5426267720769133,0.5490558409433582,-0.5490558429037291,-0.5931216747088378,-0.05243382402234109,-0.18968230234765576,0.36858951338569973,-0.025920246785093245,0.17712432807036674,0.9659851042745408,1.185353917872647,-1.3607478916675404,1.404064661583378,-0.6260014571903452,1.1161575106633301,0.9610979105368449,0.38309138027627926,0.7002710463348649,0.07929969430885973,-0.2810467555797184,0.5734906257655115,0.8621938241294899,-0.6099564870006918,-0.04401396099565976,0.5849446517743401,0.3602809578769531,0.2932745959368643,0.8384835615642735,-0.11957486224595712,0.09350317479002739,0.03615967207542306,0.16154130470359376,0.01379177154311127,0.05537794284076218,0.9463831554671606,-0.5800844211809529,1.2799778563829367,-0.06734090335034597,1.4284216980594735,0.1945383890261079,0.48516186630744895,-0.11957486224595712,0.03615967207542306,0.15499936466697137,0.3920642335399419,0.09183299923304944,1.5222006076126489,0.19339309713779634,0.06410559554678684,-0.11757927025044311,-0.022539738210183905,-1.0110753419066238,0.0012706757426042062,0.2170343663220086,0.039520934646048375,0.044354871388456764,-0.3157916100190283,-0.7975696210529981,0.0,-0.5684549013256198,1
-0.3841953596010072,-0.36427068687824066,-0.32133520476937416,-0.5988483743816666,-0.5979909565307981,-0.5896507940841336,-0.02769713025152698,-0.01709225357724804,0.07024042541753317,-0.016947514779144638,-0.6569340892892982,1.1959393230306985,-0.2797848681059136,-0.35377509028553006,-0.7504742903779114,-0.5273378962964256,-0.5222199179298809,-0.5252641303560335,-0.21584181480377906,-0.34052891570849936,-0.40060848329704585,-0.6104463440199106,-0.22643972847248905,-0.02970103018152818,-0.005362670905849263,0.06256708901966461,0.06087917915520846,0.057381950586118974,0.20989261482171723,0.007827544648704061,0.1093530139183268,-0.09853254999510155,0.06444946557498918,0.06722030095307335,-0.02271151002059142,-0.0656384693164084,-0.0031308210128660834,0.0031308182724366852,-0.761582727369763,-0.10274826204046639,-0.18968230234765576,-0.6257614107806823,-0.22808536150904532,0.03024185133475789,0.09217594499202075,-1.2614706575957924,0.9835095284907229,1.604101696054007,-0.6260014571910152,-0.02313341793499385,-1.2694937871329635,-0.05756172683030913,-0.6206787054207191,0.09557590100461506,0.309411943774828,0.3057226928906725,-0.3742755685220375,0.05615796532868906,-0.6143745598878996,0.26195563601155325,-0.25023914164534666,0.09010590754503532,0.29358801899937553,0.1840532018853888,0.03727248110153926,-0.051518400015708746,-0.04686844464443607,-0.48743452466658677,-0.741467724535574,-0.20820376684384262,-0.5400603732026678,-0.7384960045582822,-0.03976218146888724,-0.7788389450118222,-0.11626591826425206,0.8828448506159834,0.1840532018853888,-0.051518400015708746,-0.038700871746285635,-0.3150707579223625,-0.08650918413059581,-0.4857176730524133,-0.050988636394445286,-0.008171241620330113,-0.11757927025044311,-0.3408677692016927,-1.0613313792095138,0.02307750586504286,-0.5988015796827978,-0.006967324698079218,-0.06724014114542354,-0.017964039158214536,-0.04708484987506262,0.0,0.03594212696171231,1
-0.9362545746194962,-0.8539476427830691,-0.6630206554968495,-0.6640255975990637,-0.6632323070562943,-2.0290847600271147,-1.5430385828723079,-1.1191889771595323,-0.9364434042480546,-1.0813934789789201,-0.6569340892872971,-0.9266921167975205,-0.19493050091446443,1.1084918000519455,-0.7504742903779114,-1.931993516261087,-1.908897482978784,-1.9078041041880536,-0.5773440939627688,-0.2519292237283414,-1.761300108981831,-0.7922540274392433,-0.8752092980124049,-0.1395144882004012,0.020804068217794503,0.06648241182456939,0.0661339101979916,0.06348056792492048,-0.14325309376508175,-2.1446553359701244,0.2834797172908905,-0.08905426066331729,-1.6427031332553772,-1.7412497471866912,-0.08331844144051045,2.1640155020107987,1.8376103534917616,-1.8376103472791312,-1.4090089598189737,1.1431507948948567,-0.18968230234765576,-0.8146352609489412,-0.9295149555575449,0.9915209338302793,-1.8557537443169194,-2.2692450392580708,1.6632803844271615,0.5881886833087369,1.271701709088579,-0.9429353852371909,-1.4625145131413824,-0.6534523718527272,1.1756850268029229,-1.9323013732517627,-1.1878353491618507,-0.8246566352980267,-1.5279900719936026,-1.5944760029368306,3.2731355925325345,1.3522572947134879,-0.1597421336441393,-0.18553835916024558,-0.2152269324823664,-0.4151840653937845,-1.9224874452839265,1.325896787069046,1.3357026969555503,-1.4112631309029602,-0.750645452725081,1.0839635435842296,-0.36922427290526033,-0.7384960045581089,-0.7652045127453913,-0.8520231253462124,-0.3332965137234427,1.3653599744661495,-0.4151840653937845,1.325896787069046,2.153574064697605,-0.14631452390771096,-0.021078161607165982,-0.34079674215125855,-0.21287805648407987,1.572794087975616,-0.11757927025044311,-0.9238080228075501,-0.9653331962581776,-0.12114209373530287,-0.663798034471581,-0.9523483666155945,1.5144881008846414,-0.08438281660037392,-0.17723527474820522,0.0,-1.8574390113897854,1
-0.07951459408067772,-0.32560039710910665,-0.2309517849087881,0.2812100155399909,0.2817961181128147,-0.4634913908804732,-0.027600327877563616,-0.040116577035778964,0.03123861354704386,-0.04150422360307194,-0.6569340892889666,-0.9266921167982761,-0.16755177947892644,0.07643627409244115,-0.7504742903779114,-0.8271265515526715,-0.8187018001914598,-0.8209853845814055,-0.3979846954202722,-0.19701674357497415,-0.07409070306874883,-0.5571852114341782,-0.315312744364246,-0.02604141412446854,-0.32134805880568096,-0.08953857413667964,-0.1533577220071596,-0.213850869504123,0.5296944936378889,0.05219448097420205,-0.29426740859402584,0.008269077065296915,-1.6061062011304106,-1.1914756166433795,-0.10944658146530963,1.110355888093854,1.0598990408654838,-1.0598990404921966,-1.2322621185871139,0.2863731717770589,-0.18968230234765576,-0.513908276039603,-0.2735641227692771,-0.10746792814930263,-0.12297889685193047,0.19571585882514864,-0.11949832363769838,-0.7774356691933176,1.7224406616389538,0.6257155107041572,0.04233624533133108,-0.2740271151540417,1.2880276821612366,-1.5944306563884325,-0.7237637678013286,-1.1294781667588434,-1.2228049006191082,-1.057000526455926,-0.9355347757779096,0.7705918240473554,-0.13604993734064247,-0.13824631039464735,-1.0508844804728354,-0.45865851809442215,-0.6600855373605888,0.17329183558628578,1.3324410450021378,-0.5999141579635434,-0.29307893571768945,0.6752513176260849,-0.5901810602086925,1.511830773242316,-0.22604654388525874,-0.27774271479517426,0.02281968333038703,1.3631393305100075,-0.45865851809442215,0.17329183558628578,0.568164610775344,-0.08561113408845317,-0.013517768103168026,-0.21802210866816138,0.009184400933895344,1.5342620312415172,-0.11757927025044311,-0.3467331381268029,0.7561773991897583,-0.026613150813031745,0.28101798563491104,-0.07105457984033961,0.2341972064494282,-0.18132524778568768,-0.39618369372106177,0.0,-1.1196663007804302,1
0.3043400785346012,0.07960288482745122,0.36781793376565375,-0.12239286647559224,-0.1214348387905176,0.045924220754847554,0.10171518549023684,0.09157119372051832,0.04334551057730585,0.10699479275949333,-0.656934089289415,1.3695708680507257,-0.28968159470758376,-0.32308306960926536,-0.7504742903779114,-0.40166198554965216,-0.39781622235576486,-0.40113744426064163,0.09056444448637449,-0.501710788475526,-0.28001293920116377,0.01730826066082545,0.07173951004614579,-0.007523117021370869,-0.041328100099090326,-0.00022885882750904853,-0.02115458414890354,-0.029901627166407138,-1.577187547619311,0.24208089339057268,-0.09630852793792229,-0.07549639425840127,0.26011847573096886,-1.023691895742312,1.4665235795096967,0.8294584193370534,0.8101626116564998,-0.8101626125935542,-0.5605918779838608,0.07482710056166714,-0.18968230234765576,0.019356661544243092,0.0826119283554292,-0.029924754704858936,-0.22875178478122557,-0.0006954262593668663,0.07277359343929056,1.4311215274554288,1.7528419822157872,0.09955965880377196,-0.848764903419587,0.09566334669796334,0.1598651216636647,0.4014178513815107,0.7003153193797754,0.6329182841142148,-0.28694442223326205,0.30370773425268766,-0.5850266331116122,0.2941958611912211,-0.22502986959596086,0.018938199053724427,0.2523674676068442,-0.8447642726811796,0.33818193494907367,0.044769124565614986,0.7292766245739722,-0.07849430461593063,0.073782351263356,-1.0228039067134793,-0.4687434857742,-0.7384960045581229,0.04953452753376322,1.31535664403154,0.20112523276185193,0.6077018981467056,-0.8447642726811796,0.044769124565614986,0.5889494603330816,0.1228951407199904,0.02917756354043619,-0.5150578253032075,0.1097473933028944,-0.21332588595825513,-0.11757927025044311,0.08605384832380704,-0.36979793674495337,0.015538151758372915,-0.12238907750860026,0.06019925409832892,0.12507473260889068,-4.111032755690034,1.5521400466708384,0.0,-0.8550147755194408,1
-1.1040949273688316,-1.0751280087682087,-1.2425421547665658,-0.32437663334240624,-0.32337955800732393,0.036196961561833975,-0.19025725101884552,-0.21032013252526965,-0.22121363630413163,-0.2410028852161258,1.6372925821329252,-0.7967594775432042,-0.024857389320311504,0.21598055054076745,-0.7504742903779114,-0.9817256388846473,-0.9714637756425826,-0.9733155788095583,-1.361159435764542,0.25098472926735654,0.09794783557224258,0.040784519501250636,-0.9980860670506044,0.024475125614194966,-0.014902505808982365,-0.7376475399124437,-0.872955700653379,-0.8055855109316564,-0.38473364628921475,-0.9446732147410204,-1.105118102875232,0.37053060869419374,-0.35045369538195215,-0.20886742555057936,-0.024080443189147226,1.0516670248912534,1.00841881229547,-1.008418812217139,-0.32602325148346145,0.1942192368516894,0.21305878306851747,0.04194999763556839,-1.0649799012231256,-0.1327220627964291,0.13587919437753415,-0.35994452599691695,0.37018000376527815,-0.7774356691929636,-0.6260014571896978,0.5524012689407802,0.529900561301651,0.17003618446582847,-0.1503677310361154,-0.3150198650807768,1.7038320445298905,1.1590236353721959,-0.8090471431607916,0.1706359649778587,-0.8758994642175773,1.5684011030817473,0.02752012378812499,0.09135498955490264,-1.240961821903258,1.379772036835242,-0.05080659837116741,0.2884917719609864,-0.9218415744017948,-0.7779670494625881,-0.8726622710320596,1.173929887177609,-0.5189346671428781,-0.7384960045581633,-0.08473228957059734,0.17846397278409484,0.06097593684637135,-0.5462864507982205,1.379772036835242,0.2884917719609864,-0.23456855520826833,-0.03111312687021771,-0.0028636460418127634,0.4134997107365294,0.040897222415423005,0.3811792793443922,-0.11757927025044311,-1.0880087831038803,-0.5105186106151917,0.03396903592279038,-0.3244178460384512,-0.3190086559141844,0.2082129049650747,-0.031179752604287396,-0.07212240779419568,0.0,-1.06611999147633,1
-0.34031804510914127,-0.04242114708996056,-0.2678759656955168,-0.30546824523887633,-0.30920049912405734,-0.1327854330210221,0.030903679898297492,0.04295659643341489,0.010122449694853446,0.01234608343701175,-0.6569340892894278,1.2362846502691238,-0.2994709902955865,-0.10537900491757916,-0.7504742903779114,0.4596541550201981,0.45737639972702054,0.4535474161045464,-0.13298697427240333,-0.4462779701947367,-0.4222373163186905,-0.1197543912584956,-0.10419244455689475,-0.05482687784593601,-0.06474352865541085,-0.09868546584298515,-0.14493187817225195,-0.23980788744357068,0.39978541734392814,0.5462400020332995,-0.09995215783701118,-0.11945411219602488,0.6442389684661328,0.46792023994711207,-0.22716277525027628,-0.5933469374952237,-0.4977397830938577,0.49773978133141344,0.14235769382844363,-0.11381348150757199,0.3398356562307839,-0.12258438681604937,-0.07781742170016884,-0.08962045017414308,-0.5207297814287906,-0.9062366259161078,0.7541810620925126,1.2473934472782138,-0.6260014571907885,-0.5813548096805968,0.14563670883376537,0.019093158169940123,0.5128473909384658,0.8063304679577091,0.4600911810666466,0.6456680387770031,-0.4743501306207424,0.4663603568232645,-0.5702849269936591,-0.18814663414125352,-0.27016139728804006,0.0072789517975564745,0.7975971791843417,0.19050486632089056,0.21138085273942125,-0.10996744904772764,-0.542164375512414,0.009147732242263383,-0.15631463068245027,-0.5248004966576398,-0.46930060153918424,-0.7384960045581633,0.12194576444936521,1.1211539263139079,-0.4618914261014237,-0.08983202054563955,0.19050486632089056,-0.10996744904772764,-0.1823238674668974,-0.5523539768585751,-0.19990381773972726,-0.4600430939171776,-0.1037704550124525,-0.6447533885488775,-0.11757927025044311,-0.04189557872312232,-0.6045122012960455,0.09588086904044066,-0.30537703598614785,0.046790938319124585,-0.13087288238652964,-0.2039545647790851,-0.45426778739109425,0.0,0.5290174482531947,1
-0.9208970323087663,-0.5536867782178551,-0.7042811116187576,-0.33051385442564796,-0.32951751749252983,-0.22033088140379317,0.009149067752044581,0.02911885711964456,0.0074207169980166025,0.036797887153169964,-0.6569340892893935,0.6291236114435488,-0.38976954868009067,0.5486286438060554,-0.7504742903779114,-0.18733672942335666,-0.18547785748592138,-0.189187426973583,-1.211017683730648,-1.5800914551807796,1.8025069476332722,-0.8749110130747195,-1.3838367838931596,0.012223497999260117,-0.09575580935103034,-0.18421084069581659,-0.24847825255314185,-0.24540374873830892,0.0020272111176249485,-0.4743852966401289,-0.704383438762317,-1.1469544033436276,-0.2942719297127037,-0.09780363579058546,-0.06701632024252989,1.0432710629727886,1.000805203877085,-1.000805203841308,1.088881150918227,0.21319090239548139,-0.18968230234765576,-0.9015155755336574,-1.4938634287953136,0.5755078228198103,1.5613739550249264,-0.08114270989805837,0.1474021725795664,-0.7774356691932939,-0.6260014571646167,1.704805175511238,1.8791428661214746,-0.7945970838117895,-0.8669549711004673,-0.2096862117479063,1.4985266697131818,1.3003210846057136,0.21156446159167608,0.033225660738843026,-0.6082426836415069,1.6128457658486146,-0.41513500536108944,0.2396780764823022,-0.5198292114550931,1.5396495337960212,0.009962352299132783,0.2933341172373774,-1.0206104339348374,-0.43628827764968675,-0.29031532628329526,1.2266572809109073,1.9509108255004002,1.510627182063903,-0.08958911581211351,0.4100430806021284,-0.03301893778023471,-1.4850276786365124,1.5396495337960212,0.2933341172373774,-0.2899046112435301,-0.44438149180812075,-0.08797035753220946,-1.1879453886090723,-0.21169150020581837,0.3309228926338273,-0.11757927025044311,-0.5870067135916138,-0.3953752428304147,0.03305178307109577,-0.330699176001207,-0.14050587877073423,0.20464896122578047,-0.06214870594695876,-0.13233273779030635,0.0,-1.0583751256933251,1
-0.6155660810047543,-0.4960412881979585,-0.6277831592666876,-0.196467665290453,-0.1954809220811215,-0.1864755018546155,-0.05233464531384282,-0.055177924266329934,-0.05792090349960996,-0.06112129572487539,-0.6569340892893465,-0.610442239846357,-0.39253377963697006,0.827127515331016,-0.7504742903779114,0.03608189369055669,0.036161060189450846,0.22424159116917475,-0.5073587298246955,-0.5186016828994331,0.010557406783246948,-0.19716294423889993,-0.5109077062698911,0.05914797744073204,-0.07228329417408176,-0.4218612492835704,-0.5138643508428596,-0.49786175642776315,0.497940727560306,0.44901312677636385,-0.6228379319144839,-0.155121849223651,1.033787018549468,1.2975755071785229,-0.08772458337131404,-0.39382890858572167,-0.30492361758011094,0.30492361527378525,1.0922349156885804,-0.08882379293945943,0.7277004997412347,-0.20233887238034853,-0.4415487466707337,0.0032022113186961514,0.25928860465982917,-1.7203340099107867,1.2822535117815808,-0.7774356691904237,-0.6260014571886009,0.137667448189493,1.1003274535993952,-0.1506695224291763,-0.07580688956421876,1.4369502621561636,1.7727088050905704,1.0639374486128947,1.1243332375556363,1.3122665937884794,0.5491271532945525,-0.41713375441361156,-0.31562318710693904,-0.1062222996632474,-1.572030235617304,-0.652050483792934,0.4644882361490288,-0.11672519044736789,-0.06810796240089623,-0.5729899107016013,-0.5094955895022656,0.6718088513857405,-0.5155374833441618,-0.7384960045581355,0.09599998941255465,-1.1184137923308484,0.2414504962891619,-1.02654562909069,-0.652050483792934,-0.11672519044736789,-0.004253001181483906,0.3108504154355028,0.10738272503771633,-0.5844802624916401,0.12500106509054934,-1.0889296500504209,-0.11757927025044311,-0.5103961239809428,0.7930943173902193,0.16727801886066415,-0.19660182327574963,-0.026869381006355355,-0.10880134056068876,-0.13160059934124474,-0.27853519143755623,0.0,0.3412922228443362,1
-0.08295258396861252,0.1137177579866999,-0.03576788678728824,0.06422588028002767,0.06505328491309925,0.209506065261268,0.1239417624155468,0.11472719868224437,0.036655552268276895,0.1319926325287983,-0.6569340892893877,-0.9266921167982761,0.04808412371401804,0.8792146128719409,0.2068014055687635,0.3633001019784408,0.3614409938876076,0.3575403462389165,0.14272952854141494,0.6585409639267749,-0.9110488713229512,0.04412632326494461,0.10924703957296517,-0.02263886346084657,-0.03904594965599078,0.01802132612396893,0.0021584261372936835,-0.005884443458863679,0.03584883295607826,0.32749257765473727,0.009131689107735102,0.4079975828825363,0.004383023253997784,-1.8289206825795727,1.612934239473258,0.497924253202488,0.5079911363144313,-0.5079911384007316,-0.49569964572556613,0.10404147534491744,0.1186716305002009,0.04536059520380759,0.1211908514577565,0.3509278444265941,-1.507367597531658,1.0843076612911369,-1.225264974281598,-0.1636338357244408,1.7028094207774633,-1.1250460996965412,1.7184708457244386,0.8936986660572674,2.308528781817369,0.13801464009616943,-1.9338823701949333,0.7619415945866828,-1.5005713046219353,-2.0407585653210685,3.273146200494595,0.7311978476986702,0.07625426772457658,0.5475365266345588,1.3290133119344318,0.25902577766570317,0.11404078762994013,0.0465832891171985,-0.07148983574676863,0.31516429766665105,0.20788303784442602,-1.7479963242914998,-0.31438356243404714,1.062465676879766,0.14457376903657082,-0.7373401517130423,-0.08640994395720333,0.3158066928444021,0.25902577766570317,0.0465832891171985,0.06679570553419038,-0.10429941813601859,-0.020007739378479942,0.48267129406964215,0.011354232952085383,0.051670949815763055,-0.11757927025044311,0.1280343219718014,1.7245741978429214,-0.555219268330433,0.06432859337954258,0.06919584127965403,0.033820078936738496,0.7409194301724763,0.7885607650070173,0.0,-0.5230558501522969,1
-0.18165998694236757,0.3345398837738212,-0.11609332848743513,-0.34466188137171133,-0.3436676722953205,-0.20782077024169876,0.31673555550350374,0.3204471076805954,0.3124779753183961,0.09124403240430592,-0.6569340892894064,-0.9266921167982761,-0.3318122674715397,0.8144534512510464,-0.7504742903779114,0.8252069904927011,0.8219168899657049,0.8184882970112249,0.07152743005042296,-0.9801977171170957,-0.6746562979797127,-0.16180777081896408,0.41106900108020294,0.0742168916733749,-0.1543426255033599,0.18323217856997995,0.22706330181004528,0.13694398963979337,0.6714505302773107,0.37365467773976424,0.6234890836540725,-0.32164419075625705,0.3611254478196569,-1.480113565770295,0.3140235067065557,0.29472614163119215,0.3225761180391663,-0.32257612056582496,1.5812422579093797,0.0753674976114393,0.1539398951666739,-0.1664204821971439,0.42826385111950127,0.38486951354555243,-1.3428208813078675,0.4622477954729618,-0.4204313183207972,-0.07099877357507038,-0.6260014571890917,-1.1438782070869509,1.8784159289174516,-0.7074022122452033,1.172025956682405,0.7814938381737467,-1.3716470666292642,1.2873810801498906,-1.2956695638136035,-1.545862027255356,-0.9511368111067291,0.6662980914186629,-0.31299627616496445,0.24914402338304795,1.4367229612615846,0.48989418028832854,0.37131561337953417,0.015345105531799156,-0.3749909901065052,0.3379596420005294,1.0081349904332455,-1.7744175609519974,-0.2882516831498682,-0.7384960045582976,0.3988633452947531,0.31434438113296087,-0.15457780970085797,-1.521073507124083,0.48989418028832854,0.015345105531799156,-0.037965095196280996,-0.14239046972470418,-0.03098356067718602,-0.7019753068447727,4.8244325444677345e-05,-0.32410481251193907,-0.11757927025044311,0.3819590815099817,2.027704558424766,-0.3794978305114123,-0.34469402981232833,0.1099859576593046,-0.008706052377434862,0.06526251529648164,0.10697185658092911,0.0,-0.31650376639711053,1
-0.6160630737765849,-0.43316520480614557,-0.616795054828559,-0.6438674952198702,-0.29926296243476475,-1.2137509505310613,-1.4789641207903343,-1.3096837691773777,-1.2409360666989322,-1.5203865258966933,-0.6569340892885481,-0.9266921167982761,-0.23039321119165834,0.6678504291491092,-0.7504742903779114,0.04344071004996668,0.04346715234579602,0.039515935134064935,-0.5898716416538418,-0.33573186474311734,-1.8697151412565156,-0.25789283831545057,-0.5343725843349599,-0.1166393708668469,-0.09946264015503511,-0.08200866540486325,-0.11666151045479872,-0.11916446321475244,-0.03532421517440725,-0.16407168396076013,-0.2504500311102566,-0.08238094761373993,0.46645628098835545,-1.766463822654025,-0.11202342731765298,0.08418612919648409,0.13138004339888168,-0.13138004614268978,-0.006605333026737856,0.016514600882780724,0.6620623308727653,-0.26360866136637584,-0.5573450343059837,0.2740245838231437,-2.1339719361934355,0.17441016375386934,-0.09909337047705952,-0.5367883961530434,1.4200876765786734,-2.063314548525678,0.5157020653438735,-2.546684513919941,2.2007296425989713,0.8142639744839923,-1.879008765035486,1.0577399737560913,-1.2459930069141945,-1.9418595325251586,-0.9258616330265258,0.3492348472005207,-0.19969381417098603,0.24277162384290624,1.5635731191638518,0.11284136461597907,0.3319425421695225,-0.03365255457706781,-0.30015453047560825,-0.3773461677535327,-0.9934981395921991,0.0017101059382939694,0.04305859992909369,-0.738496004558211,2.5595253444814587,1.7370553841768401,-0.39812235148983505,-0.11312107554412541,0.11284136461597907,-0.03365255457706781,-0.046763875198472436,-0.09102464757007767,-0.01891038084217229,-0.37272931686137406,0.020508130899273325,-0.44206664308254195,-0.11757927025044311,-0.49799949072712735,1.1757190598675489,-0.3188929996112043,-0.6437502208468295,-0.041465319982668156,-0.045065204327571835,-0.11408050390712131,-0.23990178366505274,0.0,-0.10712699614544512,1
-0.43225690896345953,-0.3383769149785488,-0.4466703444707042,0.0071389357452096595,0.008013701995952924,-0.5842928127629033,-0.3764425822774555,-0.342120925853665,-0.2819382155213331,-0.3348339002181831,-0.6569340892890108,-0.9266921167982761,-0.03329013217409102,0.8054479872735593,-0.7504742903779114,0.2880854618723604,0.28659983687776247,0.28265811234493415,-0.9721528015363294,0.725195322739473,-0.6213574356220352,-0.5118749473042339,-0.9894521968377894,-0.06386014477305707,-0.09532545469875651,-0.07026570965543913,-0.10982398243777675,-0.10243391514649255,-0.34995053008039095,-0.41011196688392704,-0.5114295286817658,0.3826864315166252,0.005727696171749307,-1.860139847195675,-0.22028165261005955,1.0215446344149068,0.9817504474862584,-0.9817504475557667,0.427317875963535,0.32232693914658034,-0.1349250871374298,-0.5259333642149965,-1.0554369776233228,1.0371614289668136,-1.5495079770328926,1.6041789574299554,-1.907332407568427,-0.3061262248092651,-0.6260014571905529,-1.0692296856142813,1.5783515442667686,-2.5507048962334493,1.537190797470158,0.3998570504019055,-1.7302470348457253,1.7881708112203676,-1.3450933840840424,-1.981172254982036,-0.9801958314114314,1.5753126033583846,0.019304478342845138,0.5368606587651851,1.317602862429013,1.4730249050177686,0.4200679585321196,0.2793203724782527,-1.0206104339348374,-0.192153820772551,-0.7324481106625159,0.12077792997551334,-0.2312294301854555,1.459316964239178,0.270115356696293,0.1943463274912393,-0.7146819147135847,-1.142779176682585,1.4730249050177686,0.2793203724782527,-0.2899046112435301,-0.370496484538082,-0.07276751827466986,0.37559961834695127,-0.1597393418518275,0.050380208061903645,-0.11757927025044311,-0.4311691219664099,1.2435439801044548,-0.24417424550958486,0.007028212170682729,-0.0882985560459349,0.19560782797938064,-0.17051276782252012,-0.3694964473269069,0.0,-1.0382655012111366,1
-0.3077429934263797,-0.12178929406222012,-0.29554921676186546,-0.12335914493966835,-0.12240063444549235,-0.9712540870521509,-0.41640901228968946,-0.4229609749405256,-0.20865497000989047,-0.4921099005013356,-0.6569340892887374,-0.9266921167982761,-0.12897201512477582,0.6953649876644851,-0.7504742903779114,0.5571317324509684,0.5544967583713484,0.5507579614534559,-0.19385586203148747,-0.09234877599687788,-1.7434887900874674,-0.26868963474800583,-0.15681352668640663,-0.07484876210194508,-0.1539378487131124,-0.15341148530378917,-0.20954145713828384,-0.04041514874653724,0.29558198178162337,0.13936403872910483,-0.07388612470448153,0.054653610026344085,0.837571997861131,-0.9649942541651632,-0.3730640039769573,0.06741433171616551,0.11659507531129876,-0.11659507806111559,1.4854225616138093,0.0329624179757326,-0.1540463292986119,-0.276555190798588,-0.1555107740049206,0.37114244516473693,-2.0865926134550525,-2.560253730276181,1.8964301101500447,-0.5617241279779542,-0.6260014571908173,-2.015705358096859,0.3212050470376195,-1.362714072028419,1.0742035243680694,1.4698758384056518,-1.257428719135474,1.4278186247858768,-1.4807768989767245,-1.2186131278024583,3.2731502542334723,0.0839853340481152,-0.10302218514606869,0.13262532959566412,1.6850900146638188,-0.3926245968306833,0.6199155629964851,-0.05745512870096355,0.03391763679022162,-0.05673352495486093,-0.9265676333962292,-1.4577241354864612,0.038230470202289646,-0.7384960045578012,3.5151668910069476,0.2357069119638305,-0.04609629854639932,-1.3860712640082982,-0.3926245968306833,-0.05745512870096355,0.12489433138389602,-0.05085239883054792,-0.007917527289684447,-0.11584160945255158,0.03355632276711609,-0.8665543245968682,-0.11757927025044311,-0.1142485410420817,1.297404876198756,-0.20524587493451155,-0.1232674127926844,0.029532970260166772,-0.04769144277282088,-0.13391571183668263,-0.2837413269339505,0.0,-0.09079184259940094,1
0.34432781253836886,0.29710814961692666,0.32371198255350075,-0.14892383052965197,-0.14795358657298247,0.3178502419419108,0.11574013279194179,0.11513966068367121,0.013514410242527959,0.13926200895453794,1.6052692191440983,-0.9266921167982761,-0.17596872911361666,0.8493944543622637,-0.7504742903779114,-0.17451744870946623,-0.17276934035526226,-0.17649791804616977,0.18757095442798075,-0.22087571580017162,0.12754385676025817,0.28406981031307843,0.10924703957296517,0.04064984072356723,-0.012944628422679298,0.0273021160638171,0.014244816786752707,0.016271291763435985,0.849185229787904,0.1309608091049881,0.09056919363080433,-0.0002681698187523663,-0.7439413004596871,-0.34396723738466534,0.3520544669791114,0.6406775892881875,0.6385543909279175,-0.6385543925799809,-0.9391207459066314,0.12640967467607653,-0.18968230234765576,0.29085387264244594,0.12225923321321427,-0.09962302102690368,-0.047763872461492066,-0.8182138484578988,0.6941444920253322,-0.7774356691928382,1.0304800198859942,0.2615750529058933,-0.10073408538237157,0.25300909404108024,0.9498626949673102,-0.7613921938613696,0.1512567721971138,-0.5118255485249673,-1.048360415588059,-0.15020311379242265,-0.8671487888111347,0.3940231112813351,-0.14261347707954533,-0.17344219279202114,-1.2744508150024565,-0.5507477590367634,-0.2504231758168581,0.028013353642551093,0.9361712945294294,0.27387340098798085,0.2261964057477329,-0.7664196940458772,-0.5614693050811035,-0.7384960045582681,-0.13224339257618928,0.061176538390028706,0.004749027537588711,1.0609926851944471,-0.5507477590367634,0.028013353642551093,0.3519558749536163,-0.1111612848052775,-0.02081898754415871,-0.23300111682157984,0.0061161335596206816,0.7269129654421103,-0.11757927025044311,0.1603041045925732,0.06704999818847936,1.600237707354964,-0.14897705837409433,0.07594960671484852,0.06922971024363186,1.5474791267720882,0.9463405085365749,0.0,-0.6676116762830048,1
-0.18165998694236757,0.01432194955112006,-0.13245844984214092,-0.10449570730334616,-0.10354713619703342,-0.4384972383450438,-0.1200336730719141,-0.09273183210619021,-0.06750009571208924,-0.04824456860924511,-0.6569340892891601,-0.9266921167982761,-0.27616647496469193,0.6229851753907346,-0.7504742903779114,0.6085617164101081,0.6057644327149552,0.6020790611064287,0.016585789366514777,-0.9093887771049438,-1.5745197894328762,-0.16533072844901758,-0.051685934090064056,-0.1195753375080602,-0.0691649052958992,-0.010301518460544104,-0.03431656015168432,-0.0569115417553298,0.5296944936378889,0.16865841556544922,-0.12488907898127749,-0.29977858807759145,0.278062829829817,-1.7274664664407477,-1.8941558792075432,0.8098409343990061,0.7920879260133237,-0.7920879270330901,2.0974847938556835,0.24032280371415687,-0.07183499205814818,-0.16605923676083736,-0.04361864367511602,0.7328379625185318,-2.0865926134550525,1.3969748127755142,-1.6430391281213639,-0.5617241279779542,-0.6260014571864294,-1.8757575883801885,1.0340069267263667,-0.7477570850514127,-0.24722587947399105,0.779272895901783,-1.6797726525413064,1.570755782734319,-0.7166666792397068,-1.8702424351599416,-0.8172026405400055,0.9983976814706449,-0.25026238866772343,0.3104290840521029,1.4469086065651926,0.33418564780076837,0.5791447769534999,0.132912424496119,-0.2535969268943983,0.06829343776787646,-0.4112020150915018,-1.9550747505677821,0.053789516474174986,-0.7384960045581018,2.106527433744027,-1.1184137923307262,-1.8051956681436807,-1.7680327767411697,0.33418564780076837,0.132912424496119,0.12767833955296062,-0.27611285387783496,-0.05612505220198602,-0.5959069587402,-0.08104923542840133,-0.23283508937024092,-0.11757927025044311,0.0373498913792425,1.5857319126424163,-0.8888823051414668,-0.10435434264403495,0.04906497731148163,0.1187176815961282,-0.26218683138015364,-0.6198097771154994,0.0,-0.8358300376850586,1
-0.2634950967871823,0.05654453968806648,-0.2734309163214358,-0.02127208402981772,-0.020376206646191563,-0.3214128231541151,-0.02284782510902019,-0.019559957875832847,-0.0006239470490023364,-0.16102416756153398,-0.6569340892891913,-0.9266921167982761,-0.06391775577442517,0.8626693298418764,-0.7504742903779114,-0.8672430657075051,-0.8583496353327632,-0.8605232946167514,-0.12327641996055892,0.030624134406634886,-1.4320803473412904,-0.14774420604323135,-0.013955509543846648,0.31997807845550147,0.054823007584360525,0.1158688470158126,0.13354432754006,0.12234048732307415,-0.15488633780976452,0.15998295393728462,0.9157157950908896,0.2427786454909553,0.20506222822534087,-1.1418432273781975,-14.30148175125119,0.6429141001104809,0.6407382928048417,-0.6407382944488142,0.4064599346535357,0.13685626522209143,0.09072814924448969,-0.15271544917563382,-0.005215062455038384,0.5778073956483349,-1.4242916742787923,-0.6458886493674967,0.5762933049203673,-0.14457782683648393,-0.6260014571908588,-1.0144295233406448,0.8270299382151319,-0.3385308057952683,1.170887899148828,0.5905443378548191,-0.9366635166986498,1.3647303967224933,-1.3267473806623156,-1.2933473163446798,-0.9657905595158579,0.9475867916252223,-0.030504746185121136,0.2877620204519444,1.2795921508630552,0.5146611170653294,0.3838375392397978,0.09435775603924833,-0.3514444886733555,-0.8831876701455345,-0.13269448943399267,-0.3444982206839339,-0.28733352594404743,-0.738496004558211,0.30561316183002796,-0.9440843752323012,0.036702841002848964,-0.7789990918499048,0.5146611170653294,0.09435775603924833,0.024007082875348425,-0.047296423805423905,-0.006365623913055955,0.14066005316140026,0.03350254588095997,-0.15423891010928198,-0.11757927025044311,-0.04795396361545353,0.5113953994475273,-0.17501995229985573,-0.021198525751399456,0.03252186714221138,0.06982439900923242,-1.2972809952573623,4.716107632270749,0.0,-0.6698522521121653,1
0.2640954918821077,0.47555523114801224,0.3381248322542814,0.5346128307613893,0.5347956713261022,1.3098650033210368,0.31917098752475503,0.29950854425861456,0.06779769158512321,0.3470947993316736,1.673845872485234,-0.9266921167982761,-0.6139134410214355,0.618020162134466,-0.7504742903779114,0.60392820689085,0.6011448169558093,0.5974544867630499,1.0476055741185726,-5.914038511095046,0.5240654990866366,1.1711782693478978,0.873765783010137,0.14183613096629433,0.04475508984710462,0.10880494328226532,0.12378989095302044,0.1262870641805689,-1.5771875476193147,0.41771650832272306,0.29890333958252474,-3.4303400447587085,-0.08221195541792206,-1.2931599755166387,0.2476387807311742,1.3176497772350269,1.2372151739856143,-1.2372151725030571,0.8443562918423755,0.4917209662591718,-0.08213414946576035,1.126429206475763,0.8776010664229835,1.4883575468675774,-0.7827864691757886,-0.030626964885808655,0.09941662282393249,-0.0005364893722932066,-0.6260014571874913,0.21017397591420933,1.928088660648035,3.4478941925899163,1.104654713178201,0.2602358195202656,-0.8924210072793892,1.8754081249387438,-1.311665795720551,-1.518301086982702,-0.9771827552451801,1.7806369959378903,-0.6883482343840029,0.5794335966500475,1.1529552022462304,1.432435286512512,0.47231647808593796,0.44725178455479264,-0.9554758238455737,0.4153268909915425,1.3563411046774492,-1.9079715859109803,-0.3287551987370293,-0.7384960045582779,0.08353362615581568,-0.9860900933204246,0.013084784464124997,-1.4528333525831392,1.432435286512512,0.44725178455479264,-0.23303298350263826,-0.06965640801270646,-0.010030187508736592,-2.209730917218102,0.014796651337823768,0.13530419435393184,-0.11757927025044311,0.478157186552549,1.2122676986737835,-0.5899284575994869,0.5348532696131026,0.18474061784277232,0.3438518561684074,0.04096724820061981,0.06230367248951441,0.0,-1.2999859630824895,1
-0.03505605392940297,0.06945488830033965,0.015487230968873006,-0.026650159481687124,-0.02575046761212397,-0.0013297429858600185,0.04574528451588737,0.04323938619438031,-0.0004334307361366941,0.09090205280868131,-0.6569340892893508,-0.9266921167982761,0.3082374327027711,0.8296358935052797,-0.7504742903779114,-0.34717906087733796,-0.3438613129523124,-0.3472924755900595,0.078670668343515,1.354197412417203,-0.8403653948106917,-0.040338295897671676,-0.007673346946714748,0.045207624954284334,0.5470140040170544,0.11158734522472678,0.12762808151492594,0.14141178658177303,-0.18176712639992826,0.10222998202149804,0.48153773372083064,1.4153640382812138,-0.6798647728336105,-1.6850033221951146,13.840665967508427,0.5888239205701288,0.5912700089601033,-0.5912700107807585,-0.8686886435620645,0.09965055480131335,0.5474862366546733,-0.039880988330565775,0.0006591481091738954,0.21324106226433642,-1.1080230847507535,0.11075369973178904,-0.03471601898888182,0.21582467215590556,1.7430071826928928,-0.6588848447378602,1.7045970845874068,0.3239456529220733,2.1940557691571287,-0.8021160125946407,-1.3870843806691264,0.3228691076535076,-1.4344690608604582,-1.70040727927144,3.2731289390425795,1.2255524212152118,0.4169933835554895,-0.9978729980040046,0.8225541392493345,1.4559082088916822,-0.26207341356811004,0.12017052048056813,-0.9676463366152683,0.005127665854245294,-0.07116447174974759,-0.6032338874808919,-0.4325701916908574,1.503209271139632,-0.1690675004634059,-1.0554709816373387,0.007918348386818734,0.4723907469261193,1.4559082088916822,0.12017052048056813,-0.27390763766498083,-0.07361679594820332,-0.012443678819937498,1.7679637514138855,0.02281474257258435,0.670829347057573,-0.11757927025044311,0.004280206868502151,0.3471435232999182,-0.3932120103274566,-0.026445321010618198,0.0444023145011413,0.055761496934163296,-1.485346337285615,3.502353513126418,0.0,-0.6152750446540249,1
-0.08524251170592488,0.015424671017249205,-0.053229117037913214,0.46185890975656424,0.46217060495469264,0.6504267262616845,0.07573400472488573,0.06481932208515341,-0.061479353046969165,0.12182660863486089,-0.6569340892893449,-0.9266921167982761,-0.5358747080139347,0.7305613844099028,-0.7504742903779114,0.013864223498664355,0.01410503545503499,0.010171031381443998,0.1308972903489065,-1.9072461291147742,0.22810984633417258,0.557065899530747,-0.02023947456152508,0.010284977154361117,-0.011298377912288313,-0.0008824391919859146,-0.02225123208658087,-0.011154673828401539,-0.8023785565957656,-0.17386729728743053,-0.19870843705528196,-1.689130306049336,0.07678330004287463,-1.3170379567800923,-1.5491224188689316,0.7090841476844724,0.7008370063257855,-0.7008370077367351,0.6439579743517464,0.09990632758086154,-0.1857687967394924,0.5278365852559879,-0.01283667203569267,0.5693915573679408,-0.6485848310921296,1.7186347676325024,-2.0464107817067188,0.11312865619454177,-0.6260014571886009,0.08000930275696694,1.8826429895560264,2.141746139681069,1.105619575454284,0.4716374649143044,-0.8600430139981818,1.6115195728854532,0.4437041809184699,-1.3695421358277227,-0.4680955468003366,1.3280745740081104,-0.5936570123440266,0.3748306438563145,1.2139040722959415,1.4710144004953216,0.3380599040514715,0.15717127018531013,-0.9826940914616826,0.02838056714671262,0.013686122956324672,0.26326736109348464,-0.4469224531886121,1.4958812010166478,0.03095901905699293,1.7424517928642436,0.20159756910641516,-1.1386150739244303,1.4710144004953216,0.15717127018531013,-0.2703669891695676,0.15917080661312716,0.0381531569462636,-1.6219913210736265,0.1191603997009417,-0.020692159018646402,-0.11757927025044311,-0.004419552208721334,0.4462413942811852,-0.11571082111241321,0.462088984020919,0.040919969879484895,0.08814733024164154,-0.5726381629694727,-2.343839980212101,0.0,-0.73613215815526,1
-0.07836776866929346,0.15060989941231065,-0.030325001002195345,-0.0193156059853599,-0.018421130554669596,0.32691359885895327,0.0760520339851541,0.0710338976495498,-0.022504533488209116,0.060056458534082244,1.6829853066424143,-0.9266921167982761,-0.14314848744874914,0.6802020012325309,-0.7504742903779114,0.0740887998122109,0.0739001293339648,0.0699363209996359,0.0309483925009024,-0.11371502281152454,-0.881726704523082,0.09060865521995846,0.04042872832426046,0.019168901781919375,-0.004728499889904491,-0.3825083918173615,-0.4795287128019049,-0.32642809761929537,0.616133239857208,0.24334748431996672,0.05583669173059668,0.04955948656830818,0.022012306659665686,-1.1932955766923146,0.8125253371319423,0.81034381589052,0.7925186126420682,-0.7925186136598834,1.8705211641217296,0.1622607497107754,0.21528327653272464,0.09243524407059903,0.051587003463055316,0.4175155433595001,-1.4242916742787923,-1.3201588546283425,1.0220472215964005,0.049146444330989005,-0.6260014571863619,-0.9606409351745914,1.1870456346954747,0.6551166823059229,-0.5267608291522151,0.2261983773057904,-0.4689605527605738,1.0269456835228772,-1.3250654066077883,-0.9372173208245139,-0.9650546019119379,0.931448105464092,-0.11398183336251576,0.34265329015851864,1.0275642343364293,0.18465974250254863,0.22438194463407388,0.12380577383205929,-0.17970243945770087,0.09117063310307837,0.014753857871114431,-1.3813481392286762,-0.2959186636871557,-0.7384960045580768,0.17931600588290847,0.24582789604500524,0.07775277949662551,-1.6924948811792138,0.18465974250254863,0.12380577383205929,0.1053087054992991,-0.02635463446849822,-0.0017861795681719586,-0.1379628639880113,0.04269492018793201,0.03424451359589918,-0.11757927025044311,0.07549108397929528,2.0174897737437267,-0.49873125147575037,-0.019186452595659622,0.05785702903649526,0.11887719154146152,-7.606852486464398,1.3170045281173752,0.0,-0.8363175774500458,1
-1.2265849635968855,-1.0461859049683062,-1.2071482861955483,-1.1181266373108425,-1.1180817793380105,-0.8748084021799124,-0.6610712464268309,-0.5857170343503896,-0.48883841111707327,-0.6607242935174994,-0.6569340892893251,-0.9266921167982761,-0.05164685830014284,0.7586786661954161,-0.7504742903779114,-1.8034735941561977,-1.7822467700652926,-1.781568437560838,-2.2141115766429795,0.3580661375219433,-0.515913607056525,-0.9743999379326944,-1.9630233333790694,-0.9220688819404328,-0.09276770994026211,-0.10290805588079384,-0.15011549724994536,-0.14063471695468965,-0.5976030094209935,-2.552747110986924,-0.732753815103001,0.6296956685353922,-0.366019580682207,-1.8528588870703688,-0.07183723236654412,2.2950115111710354,1.9048904398197206,-1.904890432991754,-0.6493634032561596,2.4814604566931804,1.153738707235896,-1.0038977470993313,-2.150219936172841,5.940789349738645,-1.1461557372326114,2.203207374993767,-2.54353209279654,0.09684403669929592,-0.6260014571904153,0.2699104749840843,0.9614453944008462,-2.2468697279369643,0.9088587646920231,-0.33239613657251255,-1.6531831059620772,1.342120660766025,-1.0678961000437288,-1.9550553002161497,-0.9340121612275988,1.757783801948686,-0.02473887931136009,3.1282408453871198,1.1072692866507512,0.138187542993355,0.32683874339372415,2.008312729914021,-0.18884351484439874,-1.0244707177098598,-1.1652619317659871,1.0362292784545937,-0.376217114572361,1.2419286348563008,-0.0680246536087287,0.5338438065628366,0.05944903233086977,-0.7837003371364778,0.138187542993355,2.008312729914021,1.334829410039285,-0.03505977934291099,-0.0036760579095712577,0.3228299545613205,0.04033350624954201,0.39505600682810804,-0.11757927025044311,-1.1564535842099923,0.5257650859826978,-0.3216425940803541,-1.1179782348865743,-1.5155804540390514,1.9819175781280112,-0.05764188907391607,-0.12341488871902716,0.0,-1.9146987557675372,1
0.20604705122499314,0.41760562772029164,0.18484668539251503,0.0248182646130245,0.025679072747751622,0.209506065261268,0.3085560838400112,0.24767318499038568,0.20930217922797328,0.2409868446317156,-0.6569340892894064,-0.47119996221625493,0.271297900744827,0.9438955140849228,1.4661831124855165,0.2347695622060144,0.23357412653046472,0.2296125839332144,0.36053847371646963,0.9655563246994101,-0.5075479469847106,0.09390771386713588,0.44596926062984416,-0.059464778564003645,-0.03791517746879745,0.052757347570014726,0.047783767637519875,0.027621761461747052,0.11866599683538905,0.41327032552003556,0.01600911535781299,0.7520734506984531,0.49271970633789075,-0.14923888034694402,0.2018312331758251,-0.05100338445788629,0.009996317056890303,-0.009996319803233938,1.4002740923033485,-0.0473760637098956,-0.18968230234765576,0.09747908399027486,0.46266481944743193,0.29588023259002555,-0.7486402194856226,-2.048468245588557,1.5075210033865218,0.4064381157441199,-0.6260014571880398,-0.5966447100152902,1.147160904726064,0.4945071726242514,-0.06691126963600813,1.030000786650856,0.16949649187131047,1.4338624974742065,-1.3799339802296329,-0.25907789649426377,-0.9715687135168124,0.5848005477548426,0.35210449854151377,0.10414019463610223,1.1662950869950888,1.0896851598249062,0.39000770264902285,-0.023036754269242895,-0.7771659510663276,0.46207369937296744,0.749607777274464,-1.0623861059026396,-0.4017209205566127,-0.7384960045581703,0.205874353052625,-0.4615606739715069,-0.04324825305359837,-1.403032222731524,1.0896851598249062,-0.023036754269242895,-0.20611874821233847,-0.1306467141431548,-0.03123666354658467,1.1573210338728126,0.009045774446049995,-0.471771743780002,-0.11757927025044311,0.4608992449750672,-0.4014304738154724,-0.03516302592238322,0.02497208609489983,0.11428128440146385,-0.06519245637374767,0.0951272724613769,0.16087105588830738,0.0,0.02222145645375671,1
-0.9478586261176154,-0.7588406722892553,-0.9199703268984238,2.06060940865033,2.0560366578873284,-1.6996431019596903,-10.247695684906786,-8.090468483750076,-12.19432394104462,-10.215786840612385,-0.6569340892867704,-0.9266921167982761,-0.17010891550371918,0.7600569875705013,-0.7504742903779114,-1.0608103283390822,-1.04957754155969,-1.051200787032297,-0.45009148526536397,-0.1779478084950412,-2.0945541763550115,-0.09888422813820208,-0.4363551688588884,0.2538545364003358,0.0545269862162562,0.08575375831339108,0.09220639069664356,0.09027301407616269,-1.4705480539719642,-0.41349603896537007,0.6348740565150969,-0.005180590641672034,0.09957644789313032,3.5646991318616768,-0.06804596652219935,0.252259626525517,0.28367965806194484,-0.28367966065308126,0.0460737374919781,0.04866360946938514,0.00153011071981765,-0.10155840386702843,-0.451592388221093,0.26148400778344816,-2.327533575141891,-1.4562237202460921,1.1122352946096303,-0.7209712716185507,0.2645152852112069,-2.2835379717219,-0.9782991603033332,-1.0407158270596368,2.3595948846826533,0.2560642987553857,-2.0022708876446655,0.7636418004711408,-1.3977701860608873,-2.090348517815923,-0.976781890802105,0.6087504885611988,-0.14159854871695177,0.4512046008557257,1.3887188417069734,0.42700376471908996,0.12949436087338795,0.005214966342930043,-0.2813650160378716,-1.0933237016262867,-0.988571925858445,0.7061520418556321,0.5105263280822117,-0.738496004557354,14.776727685628584,-1.1184137923306345,-0.30101709063027354,-0.26126123154325526,0.42700376471908996,0.005214966342930043,-0.0474486319481085,-0.04182599179443589,-0.005332168029813981,-0.22236461814544337,0.03626427043955041,-0.043887424697006065,-0.11757927025044311,-0.8181468063030779,1.0544763023099835,-1.2453979222039593,2.0605498383015277,-0.12056415344077905,-0.01659745715555811,-0.09090810455306143,-0.19072406653786123,0.0,-0.2737279308644999,1
-0.3883981405183675,-0.19344404500057116,-0.3781826464463124,0.9179157824147681,0.9172555820168026,-1.5550209075081844,-0.9472342457429549,-0.8901012070865582,-0.5313603173539097,-1.0889721628810904,-0.6569340892875035,-0.9266921167982761,-0.2114388664005583,0.640923192302529,-0.7504742903779114,0.11572152481121109,0.11525253745393393,0.11127992690633512,-0.422775537520871,-0.4583198485024417,-1.8369116451946346,-0.396342875946371,-0.27719010372141994,-0.05684940717449483,-0.1422497665898642,-1.1038178657930338,-1.2610572309451202,-0.30209676821627723,0.2762487963871415,-0.09451905725705746,-0.1693658147727034,-0.20412832250135088,-0.20333006921516267,-1.8692586984181014,-0.29305638423270086,0.9116971329052701,0.8838857581819545,-0.8838857587643386,-0.5135980212888328,0.22389897086970245,-0.18968230234765576,-0.4079462391036406,-0.34228986025006675,0.707371458366909,-2.181755520529128,-0.7452820774922175,0.643487260037403,-0.6662897443981249,1.4500953753465633,-2.0394497796619415,0.6300234949703435,-4.80958636418581,2.310883091954856,-0.07304909220466455,-1.8704705646541617,1.1894825421649227,-1.488876151650909,-2.0525312497107833,3.273145845418236,1.3829381552605948,-0.19164178986540362,1.0459107073670306,1.2214381728315908,1.1421046103159234,0.0713315199150171,0.214195409830263,-1.0206104339348374,-0.32231321067103386,-0.7244769421820739,-0.889275371940066,0.14877132321338826,-0.7384960045580949,0.9538908409089677,0.5796074047537864,-3.177021875729765,-0.2714486815055339,1.1421046103159234,0.214195409830263,-0.2899046112435301,-0.2858999808104581,-0.05663696682573792,-0.409336388867171,-0.09529268002568035,0.24828788004567068,-0.11757927025044311,-0.1843209192503936,1.1687627984132334,-0.3847945932882811,0.9180499650323202,-0.009088286409838862,0.15332042208512536,-0.09021116223888535,-0.1892762106241968,0.0,-0.9345256625026289,1
-0.6654838261695302,-0.8918140989238648,-0.6954778442839201,-0.36067166211805746,-0.3596805747107957,-0.25783896091933245,-0.26218157757639693,-0.2369848487010949,-0.24100817726958487,-0.13811364121197664,-0.6569340892893892,-0.9266921167982761,1.5908540174037546,0.8757015015272772,-0.7504742903779114,-1.3091861053482778,-1.2947781203836213,-1.2956574055418246,-0.316466473434013,1.206838551296682,-0.8956516520754562,-0.17591643784584682,-0.5258380528992983,0.10233703924264981,0.013007932811948942,-0.09318065962589646,-0.13816188933591836,-0.05368455841143451,-1.1672551807881004,-1.0889810593266096,-0.49649334548232277,2.5324208511804134,-1.004293429522058,-1.8430494880252264,-0.053560959181544986,-0.019221933048826686,0.03852545853339518,-0.03852546128853028,-0.6785567720620673,-0.014784749608778928,0.2719507441687602,-0.18053362133527517,-0.5490530488645267,-0.10114749728302225,-0.22875178478122557,2.1104525020500104,-2.4623174341226766,0.8733593259998655,-0.6260014571907219,-0.1360233838931544,2.1638303149982443,-2.1246483496181527,2.1440488098799944,-1.0024940790281458,-1.9475156748742413,-0.7061094688897888,-1.4056290638434767,-2.027396005886422,-0.9767309919761871,0.4863642871552236,1.6634641431955546,-0.4734542569814265,0.7374568088377315,0.6921645033018552,-0.2874900549853654,-0.0293264460326697,-1.0206104339348374,-1.9402284254904318,-0.7915674918991692,1.4476395335535752,1.9601963752208003,-0.7384960045584484,-0.13924666957520188,-0.8540323460841615,0.03471708683229852,0.5484014824977467,0.6921645033018552,-0.0293264460326697,-0.2899046112435301,-0.08712441621285325,-0.0183916599952777,5.529379655840139,0.022460318184817047,0.9570661379051654,-0.11757927025044311,-1.2965657543547022,0.8047645433312951,-0.06142088694350249,-0.3608501893491383,-0.21184366678192598,-0.0606367459213483,-0.07014646523385204,-0.14830515471497052,0.0,-0.007917425014264177,1
-0.2710878600540515,0.2175922828014865,-0.23376523942850264,-0.35125729410945755,-0.3502642794106274,-1.4941482502810526,0.3613263693484089,0.3269940630664442,1.1280431141605234,-0.9910649483624113,-0.6569340892881795,-0.9266921167982761,-0.2721222381305748,0.2580461492404005,0.4650743871450335,-1.0667890313178388,-1.0554820237291178,-1.0570878053134662,-0.03625181433803193,-0.23281450864138273,-2.018415643658174,-0.17591643784584682,0.10924703957296517,0.20111518674882642,0.05577941706208769,0.12951191685763339,0.15247467187413888,0.1190388326893888,-1.5649201425229478,0.2862928690453687,0.5237675340848404,-0.03127917873896228,0.025189671845764032,-1.2956653131866438,0.3330393530356156,0.6150905696878329,0.615376944722106,-0.6153769464583896,-0.841755058905493,0.13036365820649556,0.12785138884523428,-0.17872157557866375,0.12225923321321427,-0.09374786534967715,-2.2299435403180294,-1.6708874426460971,1.250119156382199,-0.4164837946464449,0.527836793395913,-2.063314548525678,-0.9477923907405248,-0.8195643572029113,2.2890577149954177,-0.21712401087447888,-1.8396329121052455,-1.016007315838105,-0.6968141596732211,-1.538205479201916,-0.4968745708785724,-0.9233384702447909,-0.1703787851404081,0.4458322086176553,1.226141127165643,-1.7948688657016523,-0.03225828238972151,-0.10427493436903482,1.8073649046424491,-0.959513674017981,0.24622320604821124,-1.2312766243753126,-0.1073497570414462,-0.7384960045580334,0.5845495478100382,-1.1184137923305097,0.9005193300294343,1.3204887902133147,-1.7948688657016523,-0.10427493436903482,0.832864842993753,0.03821160444442729,0.012803476351758464,-0.3210948175896708,0.06820889118247618,0.031133247596566126,-0.11757927025044311,0.1538385205304667,-0.27724396029438997,-0.18887598379612242,-0.3511642332205108,0.07452771674018757,0.062499041942289266,0.8230598597913092,0.8186712387462495,0.0,-0.6418430718392906,1
-1.3474108106980651,-1.2396061933610036,-1.4401129422920917,1.6360411358431444,1.6331408889685097,-2.0457618110347213,-0.6016980799888907,-0.5887285566499799,0.3021837726081861,-0.7172808142005741,-0.6569340892862198,-0.9266921167963283,-7.535036857534312,-2.3465309187284045,-0.7504742903779114,-0.8442784267778551,-0.8356539980832072,-0.8378907792566794,-0.43518595039488733,-0.8703723496602349,-1.6747258975630195,-1.0024627799207833,-0.33227215521082465,0.7584155838737349,-0.030652093374306976,0.02096283089103022,0.00598152046285899,0.00038955150996323437,-0.44924098542442653,-0.24814948045939111,-0.4470592433779943,-0.9550547739401783,2.6267644445642464,2.455115631907836,0.004508061628981554,-1.9137832651636988,-2.1836669135384876,2.1836669227074883,1.256071449939505,-0.23457274885003987,-0.18968230234765576,-1.0342787611714503,-0.341611615484443,-0.3184373647947757,-1.0702900654803547,0.22241393359619274,-0.14907600125579618,1.565211093058359,-0.626001457190231,-1.5658530367137056,-1.4961916481827022,-0.611524897707465,-1.406659744498657,2.6010771607781504,1.8594083655367137,1.2138213490362075,1.7989901044406724,2.5783016369146448,2.1855478960259953,-1.9411650902895758,-8.928024852643508,-0.1040393066295202,-0.03273217462445318,0.6886279466446898,0.43974995391685284,-0.2134621933322101,-1.0206104339348374,-1.3522957657835042,-0.5379209829931264,1.5901741008039618,-0.39090733800593924,-0.7384960045577371,0.6826587529362618,-1.118413792330192,-7.2759099563440355,-0.9538580781681465,0.6886279466446898,-0.2134621933322101,-0.2899046112435301,-4.426559574850092,-10.347171629860805,-2.807715989289526,-0.9712213032959225,-2.441990398475522,-0.11757927025044311,-1.1944564834286961,-1.2576786315326653,0.07453172287535459,1.636012723955198,-0.07554719700993782,-0.24542587588892506,0.022449163158749456,0.028061062478417508,0.0,2.2236571349557286,1
-0.8594696938175336,-0.8239234184784102,-0.8438714794607817,-0.15181294144974472,-0.1508414974851469,-0.5437449259836019,-0.17646485223118802,-0.16032914042889881,-0.09633026460177929,-0.18304362669649574,-0.656934089289113,1.6855188790237634,0.8364788237981442,-0.7897356100080449,-0.7504742903779114,-0.6370888644956287,-0.6308023573405145,-0.6335822470940451,-0.5948851749307409,0.27430156760526925,-0.5606734639113915,-0.48934079359818555,-0.5194385381049423,-0.07727378811944911,-0.09329687245437132,-0.1080845979971349,-0.15645917972116202,-0.15795588771558,-0.027086158595323512,-0.4084224394808486,-0.9994465976451627,0.2623218910885016,1.6036844941099333,1.568942350200038,-0.01043849401993325,-0.04633662795523558,0.014211525327596713,-0.014211528075590538,0.16762255958746144,-0.027714437384493647,-0.18968230234765576,-0.4849171168758211,-0.5262790607239032,-0.1764092053317241,-0.047763872461492066,-1.5106522307001469,1.1463330577994055,-0.7774356691912088,-0.626001457190776,-0.27187606713383305,-0.3420784949786868,-0.24140058007850979,-0.05336710141149068,1.349082175039029,1.1229537578661597,0.37889653121816425,0.6182937201724927,1.764845473602171,0.7144183519346143,-1.3992788565353977,0.19587897363247278,-0.10419103998224848,-1.150303430361979,-1.9371520720848083,0.526196848708779,-0.16726187471295964,1.0931788317792017,-0.5673311648277253,-0.6603911554350029,0.9731776922689239,-0.5308069664352418,-0.7384960045581802,0.11447990873681411,1.7323832087425524,0.36685670806250564,0.23485869151546077,-1.9371520720848083,-0.16726187471295964,0.5058706114704229,0.4891449392739215,0.14042248015112316,0.7013888221585074,0.183025679638201,-1.6854320566279126,-0.11757927025044311,-0.7787223583143057,-1.096506190276527,0.14082152318533545,-0.15158218418724814,-0.09202504030024536,-0.0645258589115295,-0.0014143444177644193,-0.016131321375788467,0.0,0.017778394947771576,1
0.2381189327969578,0.303215245058746,0.2211639570547519,-0.2275410191633099,-0.22654721942238967,0.30883379868798444,0.19058782172142957,0.1581804775585854,0.08203565525056897,0.1828673433060127,1.494799404356197,-0.9266921167982761,0.09906049459561485,-1.276228303561356,1.5364558899288268,1.2302903538605239,1.2268533554452608,1.2239663702842525,0.4114928067688875,0.22998052443555764,0.5743719165859059,0.41780498118488324,0.43981369034285916,0.16606829889658178,0.07097345539000222,0.12102587808047327,0.14068623410287978,0.12336585556444905,0.42014538410148866,0.27896743028755716,0.19427023646630245,0.07880606596524928,0.538809894342609,0.8115106999455983,0.0134041092113692,-0.9281868508526586,-0.8474645444832947,0.8474645441548557,-0.3599216704056555,-0.189706628799934,-0.18968230234765576,0.4251691327960441,0.45571358221003966,-0.19241463393415495,0.19895770016117473,-0.7997642131999151,0.6825044241406806,-0.7774356691932196,-0.6260014571908911,-0.2590133566820905,0.7479625686745897,0.442248709679079,1.0577325030412632,0.24561007303906207,0.09035534653099152,-0.417392263201157,0.7940150856341547,0.7297776476211683,0.4923657437676199,-0.85934219242807,0.07600143410998918,-0.05510309323077422,-0.1898127404903395,-0.6255339082532876,0.024886043898428613,-0.15728758907792592,-1.0206104339348374,1.5691473256828918,1.0018824789617493,-1.8179028452085917,-0.5735975448703952,-0.7384960045583074,-0.026352380979800017,-1.1184137923308914,0.382057867367905,0.5459648518744463,-0.6255339082532876,-0.15728758907792592,-0.2899046112435301,0.5719473839892861,0.2534500687082832,0.17071092545039468,0.1620828891451989,-0.5242177463380443,-0.11757927025044311,0.3638867764608547,-0.32965901468240794,0.3103103695277537,-0.22768190128879914,0.09215030358779733,-0.1641965289027269,0.033098514319872915,0.047758076894331584,0.0,0.8596621956709641,1
-2.1762775319438132,-2.350421863484776,-2.168214574642268,-0.5129229347669911,-0.5119987662550557,-0.566135017046014,-0.47832334765663986,-0.43287405986409366,-0.38566447681610827,-0.3930473961138619,-0.6569340892892725,1.3244188487749584,0.11766217557895106,0.5302880618620494,-0.7504742903779114,-1.7811475536781902,-1.7602416422261455,-1.7596351063255764,-0.8295275724064557,0.007040418910184829,-0.9222994069441284,-0.388966843625966,-0.9333718932594751,-0.13412132433178975,-0.30880409930261254,-0.07182124185390026,-0.11175590189878236,-0.07136910235367416,-1.5414735906831893,-1.9679903977067517,-1.49455392607718,0.5309206479525362,0.2761539493805,0.08229121824016453,-0.005654113570692392,0.5969285912967448,0.5987272638241989,-0.5987272656191074,1.1036821030275745,0.017649053614274747,0.9415081303709675,-0.39920741589469283,-0.9930662535729413,0.4315811676783668,0.47724786620583276,-0.04592157591622649,0.1139615639765649,1.2412874155722888,-0.6260014571807109,0.3421588307643419,0.2000921242766447,-0.46351350742489617,-1.4815021461588969,0.7752148812300386,0.9753156617920273,1.567983357770678,0.613561234155683,0.052090843487834694,-0.31274393092993574,0.999131820864345,0.16735933428940328,0.07527355076066357,0.6700698463181958,0.7449381638559585,0.472606512771901,0.09303198043076892,-1.0206104339348374,-2.662928125123008,-0.9724121162159012,2.0946100672068377,-0.5663649795453157,1.5302611870367946,-0.03842292202635484,1.0481858617331188,0.10191921612271247,-1.3815646032077387,0.7449381638559585,0.09303198043076892,-0.2899046112435301,0.1215067801831277,0.03142162755961742,0.8327414102400977,0.09999073949936195,-0.2307641403909561,-0.11757927025044311,-2.6575405224315003,-1.1563420255217387,0.03677782623441705,-0.5129872349164608,-0.8029300915915321,0.057811207347650516,0.006095616548800901,-0.002190234769814537,0.0,-0.6234411232924288,1
-0.16662116590913234,-0.0027137118833793195,-0.11139960597474949,-0.5997688381765849,-0.5989122457066988,-0.19879151318074567,0.07509824037567982,0.07249734682130597,0.06747969163220485,0.09078808710459194,1.5761452180288955,-0.9266921167982761,-0.10391699857330457,0.32473526907084743,-0.7504742903779114,-0.5184740025734912,-0.5134481254867191,-0.5165128374096545,-0.014603757384953437,0.030624134406634886,0.5168400307538858,-0.27950990085333993,-0.0600790384003137,0.27362252899716266,0.045845981894261874,0.1064163742984788,0.12049919837202222,0.125550794254144,-1.4465067389453132,0.14631243974591315,0.41208693213507475,0.18081427690972615,-0.4372395188324381,-0.31039119857446607,-0.5134009204849002,0.9107297538063749,0.8830312061615397,-0.8830312067481658,-0.7987172650031057,0.017962725280930552,-0.18968230234765576,-0.2847113917551097,-0.0541256334858534,0.3798356282240323,0.4083610242774536,-1.1825511246545903,0.9340040514850536,0.2520642499656341,-0.6260014571904702,0.9226374118192014,-0.016238570191058697,-0.02274416251977446,-0.049436905844975156,-0.46591370752563405,0.7900129899147991,0.7710597397268555,-0.06533749141334776,-0.2561368521155373,-0.6647593336559767,1.331509182620519,-0.06840426536670895,8.966069008673639,-0.15546035786265489,0.9950087577869674,-0.13467262323992338,0.205939962118195,-0.749689237952565,-0.18316071694396335,-0.27862557114952213,-1.1095616962918218,-0.5404111852817223,-0.7384960045582724,-0.09816481114228236,-0.7344728445260779,-0.018037705088017428,0.20061537998760864,0.9950087577869674,0.205939962118195,-0.16929745488023237,-0.18715489056930465,-0.035474385435355374,0.02802451137324148,-0.04038696937174828,0.4581999394048365,-0.11757927025044311,-0.027846636844587786,-0.7052113463840916,-0.10289506222041309,-0.5999793289064517,0.03155616916603152,0.15298436326193024,-0.49620130216640757,-1.699107528331221,0.0,-0.9336313968397564,1
-2.1216097361870427,-1.8086064875583099,-2.0892790389739617,-3.9732949918304223,-3.986692724936834,-1.9238182802024253,-0.6525142996173255,-0.5738628619688572,0.07258471141994652,-0.702509349581204,-0.6569340892893379,-0.9266921167982761,-0.21995814819660056,-0.1317218142366216,-0.7504742903779114,-1.5897349626366524,-1.5715321659801578,-1.5715365390425549,-2.3931439283390263,-0.35252535228311666,-0.5075479469847106,-4.153243989326855,-1.9498523179631662,-1.8286317473158253,-0.33394872446905577,-0.436400721282705,-0.5406609756586078,-0.5504397260194036,-0.8444488890263567,-2.2464590990218554,-1.7520144331294927,-0.6940596068167563,-0.30022502213480967,-0.6515107625921547,-0.0041931078766516946,1.586963405705069,1.4535848085029188,-1.4535848054812694,0.439376266378436,0.33342083135910855,0.5605439857467999,-3.7995699984973585,-1.870729218691031,1.1292389683147437,-0.4289938597913724,-1.898454370198124,1.4018055442693511,1.4279050874196353,-0.6260014571881323,0.03986407152000444,0.14135375974827227,-4.6910566954870285,-1.2338279018048208,-0.18711071831449533,1.5710518365267439,1.6697244153295125,-1.2268909519391182,-0.0935704842543881,-0.9657713978343443,1.9470508586183495,-0.2041000261678663,0.3903604833661746,-0.19481451466143834,1.3892242148731442,0.14595898227183007,0.6780249839023189,-1.0206104339348374,-1.4339309883588385,-8.964507846619838,0.04664425696353981,-0.4693849626264495,-0.738496004558113,-0.06704305689233878,-0.35139029795844046,-0.10861917254976196,-1.4121468358735512,1.3892242148731442,0.6780249839023189,-0.2899046112435301,-0.2838880030581933,-0.04763559716848376,-0.5064212760966094,-0.20845406002473757,0.3363092456206143,-0.11757927025044311,-1.8606721237450137,0.4958633370564822,-0.01047021891712143,-3.973092158450575,-1.0073716301994116,0.5454300632315755,0.008804531421539287,0.002827657311933788,0.0,-1.5106956957106414,1
-0.2186955140977823,-0.05374068374684668,-0.15855885238243828,-0.7352324488213247,-0.7345221938748954,-0.23225297295384806,0.07849353100634328,0.07621670350845268,0.07890830862042131,0.09295579219037735,1.3069205129882946,-0.9266921167982761,-0.22091651856992206,-0.52565176013517,-0.7504742903779114,0.4510494818734357,0.4488064316944328,0.4449702813432806,-0.13298697427240333,-0.5065358202034249,1.3226118188776723,-0.6104463440199106,-0.17789281576969798,-0.24820290034427828,-0.2710008210204595,-0.02550608917442529,-0.053666855699483665,-0.05312665596888186,0.6216203609672167,0.03374182942367697,-0.2698375732933204,-0.2522087508332235,0.32424236283853425,-0.4606846690714766,-0.12985631412566942,0.7228052974303666,0.7134237086008642,-0.7134237099605061,1.0990603750508385,-0.04552705362757432,-0.18968230234765576,-0.5703632508000887,-0.1488615289230031,0.3215879966237779,0.7775985004792862,0.7941649907942765,-0.8380122516181091,1.437420907018276,-0.6260014571849782,0.9892195110502017,0.4386321864762993,-0.10205649234061695,-1.2132666317072511,0.814781553631213,0.6184424624051373,1.4880311047821184,1.197331535393455,-0.10779718367393747,0.12376816793038829,0.8688489090977384,-0.19143004962529894,0.09993844136092307,0.8834721565671364,0.18832066912224843,0.5554499409543974,0.09845511477622637,-0.24550903868805005,0.004807243084051579,-0.512843092155206,-1.4751458335358822,-0.5368522601262793,-0.7384960045583212,-0.00919349824870576,-1.118413792330883,0.13124771885381437,-1.2911483807454525,0.18832066912224843,0.09845511477622637,0.10452691843409298,0.15240921444604505,0.0365434839769918,-0.3952144347184369,0.11710797254474493,-0.28335557654147414,-0.11757927025044311,-0.03837907995423177,0.20896305268526322,-0.154923502119956,-0.7350118870316696,0.03308534351990255,0.09211074700479562,-0.15511944430159527,-0.3326025639771483,0.0,-0.7497951843783386,1
-0.16773744830866216,0.025922855884003188,-0.12428804964682619,0.635644375963005,0.6356313356496741,-0.4188113222296453,-0.06650201123046105,-0.05865510031724659,-0.01990641009946644,-0.03401671568029939,-0.656934089288837,-0.9266921167982761,-0.38743053531012994,0.03796235322513718,-0.7504742903779114,0.31298916193116544,0.3113752663251384,0.3074455369280428,0.04051181115385304,-2.158623171241469,-1.652052450837128,-0.14774420604323135,-0.0034862457081243337,0.06496770070288442,-0.010836905266637708,0.09908195780576386,0.11041982747105882,0.08201167150561718,0.7220806572075266,0.21644041671926778,0.1595284236186916,-1.312616206919027,0.08397025181453657,-1.977972483315389,-1.4735923029540157,1.0908482763891216,1.0426220619599293,-1.0426220616870234,2.363088713435679,0.322801551736166,-0.18968230234765576,-0.15055569868929342,0.006094078958331981,1.2412694979534546,-2.1339719361934355,2.8870060871306844,3.8837481152238835,-0.6395947392715161,-0.6260014570440132,-1.8757575883801885,-0.6073081939854591,-0.09864755999938031,2.8309987431741948,0.6169118366100392,-1.844640965342749,2.0376395073954336,-1.5072148584445302,-2.0577611383983068,3.2731419467195604,1.6492441613139528,-0.4121827025314088,0.46171125077923286,1.374482338219615,1.5401625155121703,0.6378709731305412,0.3172564020753956,-1.0206104339348374,0.08593998290896171,-0.25525877376857226,-2.024177629044709,0.14224323876646539,-0.7384960045581649,2.274225148827701,-0.011064899006137344,-1.0226715655359635,4.935877316857727,1.5401625155121703,0.3172564020753956,-0.2899046112435301,-0.154102668719662,-0.02720492099217911,-1.191388027994055,-0.03142222825810252,-0.027943888056919868,-0.11757927025044311,0.062068568109335205,-0.4614102664822648,-0.9739409090415166,0.6355806844011993,0.052272405283210525,0.2253563820366849,-0.19056700136153598,-0.4195287553326781,0.0,-1.1020048228976185,1
-1.0301995687579146,-0.79758109680355,-1.0614318514417607,-1.4632598724738377,-1.464103717623479,-1.2139341760405549,-0.3058465213410843,-0.2717005170968748,0.01672803423361159,-0.3987027889839938,-0.6569340892891372,-0.9266921167982761,-0.4082674563227592,0.014798766274575303,-0.7504742903779114,-1.2306799581959367,-1.2172953706795007,-1.2184135436007844,-0.5999001384822803,-0.39094987975145845,-1.1795675726599142,-0.8709557809188058,-0.4576387627443918,-0.6239549952917969,-0.11936481469918732,-0.1746345843071986,-0.23702383415797493,-0.025796445890587945,-0.8527671948463412,-0.26782261403963814,-0.7990431053052242,-0.21607990139616787,-0.051197489561373884,-0.4316737099548922,-0.024044405576454504,0.19209929562819714,0.22911414402851996,-0.2291141466929588,-0.5783994648930673,-0.04141154589602581,-0.18968230234765576,-0.8957748473681098,-0.4388111158001753,-0.09912977502678949,-0.6485848310921296,-0.034429991058758436,0.10462166734573757,1.4205001017334022,-0.6260014571909099,-0.31108498341551577,-0.6031062592186673,-0.8150178954970412,-0.06227297180144687,-0.06022512760658324,-0.03716521526436096,0.11936515419114493,0.8916628060172742,-0.1898270827248856,0.09383241097837434,0.2320615706815047,-0.3526092608572438,0.19749387183782008,0.4362002500495233,-0.29359108994870103,0.0014101876087611587,-0.03563379027021236,-1.0206104339348374,-1.7807880270615357,-0.953945411096312,0.9459349712564205,-0.5244703509473735,-0.7384960045582767,-0.04490592494557654,-1.1184137923308413,0.687137940063107,0.30792892323350696,-0.29359108994870103,-0.03563379027021236,-0.2899046112435301,0.9041886624539304,0.22771842434769382,-0.7865888041150116,0.30982297377185364,0.10566888893502713,-0.11757927025044311,-0.958320049345448,-1.1316720720895657,0.010683147936755035,-1.4633950225253727,-0.14892643258845809,-0.027291539267406094,-0.022628108105444095,-0.05588387664689375,0.0,-0.21340910209650285,1
-0.8523877395853624,-0.8905431945413153,-0.7266855281297808,-1.0577467625310206,-1.0575735545313407,-0.5155175158099092,-0.0004899553554929693,0.008939702239283248,0.07557915246296197,0.011501611648393428,1.352133258835143,-0.9266921167982761,-0.17522295694688655,0.8896505124854784,-0.7504742903779114,-2.095048092228639,-2.069528938525759,-2.0679055610572536,-2.6456758094681527,-0.32134598910139334,2.1816884272330417,-5.265616945669004,-2.410040921774576,-0.9852348814389839,-0.614417347351517,-0.4084054113226066,-0.508980476538865,-0.5024077589240113,-0.07196809693716912,-3.193795454287205,-1.0545195353512928,-0.023142778302077754,-2.338672836095645,-1.4201290499242316,-0.06903924206045446,2.832837625323417,2.0874586793821193,-2.0874586708050997,-1.4952991279788952,8.008483453418489,10.323331418087067,-5.517839310990622,-2.6642346023979964,1.7029610354480214,1.885107093413807,2.1061972347377838,-2.4580479737798715,-0.7489759298957295,-0.6260014571902536,2.6517490285235055,1.5015738422672544,-1.8325892742067078,1.1875232090018049,-2.884448071593728,-0.8961284377861747,-1.546239617985047,0.5153281252935249,-1.5063224383530025,-0.5049924045345753,1.7250596872116477,-0.14436895855506174,-0.10840800033381097,-1.732837030777938,-0.1307302693223728,-9.878086840297227,10.17507102733817,1.702230264430373,-0.8020348085542307,-2.8801489386547425,-0.14492752712767903,1.945401088978277,0.11474403613611577,-0.16601918872154292,0.45708938547236516,-0.029805718331791284,1.2395918405530504,-0.1307302693223728,10.17507102733817,7.706039468209908,-0.535096063214473,-0.07954212304713301,-0.2758702536954721,-12.780147564105555,2.4806563167885423,-0.11757927025044311,-0.9296129997312264,-0.09471200879615667,0.30731083610640486,-1.057781623816301,-5.332975060697053,9.82263555114124,-0.08179046405120838,-0.17191741460389423,0.0,-2.064830464909019,1
-1.155194281758908,-0.9984970665652455,-1.1408155957792683,-0.11755973608741366,-0.11660416631446255,0.0898272230615797,-0.5483178876425969,-0.4906388873627968,-0.5598324115085312,-0.5781854663909255,-0.656934089289429,-0.9266921167982761,-0.0009420227966487481,0.5019670026616122,-0.7504742903779114,0.7185018970448163,0.7154166062886103,0.7118561468232519,-2.9457917699473084,0.11528715051409562,-0.0017046365959967342,0.07738470765050068,-2.4409650418869417,0.07314928508991557,0.018721972606036537,-0.7204709244925415,-0.8543727969051831,-0.7209839234904541,0.027337283306646993,-0.6844846179252605,-1.0310767525187299,0.07351580036879897,-1.5920354039692213,-0.5896717775685547,-0.0012752351956840514,0.7487965684106656,0.7368222674975936,-0.7368222687595821,-1.4609571227661422,-0.12734869372793034,-0.18968230234765576,0.08063933467851274,-2.7008193748209792,-0.313833472995481,-1.1080230847507535,0.43042957700321977,-0.38324302423892104,-0.7489759298957295,1.563477262562692,-0.8904882100969144,-1.3120249367529948,0.0857276330138835,0.7482772660848395,-0.8301979846324608,-1.5644778313300758,-2.0530374130982185,-0.5693967734188435,-0.7793478155471143,-0.29320717126273255,-1.2140486640926074,-0.07847638199271527,-0.10840800033381097,-1.732837030777938,-2.0072368216366994,-0.28443846045119925,-0.12154149461144241,-1.0206104339348374,-0.5381487098428528,-0.8530175646789842,0.9666327400103787,1.958698482768739,1.4027316204886735,-0.1778385791677184,1.380036676794956,-1.0737386584096906,1.5276433416127526,-2.0072368216366994,-0.12154149461144241,-0.2899046112435301,-0.7568423410891206,-0.16960549576847878,-0.016789505990610413,-0.33902783798977726,1.5195209725110745,-0.11757927025044311,-0.9092554552168015,0.39501509079317143,-0.4242360436695477,-0.11733674775531625,-0.19873803617863892,0.09979982465300695,0.013279048317258214,0.011107413994380517,0.0,-0.7756539085628738,1
-0.7511812445810212,-2.235960427227887,-0.9046776695206072,-1.1034970905292447,-1.1034203629608803,-1.1109032357603603,-0.6188426084687169,-0.5548662311389854,-0.36898897777694384,-0.23721996305553536,-0.6569340892890717,-0.9266921167982761,-0.36850412965004486,-0.1393498828393127,-0.7504742903779114,-2.684741252069555,-2.6500219051292673,-2.6464673229378346,-0.9491671960928011,-0.5717461553622968,-0.3035045574448779,-1.6962700729525209,-2.328370003274288,-0.5433562046050957,-1.0517594220964708,-0.5243171783089768,-0.6391693752279509,-0.23781310733869954,-0.5439879444669883,6.173988650585999,-2.170356266601689,-0.22847609166352148,-2.2526907320936425,-1.5434701550547427,-0.011010706712441394,1.9375729561101682,2.6419565965179226,-2.641956581968236,-1.3338996913295342,-2.3655555699127455,-1.157424296775774,-1.7542922450131604,-2.403033171805392,-0.4767175337785821,0.023933598631443703,1.4282332579259138,-1.6836079011825722,-0.7489759298957295,1.7423699002278652,2.022623358455023,-0.24259843089220604,-0.9997993150343906,0.7715073571688644,-2.0878974511115396,-1.168526307515019,-1.7569211199481387,-0.8989143805189416,-1.42007968451056,-0.8513285648031407,0.7972138796764486,-0.24442954396388275,-0.10840800033381097,-1.732837030777938,-1.3821608187780445,3.0814252014831873,-1.2174901085857464,2.333348484927404,-1.760822491905277,-1.1470294346260181,1.7528800554927433,1.9563310233630968,1.1090508570242816,-0.23709733901567623,0.07861874544442102,-0.18177089146946163,1.296646429281163,-1.3821608187780445,-1.2174901085857464,-12.221304598912075,-0.45551218242346503,-0.05911251696053733,-0.8449146017615152,0.48302924056051516,2.3421441020537874,8.504900548115383,-2.0618929735206817,0.8167052451190303,-0.05084206653924522,-1.1036267578799144,3.6664736990595523,-2.37739847551239,-0.0025098755512832365,-0.018169491818504444,0.0,-2.4776451244047712,1
0.002981395869645949,-0.08530524146280644,-0.07355437115292629,-1.6155043140233796,-1.6168191604436517,-0.9642690720881004,-0.7666737746792909,-0.6711280007814361,-0.5702392860314541,-0.806347791817799,0.35486629212735904,-0.9266921167982761,-0.3050037300389492,0.19140930965843586,-0.7504742903779114,-1.5529299754327959,-2.839133334968627,-2.834948990699062,-1.002837184168648,-0.36932940744569803,-1.708086473125781,-0.28673636506723466,-0.8838210929181834,0.14954472698937873,0.03517841356234107,0.0734726734925824,0.0755524794136059,0.07155284211419546,0.22393963204655257,-0.8271210571550389,0.17850704614240562,0.008909054872575142,-1.65694830780507,-0.814750697168331,-0.5611247499074575,2.182564674143147,1.8475803476482198,-1.8475803413454213,-1.025263585986124,2.2727906643024243,-0.18968230234765576,-0.2943687118938767,-0.4258164534490241,-0.37881887215985827,-2.1339719361934355,2.665984235187878,-2.8301224995872625,-0.7774356691416624,0.40522312600917243,-1.1063274244972032,-0.05576345071404154,-0.9226616136513147,2.4921861365010822,-0.61668296784272,-1.9686559968811954,-2.3450113491421067,-0.6212482495486517,-0.8411000509786761,0.3341086549482185,-1.9574576537193706,-0.13547982446397447,-0.10852180957402065,3.584342593420556,-2.4470775544911954,-0.40153525596564854,-0.038826511980979556,2.936478207140262,-0.542668813824623,-1.3475374341698454,-1.367233632091161,-0.5757124331512277,-0.738496004558285,-0.2653881379358671,-1.1184137923306527,0.8740854322260756,1.7596030693337856,-2.4470775544911954,-0.038826511980979556,4.977310738344668,0.07608522754335632,0.013242343614671285,-0.22766870969792516,0.2626443099633545,1.5879336207596695,-0.11757927025044311,-0.20146407166740696,2.49587800530583,0.060976466415262894,-1.6154169640594769,-0.24529463695488224,1.5711155679371862,-0.5823514466805855,-2.445371507887323,0.0,-1.8660421172897672,1
0.10660756080095556,0.2582980495820024,0.1665236342351724,2.924585205458594,2.915941024656664,0.8355271816444234,0.11618172219608293,0.10805448940478384,-0.047527826156502063,0.07362107238828355,-0.656934089288359,-0.9266921167982761,0.05107569430672528,0.8371091063165795,-0.7504742903779114,-0.14429791022017796,-0.14280700411639172,-0.1465781490266878,0.0309483925009024,0.7068202915885246,-0.595153045139917,0.33738625717476195,0.10091831131736376,0.12498329979505905,0.39837089273777676,0.12954954485022485,0.15252704053979238,0.10044395651069282,1.6308261815543204,0.26927085335184925,0.3803231749109756,0.2781004269671555,-2.7151178517354735,-1.6582173288273676,0.49553580615207204,1.3045590313841147,1.2259950229347707,-1.2259950215265771,-1.2785885531709518,0.42290823138820977,-0.18968230234765576,0.3424073731524045,0.11392121590626457,-0.35231683142673337,-1.3428208813078675,1.57248047036197,-1.8683656572247174,-0.7774356691926619,1.4500953753465633,-0.4628958733969668,-1.3341785761323912,0.16393385666986576,1.1542665494050364,-2.0267943423245347,-1.8522484363252134,-2.2486625640698743,-0.6303725272065345,-1.9109538136041868,-0.720821638483437,0.32608065570602507,0.00885413671992846,-0.1093500490508736,3.584389607396168,-1.1063762258666776,-0.927092608944023,0.15900506796646044,2.6047929956775273,0.08513374823671882,0.1448824119606033,0.27088447562873447,1.9577637613673209,1.2585959163495233,-0.548197051356817,1.6316781015801984,0.26120293105913883,1.632851688563417,-1.1063762258666776,0.15900506796646044,1.0654005242006288,0.06734240192954913,0.015014445199570235,0.3763274380432008,0.10576348671326007,3.304014540107492,-0.11757927025044311,0.12031291626749774,0.32577213212053735,-0.05422547997475324,2.9246403281848994,0.06889318368595686,0.33597239967442094,2.60393546364534,0.9952742485648444,0.0,-1.2890430812902547,1
-0.36416942582589634,-0.1244155636149821,-0.32842963110875717,-0.7625138451441396,-0.7618389265204175,-0.47577469686437013,-0.035705954998599694,-0.030849218848746193,0.026364793859693907,-0.11330783459694883,1.6892716396543388,1.3129537428343125,-0.2329485616969053,0.6983615638177023,-0.7504742903779114,0.08997450238302629,0.08967723830354356,0.0857091325153818,-0.29185512397725455,-0.29259836550620255,-0.8403653948106917,-0.3376073745715724,-0.14206839587795891,-0.2279786872638927,-1.7836182005505992,-0.15240221205705737,-0.21030297811808146,-0.3062450851209335,0.5403594060800472,-0.026169627043400784,-0.09318397618227472,-0.05422386154803918,-0.17867600344814935,0.03263734902425678,-0.27489614322450373,-0.40369164199062485,-0.31412307632142117,0.3141230740366411,-0.4432251276311243,-0.056073981523703374,-0.18968230234765576,-0.34745480037160836,-0.13823328162078596,-0.16266459466267671,-0.7827864691757886,-1.9508020191045796,1.437872731236105,-0.7774356691930955,1.7450160564709511,-1.032583615084382,-0.4475973140532228,-0.16355819126684437,0.7282913839675939,-0.23471267143961164,0.4231583590093089,-0.25404594379551976,-1.3464366363317808,0.2970029104620615,-0.946109055642227,0.023247545253463644,-0.20510873806881577,-0.032617338433555874,-1.1889611237032027,0.29341337475765167,-0.07686721435588925,-0.08803701597451151,-0.1135907417025686,-0.08535757668304172,-0.5812555359052213,-0.7449963887811767,-0.4951589705774938,-0.7384960045581018,-0.051220331214367795,-0.2981165846364329,0.05928035427732332,0.5588724559780389,0.29341337475765167,-0.08803701597451151,-0.12720466505756753,-0.03513967677421153,-0.0035705439134661268,-0.3485655524474092,0.03850498290850939,0.2256699371197365,-0.11757927025044311,-0.17049141048389801,0.5102274917421358,-0.15878188384299635,-0.7625172304895227,0.02710720622180027,-0.10993041678672792,-0.3414322701846573,-0.8933121187856697,0.0,0.350404539703555,1
-0.3045234216408444,-0.09168309688114722,-0.2667637429480536,-0.26991270554116414,-0.2689140023570775,-0.17633035768542576,-0.13093388614996462,-0.11650901726457293,-0.13316611628383354,-0.16425528418886273,-0.6569340892893865,0.5534168236680891,-0.13270291270548512,0.647344317635671,-0.7504742903779114,0.3886960631005489,0.3867201682582595,0.3828364885316289,-0.49489209835728726,-0.09234877599687788,-0.6503976125841544,-0.1407294923776008,-0.3832079445193396,0.14496254206911705,0.027833621898308812,0.025568093490889402,0.011981186862625894,0.04700389912590367,0.7334400125479055,-0.04502211155511691,-0.0014344690553347373,0.043399846690786205,-1.4848239694804264,-1.4629654563342556,-0.3770879024871684,0.9297538627387996,0.9001104161515356,-0.9001104166521537,-0.7728494569254191,0.1365354550523855,0.35555271879221895,-0.1451613629494444,-0.3955544941632454,-0.2064455218788472,-1.4656288953865724,-0.41964568015439174,0.41739244906170675,1.1866703151020441,1.6356212998968247,-1.032583615084382,0.05894959880411167,-0.010451272091551717,1.7232877497554406,-1.0942202906410672,-1.6312544569165968,-1.5814538802770637,-1.1151182686905383,-1.4991848241332373,-0.8388192374881609,-0.26547133474694645,-0.11275223585875434,-0.204923308499581,-0.10124916097783805,-1.436459568383626,-0.4118843375160179,-0.005758245440519753,1.7482471855056223,-0.08352734408561778,-0.5627233103827268,-0.8460632612556247,-0.5322143699264521,1.5431039208531705,-0.30288709187485124,0.9480816748907163,0.17468292660190932,0.7733388904319053,-1.436459568383626,-0.005758245440519753,0.5566766541965387,0.01925589772978913,0.007411880264055286,-0.13232914462375073,0.06552705673244537,1.4098219744064573,-0.11757927025044311,-0.14720291731975038,0.7044646911333815,-0.37025440179508035,-0.26994656339017953,-6.297869265286476e-05,0.15989632431210757,-0.43892247194300166,-1.343891603183152,0.0,-0.9517888321114604,1
-0.29861356082466356,-0.13175677703173283,-0.2500306135047619,0.04253137203923248,0.04337755845473657,-0.5232278654072388,-0.1254488424231552,-0.10610238598361103,-0.051214022534325894,-0.12197279312887256,-0.6569340892890362,-0.9266921167982761,-0.02966096097144897,0.7117010917548413,-0.7504742903779114,-0.5791447274272109,-0.5734815546144959,-0.5764033320365803,-0.24276455908999064,0.08945595817227213,-0.9994017159106869,-0.3339573433205428,-0.24123231022770197,0.08677476900409915,-0.001878416437996397,0.06249438417860884,0.060781748445964866,0.060414852091558516,-0.006335888831828104,-0.024492700523748048,0.05903429945827945,0.13888373121750808,-1.0295066618877302,-1.2051512816646197,-0.38000863695250464,0.767557831411865,0.7541223891346148,-0.7541223903225033,0.18988994127089617,0.15325745373955973,0.7506362457528448,-0.3418201060426507,-0.24463889853245166,-0.10159584317216433,-1.1846882358465463,0.18664401121940874,-0.11009795349456857,-0.4358977198451405,-0.626001457190955,-0.7067047537882568,-0.6110233369952283,-0.1605794756499088,0.09311246807735131,-0.9485316375048375,-1.3362617433949477,-0.9614923621281181,-1.4414783547161836,-1.340244516906811,-0.9820586802968698,0.1763746314913848,-0.036577666311004293,-0.34085569176340796,0.306655929192633,-0.9349440526927155,-0.33186210342070344,0.021202799630089333,1.2531404767418843,-0.2847640881243931,-0.35009903426598044,0.11251505959159651,-0.5141112180656404,-0.7384960045583311,-0.2099316831152615,-0.5305013290111514,-0.007171682490855604,-0.3451063805891431,-0.9349440526927155,0.021202799630089333,0.4394048852575806,-0.07988183708071361,-0.013318665932683396,0.13191917732995578,0.01816449036380757,0.9796945181025167,-0.11757927025044311,-0.2361031093817046,1.8962647418938336,-0.0659713502416166,0.04266814195522753,-0.015271577479365363,0.10547906589942625,-0.4190028511717619,-1.2384250116591464,0.0,-0.7942214196857307,1
-0.5063439904869105,-0.504466195337115,-0.5593112506432443,-0.4408083075402284,-0.43517277938997856,-0.490677226393818,-0.17898936841895663,-0.19113266430446846,-0.11238542918746451,-0.22173479721577927,-0.656934089289287,-0.9266921167982761,-0.29191621024727415,0.7923868172321138,-0.7504742903779114,-0.6755538229268161,-0.6688458920070628,-0.6715289459841985,-0.44015288758808185,-0.3285379335499637,-0.9648839094616009,-0.3193822514497203,-0.3407554963482637,0.03408889806090607,0.002056525282961555,0.05162220186223455,0.04627503630972397,0.03985340826738772,-0.2418765186385466,-0.2255015589147999,-0.08328071434868092,-0.07635673768402361,-0.7062623852572314,-0.69540619601048,-0.09893755433665842,0.1373412664657434,0.17970362951444202,-0.17970363222750516,-0.7990597752253988,0.0009286356519815122,0.29394486565009076,-0.32682523755014425,-0.35065849826835643,-0.2000774059473732,-0.7148913554064206,0.056610411864431796,0.02062921627997251,-0.08519432312729046,1.7236563913131568,-0.6588848447378602,-0.1056997853811079,-0.25869904916418757,1.1135834157882292,-0.6817294192655532,-0.5862612732436069,-0.8207699526586755,-1.223551097232948,-0.491064807709293,-0.8999005060748925,-0.02008571592869851,-0.23513325064133073,-0.39739154470900434,-0.26215355362360276,-0.6399383020707714,-0.20322053940248935,-0.061324500012911315,0.6809172429766817,-0.8025214545038669,-0.8830800410027108,0.371305881218575,-0.5503930712547638,-0.7384960045582949,-0.13139480108847693,-0.06154880297045581,0.01551053612528654,0.9209153297426794,-0.6399383020707714,-0.061324500012911315,0.06526218589467991,-0.08042054164913583,-0.015755100154108543,-0.47057148916490005,0.023645026409191465,0.6938756063531423,-0.11757927025044311,-0.5940428345280369,0.41147925084340214,-0.07637175803197864,-0.44083544731549473,-0.06347024733846653,-0.03651742676965441,-0.16196982455938347,-0.3488665761716045,0.0,-0.15917728875187415,1
-0.03447445615365075,0.44042419877584726,0.04088783309072386,0.3701969308069483,0.38941615019594533,-0.12209227520830773,0.45119055335528446,0.45029370277847297,0.42080340241410813,0.18659214032265886,-0.6569340892891076,-0.9266921167982761,-0.23880431634478483,0.6425334896279735,-0.7504742903779114,0.2959783857678853,0.29445160909131474,0.2905135057042518,0.1852155583301266,-0.2471490996234742,-1.2996003742510636,-0.09195114103200769,0.35348453898473176,0.20629147723612123,0.02117408704036209,0.6277252740619376,0.8877570478976441,0.04660296294323863,1.2519573938032895,0.3936193798142709,0.5565358933972543,-0.006035182712396277,0.09223658646407758,-0.09531114013905764,0.10780836236876638,-0.21107859277105867,-0.13499199262259387,0.1349919900040126,-0.6858608852892206,-0.09347040188431169,0.46542008505757965,-0.09374769794516032,0.36876156550820344,-0.2573517500551881,-1.4656288953865724,0.04962630240150133,0.025375480486919955,0.9684511789421556,1.563477262562692,-1.4607563866940176,-0.8308211490683305,0.04690258660823798,1.4027942764638301,-0.19630149395455668,-1.0337160357663737,-1.0755710477575928,-0.14808545518800223,-0.12953659084141741,-0.09997792896898931,-1.0325869386132378,-0.16552540813146754,0.13676123440366417,0.5846277244880042,-1.5638639498454057,-0.06107941005875468,-0.1488716175678347,1.4173670992739171,0.4168619480060666,0.818869694531555,-1.2067995738714596,-0.4662376988158966,-0.7384960045581845,0.017715161051735057,-1.118413792330828,0.600641570677984,1.0993432696248513,-1.5638639498454057,-0.1488716175678347,0.26504993172484725,0.2171356983299233,0.07168831820721486,-0.27081999264134304,0.10667761803802264,-0.03637173653473996,-0.11757927025044311,0.4672587722811591,1.613042109438392,0.013163477908978979,0.37016027946218394,0.11219974729662101,-0.08662794821054173,0.0644479559393728,0.10548341859751643,0.0,0.1716069463973393,1
-1.4735088602441793,-1.332117432679185,-1.47837217114577,-0.5628935811006242,-0.5620057421958535,-0.7476498071768659,-0.20624344748822657,-0.19083058744832945,-0.0668819468604216,-0.2206675981647616,-0.6569340892891573,0.040217726123737016,-0.15039563702511918,0.8028543920956226,-0.7504742903779114,-1.9981981983553394,-1.974125113290534,-1.9728169346838025,-2.723889810100498,-0.1469963785884881,0.9628524864602759,-2.5164739442511252,-2.2357648768752276,-0.10714387045167635,-0.24481018596264587,-1.7933024508911115,-1.9610351756967788,-1.5491384102094492,-0.5756907960974823,-2.9743654349140174,-1.3559260096860852,0.03510901309556173,-1.3589847432235156,-1.2607644284900343,-0.057842250918117726,2.5262504385249462,2.0023439963461493,-2.0023439885987395,-1.1677510973888183,4.434845754502642,1.6293458794378843,-2.613669886883056,-2.46519666429602,3.914445288729957,0.6942355262289063,-0.06927749562205306,0.1350924201100023,-0.7774356691933475,-0.626001457190027,1.6777832363206822,-0.3501636885052176,-0.4299596838806235,-0.7004471511995645,-1.8191920857168777,-0.026801265704566275,-0.17882747671301258,-1.2036449392567288,-0.9862614859445636,-0.9577482553067893,1.735996489791941,-0.12131766314780536,-0.17015278591709754,-0.6596108550943232,-0.01939515977606922,-3.2097110252099084,3.4605558598621955,0.6595439317916388,-1.1168670752641663,-0.9032964551444074,1.484707558692734,1.9601152535953257,1.380742015102519,-0.17406009258283944,-0.6510536861383224,0.002182452243248803,0.20542485965719082,-0.01939515977606922,3.4605558598621955,2.943788491390434,-0.1976636463070064,-0.02816384667605544,-0.16016581110598285,-0.9081181703363216,1.286019654487219,-0.11757927025044311,-1.439525902071024,-0.5574779688276655,-0.0039929474247021,-0.5626908223680598,-3.1105399612679387,3.44310416225988,-0.07856871750265695,-0.1653399910872592,0.0,-1.9958833298365832,1
0.27874206776214927,0.22652394427559336,0.30867565438096567,1.139662803434804,1.138397194752243,0.3430635626240614,0.1856419964708809,0.1499858964494219,0.07226459332830502,0.18274336691929055,-0.6569340892889567,-0.9266921167982761,-0.4354778379195505,0.9951802336537483,1.6091173484509087,0.05516561167776043,0.05510890025148699,0.05115221296061374,0.1805032291460989,-0.39575672902363734,-1.326669978019464,0.02738758045170739,0.15499247870357885,0.11487833873587384,0.04636910129896195,0.047387805938151666,0.04065838303173817,0.04557202477559789,1.3705622745771602,0.49435973935415917,0.0852127362027442,-0.10844967157355344,1.2147824438541588,1.4435960198396502,0.22591834486052542,-1.1249873581482885,-1.0724863498048578,1.0724863506662659,0.522090809998595,-0.16233697485505005,-0.18968230234765576,0.02827449884737427,0.16464195329411976,-0.1275763929611282,-1.0702900654803547,-2.620486411582304,1.948250091583289,-0.7774356691892447,-0.6260014571910438,-1.3585663469113625,-0.07465372923251352,0.26726711317177143,0.6464893683589349,1.378867960558972,1.5119344536511499,0.7584485444937276,-1.1706538284363257,1.4643634929604055,-0.8029224113629377,-0.8199289572028097,-0.39634792264285496,-0.10762566040470323,-1.659987335194567,-0.0013192683040476778,0.29758855890802743,-0.15976837113686265,-0.4478021956543107,0.18846254708541263,0.24753766421524573,-0.38905020010506053,-0.376785437292038,-0.7384960045576617,0.48498605822066654,0.4819240520581035,0.14474757433405597,-0.3132101905918719,-0.0013192683040476778,-0.15976837113686265,-0.17428243077911132,0.02178360585672556,0.025470991954020895,-0.5497727078509999,0.05024709161944047,-1.288173386684379,-0.11757927025044311,0.19026457561485263,-0.4655503111901957,0.2936648783475717,1.1398735099008028,0.07405078018395461,-0.18213718260894976,0.3323534239075384,0.5059262823601501,0.0,1.0698539438488013,1
-0.5398606722101612,-0.5481477548482259,-0.5086174061827937,0.0666942725345346,0.06751947903276989,-0.8408682871375709,-1.546199829249313,-1.3269711744173869,-1.4136150843638096,-1.1741143399102354,-0.6569340892887744,-0.9266921167982761,-0.16914999853963802,0.7937034946809179,-0.7504742903779114,-0.853833787066138,-0.8450976582145242,-0.8473082376341159,-0.37570758524897585,-0.1922479729446672,-1.8788697575604172,-0.17238506956254834,-0.5407748602717721,-0.0010031260762639938,0.0034168712393367585,0.06676457120990674,0.06651318222945396,0.03397919892483638,-0.3569546869598702,-0.4691342126116841,0.0846773465620514,-0.0169378408143083,-1.071383708360422,-1.6550984562839166,-0.1157243236041409,0.6463192962750671,0.643794992723782,-0.6437949943563848,0.576560105116323,0.15339408938617913,0.46615007621938337,-0.16858861816577547,-0.5090545863309394,0.03376554962696598,-2.0865926134550525,-0.8305941878751363,0.7017117853896031,-0.7292816069269492,1.7236563913131568,-1.9219281010138045,0.34890443053553366,-1.0794907527351936,1.4554575802787857,-1.210394158708929,-1.6514855017252736,-0.35979298937921955,-1.4133490028239113,-1.8521339461783353,3.2731516179700724,1.0189683190336396,-0.14138825949963926,-0.3979902469492536,0.6041450023987425,0.6939059907890904,-0.4102842701784712,0.10397466282962836,-0.7824544379242799,-0.5144210511479358,-0.7918726936369717,0.6463051399686086,-0.18723102173514108,-0.7384960045581396,-0.6893707088189539,0.7507794259652709,-1.8324071803646815,-1.05252248429769,0.6939059907890904,0.10397466282962836,-0.2345177886764931,-0.3217932384494154,-0.06966435333831844,-0.22914028542901757,-0.09112993176004733,1.017590433993792,-0.11757927025044311,-0.6764537722250024,-0.11180544369264159,-0.4183937084939704,0.06661653102036552,-0.11976111276486043,0.07073569886385504,-0.16037293958864304,-0.34505349022694676,0.0,-0.6732744595724696,1
0.2634598906945663,0.18860561312420904,0.3291957061019593,1.2726247389424026,1.2720258325596792,2.100609038882653,0.1228294719581115,0.109384520340582,-0.14760911989663486,0.12006349585419701,-0.6569340892893208,-0.9266921167982761,0.5168795532945532,0.3709975566311944,1.6546457817125861,-0.8961016882425985,-0.8868675671077316,-0.888961189421595,0.12616058636383298,0.2952681303666828,-1.5745197894328762,0.1722883729838234,0.09675260236920305,0.11126899007728919,2.880191666773797,0.12544054256612375,0.14681338471048808,0.14864478076622076,0.13657300089578678,0.2736215027412503,0.5367505152357868,0.31849783090766204,-1.7108701150260701,-0.9974509410590952,0.4110028465485018,0.38158308156818244,0.4016583753336226,-0.4016583776987924,-0.9963783532812202,0.06496007613630111,-0.18968230234765576,0.17694881452009484,0.10835658999796277,-0.35183067629930587,-1.4656288953865724,0.6347807039837818,-0.6320572032170656,-0.7489759298957295,1.4200876765786734,-1.220344363206981,-0.107656279114948,0.7352283646367443,1.9835971363054332,-0.973541121107205,-1.4551649053154312,-1.9723594970519531,-0.9652796145855824,-0.8912241885475005,-0.671354892679503,-0.883226732408229,0.16388820635455942,-0.10840800033381097,-1.732837030777938,-1.688812525585383,-0.30482417024522673,-0.11523074686740535,2.357189751998232,-0.7771910294543884,0.15173730277181494,-0.44415105646280695,-0.5842973519733862,-0.7384960045583047,-0.25926983887707217,1.210154407237603,0.15039358405652786,1.536506019564203,-1.688812525585383,-0.11523074686740535,0.6513619271422119,0.00934225987654916,0.007196341008432563,0.7473713522148178,0.05456244692326048,1.6465401037556406,-0.11757927025044311,0.1216796774164946,-0.4556370958989822,0.11878450481849558,1.2728066506012108,0.06790120569768998,0.008459251580125044,1.5394821571465034,0.9456398352198343,0.0,-0.4046011594957101,1
-0.856638124975706,-0.6735222557278678,-0.8443427234638544,-0.33994815362949565,-0.3342364550162163,-0.22033088140379317,-0.06931750126228862,-0.06431249627835789,-0.0671469131710512,-0.07199995923494397,-0.6569340892893962,-0.47119996221625493,-0.156896208202782,0.341214423853758,-0.7504742903779114,0.03460729888864999,0.03469707971642689,0.030750500201099932,-1.0181950252633394,-0.16841954558073252,0.6687724550771793,-0.3485723950449118,-0.8730566176082873,-0.05381779793219062,-0.12708892565121452,0.07823486867102727,0.0819947729748956,0.05256571085924533,-0.17029147379805581,-0.32286878173380035,0.3359218839375531,0.01956875338623126,-1.2025726449933831,-0.7530379763753293,-0.045131878637651036,0.23766896005036836,0.27052452774998087,-0.27052453036063934,0.7975311234034258,0.02874280773885927,-0.16486879083763517,-0.35836639886840516,-0.9262021255859374,-0.22046481018525427,0.5104359680855547,0.7005822289389434,-0.7157622576919375,-0.7774356691930564,-0.6260014571878098,0.4595656077389495,0.2585780855819504,-0.06621410449749292,-1.0037548606421232,-1.240237482015651,-0.23079542650513146,-0.7362004383201998,0.48773277065160486,-0.6497452697847439,-0.31585909452632327,0.7236979560607459,-0.1280502473033595,-0.15131515643982563,-1.0521005084795587,0.7773307783796337,-0.3715388011731996,0.01521140941056951,-0.033236488980916135,-0.540116594602587,-0.6025911511118188,0.9196882147939599,1.9597822977568935,1.43471211966146,-0.15277212312183386,1.3090183765846484,-0.11389929120417523,-1.00972677044374,0.7773307783796337,0.01521140941056951,-0.11196031663448866,-0.41805723049238724,-0.10585000486123468,-0.1837428149530095,-0.10368904101053512,1.1378655317129294,-0.11757927025044311,-0.7024776501268447,0.08306192096368963,-0.013640558686372393,-0.3397921137825706,-0.0928871026331286,-0.019249941990862107,-0.05754166787533736,-0.12321722990031281,0.0,-0.2590206042995409,1
-0.48384866952961547,-0.2749914382905393,-0.41976547759792254,-0.10449570730334616,-0.10354713619703342,-0.09686342385048632,-0.02333360329595072,0.0008113967949515655,-0.047527826156502063,-0.018799057354769295,-0.6569340892893449,-0.9266921167982761,-0.1974868325260383,-0.6356574931518616,-0.7504742903779114,-0.24735304234784009,-0.2449629076377316,-0.24857648141308292,-0.304155378106841,-0.23281450864138273,-0.12135172367296126,-0.09541619742740892,-0.28777466329894824,0.10446520386100046,0.05245254039753957,0.019134987507890236,0.003605040505400871,-0.04015222213822643,-1.4505659348731261,0.07136442008762739,-0.09318397618227472,-0.012660836743689103,-0.3222266151149262,-0.37393203149507886,-0.04218391314902031,0.09525114262815496,0.14152888052410753,-0.1415288832628607,-0.6036861185313668,-0.04457835172692777,0.05744632592495964,-0.09623117268807087,-0.2735641227692771,-0.12542807224710142,0.04705461574859807,0.6072089441558222,-0.597506229894828,1.5402916158567372,-0.6260014571909359,0.03986407152000444,-1.2346133307286489,0.05747547635861247,-0.7168215021513858,-0.36769005560214413,-0.4671756912968765,-0.3547207593994664,0.45439925420292604,-0.4498845838115362,-0.15356831619295452,0.07974189477932285,-0.1617195800225481,0.8555822202498846,0.3345690546245063,-0.4347609836698508,-0.1061565279334673,-0.055930420353124524,0.289222852772476,-0.24960775289157677,-0.23558769235229104,0.5544748614635594,-0.5651711509365124,1.5284813935792247,-0.08756991936531078,1.594465646736893,0.052620780533863855,0.6369415383754418,-0.4347609836698508,-0.055930420353124524,0.007171984512923325,-0.04534893745920148,-0.006379547218163641,-0.2732198556620437,0.035270803557374095,0.35609517038122535,-0.11757927025044311,-0.2636117930216298,-0.9857175573952799,-0.01284515584180769,-0.10450878090860959,0.002696693900829459,-0.04332909718349676,-0.036874608491468265,-0.08301974502100706,0.0,-0.1178376938393676,1
-0.30935172790091575,-0.27649124607835257,-0.3070973535085444,0.1853961331877064,0.18260886619950975,-0.29238928464724945,0.03457009834857232,0.02717296011546926,0.049290717933818666,0.030767398158389022,-0.6569340892891146,0.21889672210690586,-0.03136882714744677,0.16043041922461845,-0.7504742903779114,-1.042913734223364,-1.0319024377066819,-1.033577808921814,-0.21095277263736123,0.08945595817227213,0.17627214479053235,-0.36689684153844343,-0.1694590252948037,0.05435988909861928,0.017513963790009152,0.08243521557429268,0.08769349580550995,0.0842816222709776,-0.14325309376508175,-0.13538030856765185,0.22589717402480244,0.1780940384813279,-0.9980228362181601,-0.6683684272293424,-0.09495974836183489,0.7763789554658486,0.7618986087728047,-0.7618986099268871,-0.8303927518146061,0.06689446499309588,0.575033398101086,-0.3768563504988061,-0.16771412290718163,0.039278183251892515,0.6652715700604162,0.30885790172395805,-0.24263241065290872,-0.7774356691933254,-0.626001457190524,1.005127799193122,-0.6367257015582947,-0.029862264136728392,-0.5947165658355776,-1.1389252991920618,-0.13502421550608235,-0.2545885112025486,0.2591067035745563,-0.7456030180045874,-0.4967794096826749,1.0380333361417622,0.0027702724110917525,-0.23742341841981218,-0.37850084704470716,0.4874203113364403,-0.4042624991135192,0.1313520283012513,0.04967464290000528,-0.8776168884076865,-0.12556292523728685,1.106629733424958,1.9604703734740774,1.4116664923824878,-0.14129273501724193,1.0090921189404338,0.1382327458458268,0.5300341089090347,0.4874203113364403,0.1313520283012513,0.0335539693458915,0.17855202220728214,0.0412755050476824,0.2749373147462201,0.1305025620441516,0.9514452767559602,-0.11757927025044311,-0.32047284784840896,-1.0991470448580831,0.00946372228650049,0.18564580906463574,-0.037032503825919195,0.10818761530548607,-0.1469394610186726,-0.31349437212509285,0.0,-0.8029219963297819,1
-0.014633866488848107,-0.06929882156417223,-0.19526804716737703,-0.16672407420428675,-0.16574684329803316,-0.0349003799425358,0.11342508007773257,0.08668461299194163,0.06960238644937317,0.10375439123088186,-0.6569340892894021,0.45859916065560463,-0.01855893453916232,-0.4966679174960948,-0.7504742903779114,-0.8404615866450063,-0.8318816843889866,-0.8341289063980228,-0.02181481425315841,0.17387758575758652,1.2574340988806456,0.04412632326494461,0.12381378263976084,0.09603325964201528,0.07917098213849974,0.11259088233384552,0.12901369375176727,0.13091885899607528,-0.2307430977908822,0.07622459303511112,0.6639529279509663,0.3344167245381764,-0.1300878603982175,0.3293368141667739,-0.11976654709352526,0.7208916989941611,0.7116884808816549,-0.7116884822484202,1.8645488353158652,0.06403947949206089,-0.18968230234765576,0.04433776092179701,0.13613243382327686,0.1134731050140726,1.7100199557269953,0.5470359568310301,-0.5235503708981977,-0.7774356691920575,-0.6260014571419623,1.8008464224594805,1.0389189065578368,0.13139849156436548,-1.6410241269478734,0.018601347728200858,1.6756440079493613,1.0650283565041787,1.1548887819415048,0.3622010904979231,-0.0005700334871583111,1.1719012937892122,0.026523853615099315,-0.06358206339948849,-1.3380670982165177,0.9581570153573068,0.09057484855769989,0.13821611493173305,-0.6569093981683449,-0.6288510756611541,0.022153136389560044,0.9709369428470535,1.9596596368760548,1.478759223612666,-0.08391085748983475,1.1727256030116877,0.11253653209716255,-1.7039848501875725,0.9581570153573068,0.13821611493173305,-0.1297457816512472,0.27108967780381943,0.06142141883392524,0.3524721554579348,0.16366879217582433,0.18046546484486192,-0.11757927025044311,-0.07619678938643479,-1.2167563997348159,0.050858003880214664,-0.16673821389807644,0.02453229359404637,0.09156167211068218,0.360339361616287,0.5358554413316381,0.0,-0.7479161208193663,1
-0.14702588187306173,-0.0751781622610075,-0.09785994795117939,-0.41135706634164987,-0.41038082322407227,-0.010645260312342525,-0.0645276467756166,-0.05441307958744551,-0.09985025326218266,-0.043318654913318926,1.5925636147177205,-0.9266921167982761,-0.10967505890928754,0.5875482409126171,-0.7504742903779114,-0.48848804827693215,-0.4837711329846092,-0.4869041678247415,-0.1281306967068614,-0.08997617953165485,-0.94777518633994,-0.04718012662969239,-0.1631354945451601,0.07560208899320345,0.21028557457201083,-0.058961249460201336,-0.09574636135947395,0.024858162723175346,-1.4612153802717054,-0.2909027886523536,-0.11606673275353341,0.052743689631036754,-0.9812910009819641,-0.879669839310212,-0.43898566550476337,0.7268984533062925,0.7168933324948865,-0.7168933338402339,-0.8388914298148863,0.11057846911121662,0.4006182858259363,-0.04792723050916245,-0.16083379873252235,-0.19700381263667804,-1.1846882358465463,-0.12160168000634322,0.1802865096478966,-0.6586994992857382,1.6578235540774329,-0.8221141231178261,0.2720700368573993,0.11405345328469844,1.717583176576506,-0.8078482420205431,-1.0701488631878642,-1.287829360859167,-1.1850075778909936,-0.7626749809165378,-0.8607607521418342,-0.3554921413979527,-0.10010873712821056,-0.24941403466944817,-0.31548299953872466,-1.4187584840586236,-0.2740016283971005,-0.04098940077554498,1.6209034590986215,-0.08847777953484795,-0.489145969889737,-0.6740886034062058,-0.5431781062889428,-0.7384960045582905,-0.17674364581159677,0.4012703292525712,0.07216052470317715,1.015348317119669,-1.4187584840586236,-0.04098940077554498,0.5456103627373058,-0.026375090684971753,-0.0017373346919700601,-0.09182829985194771,0.042463169590213797,0.9364641989255826,-0.11757927025044311,-0.15298075881505882,1.6261831701530167,0.2689132160321735,-0.4112968950438205,0.006529536738396245,0.09331473841559637,-0.46311860875946004,-1.4836618685073903,0.0,-0.7539001858579091,1
-0.7133975235957255,-0.6398600532959244,-0.6846901601369968,-3.225846951371654,-3.2345739434719563,-4.209517253427652,-3.400544049476075,-2.8315254472485147,-0.24605796995292645,-3.5354790556439832,-0.6569340892770198,-0.9266921167917435,-1.2673288199971873,-0.4399971333364391,-0.7504742903779114,-0.8366477804124156,-0.828112316782726,-0.8303699567533528,-0.31154074071019316,-0.5475786528455003,-2.0582392160708785,-0.7027196583645542,-0.2898920456705519,-0.9553510121023036,-0.026298225974382992,0.009036469905098621,-0.009477006135808843,-0.01687339195589215,-0.027086158595323512,-0.14682181286419135,-0.1801885540597118,-0.3181438676705347,0.06406590867155676,0.2598434406814206,-0.023035638723127676,-0.35139727314653685,-0.2648287649813885,0.2648287625865692,-0.3348774650986802,-0.040639441104821795,-0.18968230234765576,-0.7207540769091592,-0.29469530678341327,-0.3380371785036178,-2.278536168104571,-2.0126986279378682,1.4833723552378832,1.1129296796560106,0.527836793395913,-2.2090389132071175,-1.8809613714266047,-0.6612089411393416,0.5834983265367644,-0.2870623551457612,-0.9735471333371885,-1.4695285644304388,-1.0978008557875383,0.3784007060043035,-0.6205526322821217,-1.3935301204317112,-0.5496653474407026,-0.02405197149737086,-0.6023722578967414,-1.8336516223565835,-0.08992872932219693,-0.17334522969404328,1.8220833242195147,-0.9970842156966089,-1.1680165677526269,0.16760319451499586,-0.1135615302863298,-0.7384960045562639,0.6224901613308544,-1.1184137923306572,-1.8097105736955372,0.801240810930044,-1.8336516223565835,-0.17334522969404328,0.3331296331941838,-0.13452297345057307,-0.03609473156126224,-1.0795544827018377,0.011016334001756995,-0.007770433365783253,-0.11757927025044311,-0.6261397161866132,-1.2481155884329653,0.047928242136024736,-3.2257158455112727,-0.04845598648304127,-0.10383803479238092,-0.021062320783422447,-0.05292566911408503,0.0,0.30180760981243626,1
-0.8688966328961281,-0.6168001026238304,-0.6841990705642704,-0.007077835537625282,-0.006192302881147911,0.15837266905446995,-0.01700361695061379,0.006674680159728777,-0.08187948230429778,0.01013070070767845,-0.6569340892894033,1.6384933460379052,-0.23507796829895608,-0.9837494313362609,-0.7504742903779114,0.16215467303098235,0.16138924749414507,0.1574150166054674,-1.211017683730648,-0.666166858769965,1.5153156713653435,0.6342367794625867,-1.5319387085060467,0.12014824591951717,-0.01694828906056613,-0.11014516201228364,-0.15898100815241586,-0.16010454858287673,2.3704449766506133,0.14106573047397072,-0.9735202400861522,-0.22564800379069638,-0.008058249650503696,0.037892442393642596,-0.013588103426501524,1.0195047051105406,0.9800552501421844,-0.9800552502209761,-0.341267001841689,0.12281823996652205,-0.18968230234765576,0.6430386971957479,-1.41952093334996,0.3082977454318307,1.1720479666161978,-0.034429991058758436,0.10502092146679474,-0.7774356691933525,-0.6260014571887862,1.404924550659682,0.17542931201348694,0.2161524184658584,-0.39638494481904907,0.16179237533277982,1.0903957928696353,0.93130298796802,1.1523929032100024,0.18536709626398715,0.07974898892710268,0.8917783645468056,-0.1991973872879569,0.048745847885619184,-0.1552128224894567,-0.17456474090149476,0.2463720817253305,0.16719128996771676,0.29175097570103303,-0.3142314448849979,-0.22934708421670072,1.1696942758493551,-0.5679585394297076,-0.7384960045583101,-0.061657879868842365,1.6984167144358364,0.1765280236199612,0.034012031243844554,-0.17456474090149476,0.16719128996771676,0.4298218345717576,0.324362410493186,0.06580131515373717,-0.4438017555389419,0.2151530237654517,0.06395036486517473,-0.11757927025044311,-0.4816093982698559,0.5588238458485857,0.04165200082561994,-0.007040010198172497,-0.10372235030987133,0.19476088745648645,-0.0004583131791761347,-0.01435370904230136,0.0,-1.036346960979057,1
0.12002953904530617,0.2534805699125466,0.17698013964707232,1.5350379510421712,1.4861035555260491,0.45720547128576927,0.15947863217930272,0.14709170158304513,0.032738395047039646,0.17458728265204712,-0.6569340892888442,-0.253431399691801,0.04562683470643705,0.40410635628375874,0.05255553234250716,-0.07863917865856403,-0.07768748324227125,-0.08153935565676577,0.21344691727396065,0.1574881443563553,-0.7621517444448273,0.15932798066573473,0.19649085380679734,0.07743581075044674,-0.0037717483908127347,0.06977161767723755,0.07055997143402294,0.03436516931382638,1.8529469107764687,0.8884068778581585,0.07023961143847526,0.16825339538627607,0.12217120191345991,-0.20770804368066012,0.18732184765714674,-0.46571868044636916,-0.37337771061934033,0.3733777084841767,-0.4723097989768,-0.11124224478951265,-0.18968230234765576,0.162110765379646,0.18012318993557502,-0.15038214235301864,-0.3698114511338274,-0.8871066947242359,0.7420874016403657,1.075472677961307,-0.6260014571910599,-0.31108498341551577,-0.6989568777365897,0.20760064843689313,0.4004001696572117,-0.026176501812166027,-0.5348106408978122,-0.3976206291037378,0.009654054049028245,-0.13609728811099428,-0.25176171178305157,-0.43088877818006294,0.03651038809315812,0.13245471303918213,0.634771900115176,-0.5793152653364357,-0.02223035175664782,-0.12022744241927177,0.3025663855252748,0.08418616689656323,0.2322969495443921,0.4588763903754352,-0.5275329026667461,-0.7384960045582921,-0.024845841460292752,-0.3935019087276225,0.10879298510298879,0.6887701186857166,-0.5793152653364357,-0.12022744241927177,-0.04391233750745334,0.01866329303623238,0.014680907176043341,0.18326632338603963,0.05231128317114396,-0.06715717999489017,-0.11757927025044311,0.23343440342550936,-0.9991768816842871,0.03246995608826648,1.5349860227383225,0.0811875804081587,-0.11697543144950717,0.24843821256468962,0.40292984874036314,0.0,0.40840022755013106,1
-0.3227307812148778,-0.4621418897303795,-0.32188150628445217,-1.1212281305234684,-1.1211900918994764,-0.7344739994241251,-0.13084413136924897,-0.1279357630371469,0.007902410591640886,-0.18695564809949347,1.6945777933144108,1.2345282897146113,0.1296374334703675,0.1941731593431533,-0.7504742903779114,-0.5773470794363879,-0.6289991633453962,-0.6317835918309549,-0.7737622150838149,0.3301743715699945,-0.5027821682793762,-0.7609917211398116,-0.5386406374803395,0.06890042694804696,0.005029081668508835,0.06306515554693562,0.06154677581802764,0.06401414519255351,-1.4601525556553396,-0.2403063644048975,0.09861254946540421,0.2042215667137054,-1.5814480911065172,-0.8949301237283399,-0.07051148317937649,0.6511858361112247,0.6481601665557537,-0.6481601681720305,-0.9572190033151582,0.09373700840732654,0.23718960021457108,-0.777419407643158,-0.4563890698172182,-0.27319520874935316,-0.5207297814287906,0.8215031655491721,-0.8729684844387492,-0.7774356691930508,0.6621329791088212,-0.1962424529256324,-1.0512317173749666,-0.1655454641007706,0.42092552339297806,-1.1915507731703052,-1.1685040960905522,-1.5813881427292709,-0.6275777075877369,-1.0138633948821396,-0.6500596207482705,-0.12977240791921332,0.05252361497548505,-0.13683650833605518,-1.0905668494449565,-1.1781333755906949,-0.4045795861300998,-0.026584852586344524,1.8838184807282539,-0.6432789531525598,-1.3937671048843379,-0.38926501883918135,1.9599463648893358,1.4316524975769016,-0.19983093228296742,0.8986479256554599,0.05782034987955811,1.2542188767583748,-1.1781333755906949,-0.026584852586344524,0.5670280225341708,-0.03661569885040097,-0.003970840310136544,0.43288134344386725,0.03798589178850643,1.5083831374644423,-0.11757927025044311,-0.49215774061344686,1.7805148703232003,0.10462522397884155,-1.121077552030712,-0.07214881959835319,0.07205088812919459,-0.09681631879720909,-0.20306872390840022,0.0,-0.678189525786779,1
-1.8742964917993503,-1.8019039915107549,-1.8759440226059572,0.15198215917909635,0.1527236971419719,-0.8458860132092985,-0.3382909206142307,-0.31037852715690273,-0.170702573883781,-0.35366282656515907,-0.6569340892887302,-0.9266921167975704,-0.896360827145215,-0.6981538134099589,-0.7504742903779114,-1.2553606855439816,-1.2416562718107238,-1.2426996773842085,-0.9211063161835649,-0.6928448052550837,-0.7304595760923789,-0.7766070614399885,-0.929060918092364,-0.027502585478605877,-0.04955246567495653,-0.01721753958882488,-0.0431370618566112,-0.07693558152735853,-0.847225148655227,-0.7243639179925578,-0.9927290607756809,-0.780288972213867,0.7581903210522671,0.6409943493006226,-0.002270955698497679,-0.47460322521717624,-0.3816595527988698,0.3816595506860898,1.0316833385950657,-0.1290503453142663,-0.18968230234765576,-0.7996452276783198,-0.8487907999328917,0.134384804625431,0.46034756128339765,-0.5293697419639319,0.4954409041948917,1.3394026288436418,-0.6260014571872233,0.1654173720034315,-0.24022344539780782,-0.6032859568686074,-1.3560182351244474,1.3345858346447097,1.0114927276375845,1.364853881874411,0.7673205337702611,0.5813117725179358,0.029175394186561798,0.15636637611937534,-0.9797164314656069,-0.003593347278978982,0.857616380563754,0.9055586401228265,0.4081267110463266,-0.08209515505468808,-0.9883653906802442,-1.7166038607212175,-0.6824588932002477,1.9066018550866954,-0.5513836553705826,-0.7384960045583087,0.015053874548917304,-0.5149637070238704,-0.27068836363008525,-1.0827913058760776,0.9055586401228265,-0.08209515505468808,-0.28074773735727454,-0.8671090729367044,-0.30731196649554793,-1.835681028616254,-0.21076829124246638,-0.7756142759184117,-0.11757927025044311,-1.8511291097559335,-1.1777784907922346,0.05026143726932875,0.15177872203140452,-0.30272162604211283,-0.11796589028285967,0.011493271539759521,0.007804038771667232,0.0,0.41671608828765005,1
-1.4353068310939396,-1.5893726528732364,-1.524071910554002,-1.5109674872081962,-1.5119539388491388,-2.513818097239232,-2.0365034542506013,-1.8426398381834614,-1.160384103429744,-2.0882719104176943,-0.6569340892863663,-0.9266921167974146,-0.545963595218799,-0.35377509028553006,-0.7504742903779114,-0.9797636408575107,-0.9695256045926075,-0.971383017317429,-0.862551637837911,-0.43183425147302335,-1.8862067780114868,-0.7961706850062554,-0.7698567699297207,-0.24408005192864723,-0.0728505297144115,0.04164448003318521,0.03306798389645852,0.03761883593238648,-0.5913654827560871,-0.7719972909806947,-0.44205324791470413,-0.26158093932574983,-0.8149095130083097,-0.9683631897674759,-0.003587727038626826,-0.5361898896189481,-0.4417603211839785,0.4417603192441692,-0.6015806143731819,-0.06998204973719852,-0.18968230234765576,-0.8207209837697659,-0.8128171525665954,-0.24735960224088704,-1.9011144142837202,-1.573903209640417,1.1841650921024494,0.6861142913426307,1.4345903757602378,-1.9451926562612043,-1.5749121499686836,-0.8241138970261954,0.46657861719270705,-0.7415136621375451,-1.0234153592652235,-1.0138863629539205,-0.06982056341114526,-0.8453906743938168,-0.3831652042507259,-0.14777260200092146,-0.5174435946224912,-0.3960706453331149,0.08555220962820827,0.15535946905651443,-0.2038659234581279,-0.10517240852432362,0.3859957555535506,-1.2710426040420757,-1.2436253572471305,1.3686622229770211,-0.39807997434878606,-0.7384960045580571,-0.2359668775630838,-1.1184137923307282,-1.9416643179854547,0.8273547086797223,0.15535946905651443,-0.10517240852432362,-0.10241202056218383,-0.5640455006140275,-0.19886253480174848,-0.9466608626832881,-0.11016903752751807,0.7890708851560837,-0.11757927025044311,-1.551844648306822,-1.238770512152664,0.0037923563207998166,-1.5111030313414742,-0.22513918467523622,-0.12473872358637585,0.008630026288686076,0.0025045479156463506,0.0,0.47470859112698605,1
0.09809432759462094,-0.1484691469798162,0.21254127722670693,-0.7575165543740028,-0.7568350185541809,-0.5915356430551058,-0.07334280981852893,-0.041495028772276975,0.021725205675086415,-0.0422101515386719,-0.6569340892893765,-0.9266921167981055,0.4961853409142093,-0.1547418912038473,-0.7504742903779114,0.02869949824346268,0.028831967939951537,0.024888732309374956,-0.1305585859235699,0.47166863076039944,-0.9265297789495239,-0.4074249310374103,-0.18632934891415723,-0.18264942551923466,-0.07251412166008403,-0.012468189258628578,-0.03708940380634545,-0.04065958824368328,1.2260129362036887,0.04872958511020359,-0.5917492758659115,0.14728402535913407,-0.4690323900622989,-0.46721818012925476,-0.1126586274409488,0.20079711459199884,0.2373211063612647,-0.23732110901599288,-0.9410192261634714,-0.00011812339382346746,-0.18968230234765576,-0.418604107868567,-0.18060127779426258,-0.2887155825910178,-1.0329564644758826,0.37545716597068074,-0.31932056938718173,1.6111666341886806,1.5966960201620022,-1.050850278094252,-0.077426874308069,-0.3750886171795765,1.8060801557397856,-0.48840807984085627,-1.3569640569625472,-1.5364518207160371,0.16781140468631503,-0.48194668128969315,0.18243995631263557,-1.1433047476050908,0.11982803628937164,-4.610455266130419,0.15263400266555985,-1.8206930902601959,-0.14399379597214806,-0.14288353725119246,2.0037835906988404,0.06262094507240865,-0.7428689406959037,-1.2311546668008537,-0.5621749039531582,-0.7384960045583311,-0.10162254335963687,-1.1184137923308457,-0.7425211114195518,1.489450290330014,-1.8206930902601959,-0.14288353725119246,0.5698227312335782,-0.5186888533722879,-0.13541896238284548,0.5502674436807776,-0.1412697167146476,0.48628273988081877,-0.11757927025044311,-0.12391004431703555,2.3521597971351706,0.06323405254405122,-0.7576971689518909,0.025709619555557634,-0.02577452468333284,-0.09401486218971321,-0.1971994492598224,0.0,-0.22213164887132159,1
-3.2019699699652877,-2.8259596201037094,-3.124382368368883,-1.1486720994638242,-1.148695357170892,-0.6558560900993256,-0.21008773534379832,-0.19151016020572392,-0.09882111261365623,-0.222357008316364,1.6008944469507869,-0.7543279150999607,-0.5540342134620192,0.05739356643067387,-0.7504742903779114,-1.4927407638164407,-1.475873330903342,-1.4761834166095271,-2.0863677948959007,-0.6516236998650199,0.6639355995887539,-1.5768936675599017,-1.9147418196847446,-0.6491049958573514,-0.24242015815562293,-1.4103529003140396,-1.5763951832430776,-1.3573421757629267,-0.7479005482330052,-1.4218578710003749,-2.891373688038293,-1.0037772990994591,0.30506997262164687,-0.21584306029267084,-0.0021642401179428404,0.6954731722077557,0.6882356118708646,-0.6882356133323181,2.0123658359467838,0.11922174611447628,-0.18968230234765576,-1.6314483643199955,-1.8980647741715182,0.522100882521203,1.8067291040878284,1.0568075587078778,-1.1874836353095133,1.5908895640030765,-0.6260014570920139,1.5019994015821132,1.6721299498558002,-3.6333708946296337,-1.6192791355361766,0.8406968329199561,0.7773661821865738,1.6182104585678523,0.10538059536922686,-0.07358361616603724,-0.5532069479743319,0.9937115729511342,-0.554597797841797,0.0961033105392833,0.8315552494660751,0.5295772576312383,0.5579387608162563,0.10960830561538573,-0.41667188771721525,-1.9250497938882927,-1.7301400137773455,1.7872207780345177,1.959484807180821,1.088130586814723,-0.06675196813441137,-0.004888556843571525,0.04162718425220302,-1.7410823939809132,0.5295772576312383,0.10960830561538573,0.02163016512792865,-0.14973491382552057,-0.029191836787714687,-1.5023439591371373,-0.0125585626245544,-0.2623380730856889,-0.11757927025044311,-2.579363058219853,-1.0357643055673464,0.02546492674038093,-1.1486263941018688,-0.8101387175708282,0.08427587356701603,0.011802110463906139,0.008375426513968453,0.0,-0.7225606865140224,1
0.09202687910679502,0.23787616956008525,0.08042725276991856,-0.4669182388187698,-0.46689864120967894,0.03392026369588248,0.11828200185555289,0.10774788119790278,0.06115018367743073,0.12796186518858604,1.3956323083129927,-0.2279334098074742,0.17797959872906893,0.15468141260942642,1.563815006322475,1.0902538834410647,1.0867587041085642,1.083682011727512,0.416115158301899,1.530487919107166,2.6675757282868346,1.2226919015330981,0.4480208067283476,-0.030954689234813686,-0.03531549614803449,0.022394363537359425,0.00783798656065973,0.0020895979001911854,-0.3109907328895517,-0.09272710283150161,-0.39085438652771726,0.18667087249213163,0.5884827302462902,-0.11466557705862021,0.06572331005246063,0.13407410535693254,0.17649094593713366,-0.17649094865276158,2.207620530530221,-0.14276703195770077,-0.18968230234765576,1.2354574416678727,0.4645039411894374,0.33136505420093676,2.6640437358861364,1.4647400226896923,-1.7309929420951857,-0.7774356691932991,-0.6260014567236173,2.1136642767194505,2.162323680666573,0.8755178193433468,-1.6693571001001775,1.5130679391734199,0.8441007466877358,2.06098662517064,1.060828136175148,0.04258567532377555,0.014249088576883473,0.8709447644393085,0.2708044207272558,0.06467314212621761,1.1097961205888862,1.5491692794752447,0.6673815993601055,0.01956530750851106,-1.0206104339348374,0.34026428313374407,0.2547271832352013,0.6689277969220508,1.9577369588065507,0.6294128672317814,-0.06957488806374672,0.4012703292525712,0.06650220580788276,-1.796298973676366,1.5491692794752447,0.01956530750851106,-0.2899046112435301,0.05440365462878629,0.020093216452946726,0.9990584085497122,0.06701716139065746,-0.580876944211372,-0.11757927025044311,0.2934938327540551,-0.6581921544132573,0.03267409192933636,-0.46699657781304915,0.09396666752583205,-0.03706107502594838,0.09500301731104907,0.16064997854506688,0.0,-0.15591824592742362,1
-2.158609362799509,-2.8347249152434926,-2.5019799818030957,-0.920555394688452,-0.9201224595827473,-1.67313284544899,-0.6842564255660741,-0.6705041933843444,-0.16728652195164487,-0.6862307947191592,-0.6569340892881623,-0.9266921167972233,0.5052990645893833,-2.3465309187284045,-0.7504742903779114,-1.2347862925764284,-1.2213486158106224,-1.222454371193354,-1.301517562206412,0.02590979469446385,-1.0666840221175125,-1.7649961539999255,-1.1819272268476144,-0.20463511496862039,-0.07293219033540532,-0.0803499145152836,-0.12018342885897298,-0.09409385379236669,-1.0814107883658053,-1.332666132137432,-1.8968388688023998,0.30628785826956495,1.2912540991236823,1.0291046968845787,0.004578879397844774,-1.264294531812505,-1.2420661670549753,1.2420661689362038,0.717656689798373,-0.23457274885003987,-0.18968230234765576,-1.7775786305155012,-1.2224825198797893,-0.20502069785154395,0.1141993769235824,-1.2614706575957924,0.9830756721957953,1.562184020821374,-0.6260014571891431,-0.6275482942145174,-0.6417553497430643,-1.5240251218279048,-1.2120960202126465,1.5330450337910402,0.8350990455125009,0.885026754044678,1.7502393022870064,1.1623127678136167,1.3915416156957516,-0.8416074586756932,0.5557711409679315,-0.041158242467030974,1.0822362039418347,0.5774096435719327,0.31504083046184966,-0.16372025858134043,-1.0206104339348374,-2.26802288840613,-1.308732699104348,2.0386011836644533,-0.5579665943955698,-0.7384960045583074,0.041918215518705955,-1.1184137923307573,0.7506046366444534,-0.5665912272488767,0.5774096435719327,-0.16372025858134043,-0.2899046112435301,2.0223427471559585,1.086311142714198,0.7589383283717004,0.3770152706477215,-1.3700103209808183,-0.11757927025044311,-2.8665591475176275,-1.120101412413999,0.054292326764506404,-0.9206219082772,-0.4613825553475445,-0.1942237524570622,0.02257133685765559,0.028286958374072788,0.0,1.2289587231021926,1
0.60817010213856,-0.3744755582953276,-0.21174831104803188,1.6376736124671367,1.6347673965267977,0.5202817882427642,0.17790896146068036,-0.032240472450055645,0.040294861433912775,-0.0035920184274557494,-0.6569340892888,-0.9266921167978567,-0.0443900747189652,0.20786531865407656,-0.7504742903779114,-1.2574220359798178,-1.2436908302841418,-1.244727976985633,-0.09177299462591489,-0.06389692579325908,-0.7915479703210331,0.17552225542586464,0.19027129342135302,0.4156664933793888,0.09129375448492354,0.09989198307194698,0.1115311062209746,0.10899045621937216,-0.31813015332612377,-0.13770636455351648,0.7947482082261044,0.13720278806934516,0.06891495679283878,-0.46113453064673515,-0.07261090447237388,0.44830769243583485,0.4627545721326826,-0.46275457434606754,-0.1236583519030298,0.008797683578011481,-0.18968230234765576,0.1779360289153999,0.20507514904209173,-0.00108279230108138,0.06979812071871923,0.5014735422548375,-0.4675892769126152,1.3726673477254585,-0.6260014571904602,0.3421588307643419,-0.6586971462878792,0.22807443841904043,-0.6113311481123259,0.03914044220975849,-0.15569741092917208,0.055850451896433395,-0.03393250037571441,-0.15054146518952408,-0.41382080417865424,0.036034486749625345,-0.04422737670998931,0.14719253234743143,0.5723511049140826,-0.8543452836704667,0.06340432464228948,-0.03126279448409923,0.6231871373585673,-1.361580929132266,-0.1834216257013901,1.1925247098025515,-0.558743925389529,1.5533495889798858,-0.050361895077082185,-0.6834808457435938,-0.5791648523729962,0.08553289429466696,-0.8543452836704667,-0.03126279448409923,0.26855416148701877,-1.0593020099977482,-0.2678178300735283,0.07676898340700275,-0.4278678995094277,-0.012636101019201833,-0.11757927025044311,-0.4335815438560435,-1.265657207073366,0.03363151990261661,1.6378330282330056,-0.04519860570094913,0.022645268218653446,0.20111651765093594,0.33550981794928286,0.0,-0.472509518346939,1
-2.032638860335599,-2.432369436340709,-1.9839333826462198,-0.36255346204305255,-0.3615627911938237,-0.029560687767064314,-1.3539217877526586,-1.161668798815205,-1.343264467283641,-1.0062869405591803,1.6498156758107174,1.1662347378577025,-0.4238928742426996,-0.42609834073062375,-0.7504742903779114,-0.823323380076435,-0.8149427598562231,-0.8172366816548805,-1.4651961125614725,-0.35012563165499305,-1.31709242595095,-0.06433882574452916,-1.9388783745069056,-0.09370247864098119,-0.051691068570911665,-0.941635596439892,-1.090916489804431,-0.7164099844915572,-0.836099040495141,-1.319641592357124,-2.3790597256695034,-0.04456816276609651,-0.6630163582389001,-1.266969291648932,0.0019562924924140727,-0.4728914455313665,-0.38019761030341037,0.38019760818665344,0.17873964707476261,-0.12852660827971835,-0.05595747024706778,-0.0644265370618813,-2.08876323087726,-0.3080772011212288,-1.0329564644758826,1.027043476867267,-1.1470138436263633,-0.7774356691933503,-0.6260014571907472,-1.3787728044657324,-0.2696024413325522,0.08527488396703765,0.20856072114948093,-0.6160527700430534,-0.7155216669877668,-1.102820825196807,-0.6797117131268228,-0.3222322301498369,-0.617738105753166,-0.4237001665672473,-0.34824735498740583,-0.3722704930230773,-0.5278324595640229,-0.5564867001598575,-0.17485164373947018,-0.12004355413433149,0.2151928261251867,-1.3497386488902772,-0.9887413526716087,1.9592570883151297,-0.5615716740467092,-0.7384960045582976,-0.12268382834386235,0.9827849269775206,-0.48991478224925256,-0.14902433757864086,-0.5564867001598575,-0.12004355413433149,-0.14149083089751227,-0.5239759406636388,-0.1782161100781911,-0.6357824116659869,-0.1011056530845653,0.6560870261619156,-0.11757927025044311,-2.333209259146161,0.9928711978634661,-0.3684213313814476,-0.36271627170538,-0.43146573546118894,-0.11777936604360856,0.019683439971504523,0.02294802783372602,0.0,0.41514689752581396,1
0.417498238784385,-0.5679576086902651,0.1084026044288658,-2.6239598220279543,-2.631935802470576,-1.523167520726983,-0.47200156823946166,-0.4170759594824317,-0.004897821957624388,-0.5015867137327334,-0.6569340892893282,-0.9266921167980124,-0.04396318347439777,-0.6981538134099589,-0.7504742903779114,-1.4458275804674339,-1.4295973328605134,-1.430054153540227,-0.46998742963125495,0.011759582449589462,-1.4667853404572981,-0.8630510150890904,-0.4427387854423047,0.15127210437935004,0.03635876840207678,0.10232241991440741,0.11486830385809732,0.11449205235494256,-0.3812818263171926,-0.5106716728034881,1.2520371646501112,0.08430427264478786,-2.4443857440713233,-1.6741973083812731,-0.0376426659108873,1.3367481509014711,1.2529906337491978,-1.2529906321611555,-1.0752507014672195,0.4652727830956169,1.169777631401272,-0.8757155846248258,-0.42194376967005276,-0.28672078122969935,-1.4242916742787923,1.544925969997958,-1.833493083759787,-0.7774356691931449,1.4997032527689558,-0.5966447100152902,0.03574762659953074,-2.491176370420454,1.8613505524213674,-1.9257025776187846,-1.8351365254881522,-2.0332771036427513,-0.8144644233021685,-1.9040643606868108,-0.7913519741412255,0.38776542681255727,-0.05112891745347951,-0.12495603886576245,-1.1381500947162122,-1.0642297511340078,-0.9024804234251597,0.18027061930144264,2.3859761074070227,-1.1715072163716758,-3.195991847432723,-0.9213627700139313,1.9357744514308162,1.2073960595672892,-0.47809680457511766,1.3137774703539125,-0.6104670367689987,1.2940503063506226,-1.0642297511340078,0.18027061930144264,1.147870685704699,-0.37901584645894815,-0.06874929290970064,0.12547738949503545,-0.22956845630702538,2.669546732356892,-0.11757927025044311,-0.6178060832183335,2.304230801822338,0.08477552818975863,-2.624133208244297,-0.20456996771878377,0.3556249047662956,-0.04375903461982019,-0.09629133629183174,0.0,-1.3158538742060533,1
-1.0379536212419072,-0.8045068658847377,-1.00196117566078,-0.3569069905850434,-0.3512063012578101,-0.41401768687222473,-0.028954883308070372,-0.023775801322408422,0.016337687824776653,-0.032086839282882626,-0.6569340892892951,0.7972819642630958,0.10707804699419746,0.8457308773001208,-0.7504742903779114,-1.0230983055635636,-1.0123310456750405,-1.014063861960504,-1.023316605981029,0.49248652300038026,0.9763910290869396,-1.0467395573854434,-0.8536873493840937,0.04803696630588095,0.009272686041382483,0.08771455600153748,0.09487713838219071,0.09121158227399659,-0.7536997064756751,-0.7790733243932814,0.6388612756467607,0.9746174155451105,-1.1535490224241565,-0.9920621671031709,-0.05732954364654722,0.8454700330268659,0.8243439400364688,-0.8243439409074524,1.1910726639602989,0.0806239111063161,-0.09712350282061258,-1.07858727158524,-0.9063399555110271,0.05930753726804083,1.250136038145365,0.3504312047797402,-0.28875942732851634,-0.7774356691933605,-0.6260014571819931,1.4549594748222083,1.974823857632499,-3.0018734653303834,-0.7061225216511207,-1.4364288976583597,-0.3303615523719906,-0.13947579430777785,0.5895168064022899,-1.0540614859259403,-0.4161601023435133,1.421679403164966,0.1827206762520611,-0.23498681859668674,-0.16623864572973307,1.4205297066992812,-0.5250651065616609,0.2025328029452857,-1.0206104339348374,-0.8398621479009214,-0.40780783882647487,1.5452779239986896,1.9580942721117203,0.8871462999131963,-0.13379719245489818,0.7725215632135016,0.03993181636843641,-1.481738450930546,1.4205297066992812,0.2025328029452857,-0.2899046112435301,-0.12104985763246212,-0.021863647940819617,0.9805765204387211,-0.003233195637903164,1.0925735979756968,-0.11757927025044311,-0.980784013904385,0.1871460947127994,0.006527363941590405,-0.35704034653253286,-0.2369536494024923,0.1303569600689276,-0.07370589142666506,-0.15547678924731995,0.0,-0.8705805207839088,1
-0.25914916711453106,-0.15627114061776243,-0.25729314870741815,-0.25184566088764104,-0.22463852622819808,0.08091795648248588,0.074251163227601,0.06918398696540098,0.01196173181590277,0.08669441575761268,1.6736618126266105,1.2795808670263844,-0.14293532613861823,0.20241369244241905,-0.7504742903779114,-0.6755538229268161,-0.6688458920070628,-0.6715289459841985,-0.18165795035064955,-0.10659038330794189,1.281057477785907,0.3342665916973607,-0.3004812954305939,0.044877530289961304,0.10979043529051433,0.10463526129917775,0.11804797028362483,0.12022231080022172,-1.565062668051908,0.2607083374740843,0.6428497737367603,0.05783580000463212,-0.20083150003731925,0.06241070683266207,-0.11108954242248101,1.0873245675630567,1.0396699444485968,-1.0396699441927038,0.1160351532490469,0.01892756226651945,-0.05738581598939077,0.3357585798452681,-0.20264089291639564,0.6336780210795468,1.2967146637156988,-0.5132820197053006,0.48460635891876197,-0.7774356691932063,-0.6260014571874625,1.7575324819885547,1.011964900420818,0.2897519442115649,-0.7082363917145339,-0.07488263973091493,1.3573645692869862,1.1490560872220368,0.12268404622536229,0.09280621210000357,-0.6021743464453667,1.344052413924975,-0.11297608848098054,0.12077939540981639,-0.43274904872922415,0.6790219860823158,0.10283381181988017,0.2617191577923899,-0.6693754019181852,-0.30339536262949646,-0.08340360663898387,0.7555910867198095,-0.5823129424946587,-0.7384960045583311,-0.08128990923051121,0.5220847302394996,0.04457102123834707,-0.8677640965418896,0.6790219860823158,0.2617191577923899,-0.08912048819259237,-0.08865607205789802,-0.01418352600261364,-0.1313698327148709,0.007929722878815527,0.24603577837726787,-0.11757927025044311,-0.16904316473006484,-0.551397544818917,0.031793652560810445,-0.25186386484362017,-0.014371204853730671,0.22376848552414744,-0.15536542338287118,-0.3331823752023316,0.0,-1.098773359476201,1
-0.717772835437608,-0.7298701394034757,-0.8344349400005955,0.3864451956923572,0.38485041006326187,-0.6558560900993256,-0.08867945729455527,-0.11200310011982328,0.026265725303559223,-0.12794062599497985,-0.6569340892887843,-0.9266921167979227,-0.15167447863627215,0.28832102686583433,-0.7504742903779114,-0.8309327640935203,-0.8224637937157573,-0.8247370176031742,-0.8092314237071627,-0.15413503863032757,0.058409763672239344,-0.982408827976538,-0.5770764791914156,-0.044470655556361025,-0.17851533968623723,-0.1439256647158329,-0.20006597640726442,-0.20022072824651913,-0.5630668046234599,-0.578567006013368,-0.8843650613894988,0.027661653392549886,0.11117481804769674,0.2629560823402985,-0.040220878939369126,0.6627731936616285,0.6586292189313304,-0.6586292205080176,-0.734249913020125,0.16273737292487442,-0.18968230234765576,-1.010962984959132,-0.603743753062991,-0.09621481072280819,0.19895770016117473,-0.925513392646451,0.7652388840073818,-0.7774356691933605,-0.6260014571909163,0.507036765378124,-0.6783439788660003,-0.2302494700607949,-0.12018806937286625,0.08849288489162466,0.8545767250188098,0.09853428670418589,-0.1393947476623126,0.5725445850048753,-0.46259726183863986,0.024965891655508658,-0.1227627028573694,-0.0952875072785362,-1.5052773472462244,-1.0279768354516199,0.1166920195140699,-0.009334774623630812,0.926929687455133,-0.6316525845212672,-0.38405259660589125,1.4020345156553955,-0.5693895792697976,-0.7384960045582751,-0.053116624875704586,-0.7739749095454053,0.10365891836324252,0.9004811698492842,-1.0279768354516199,-0.009334774623630812,0.5223288736925629,0.06135967383593325,0.017608745014089985,-0.1684221475294116,0.078409676259808,-0.05586849862145833,-0.11757927025044311,-0.8227347543979169,-0.9923979300001544,0.05193826133363485,0.3862641503332389,-0.16185553580932296,0.07519627613935584,-0.06434794588734223,-0.13670579161844867,0.0,-0.689831029220007,1
-0.002314064032824558,0.20868779158842823,0.07347940216250752,-0.40058413387433184,-0.39679098290427034,-0.05650146540601829,0.1217184142460829,0.11637831436723864,0.08203565525056897,0.12347488471096695,1.6420738565526336,0.5156097477288252,-0.593850086084924,-0.1279247323310969,-0.7504742903779114,0.38995887762018705,0.38797729689683486,0.38409449870586504,0.14272952854141494,-1.3284830924712234,0.914657187285513,-0.030098985584499652,0.1632987431286531,-0.027524099957771803,-0.047458169153418814,0.07092054724334113,0.07210844229827411,0.008345692854444661,0.11866599683538905,0.255133987491573,0.12819199893348254,-0.6544879003966991,-0.8239426864903981,-0.23618155090541096,0.1476266387905061,-0.26550726114202483,-0.1850986260455252,0.18509862350163303,0.23349771284375276,-0.07251921743857544,0.04487427645719943,-0.03464339669669297,0.1724929520601508,-0.1317378204107066,0.8813279805461007,-0.030626964885808655,0.10222274170544882,-0.7774356691931084,-0.6260014571892007,0.6884755257205174,1.6048405294728962,0.13184139322774188,0.7699053130322221,-0.8430643915127659,-0.09738678454420284,-0.5350308733306484,-0.8362801945643579,-0.39153498100379625,-0.8060436440886438,0.4659321920171352,-0.6564816330128793,-0.22957754404644592,-0.7564671576747642,1.3283637343394006,-0.23565839613733358,-0.04747697028207295,-0.9496194104036532,0.4779262783497786,0.29406123380586924,-0.4702936446205751,1.9594261248358007,-0.14768782515077847,-0.1205299574083938,-0.17558760459860434,0.014515279678903892,-0.400445229413722,1.3283637343394006,-0.04747697028207295,-0.28011787302358027,-0.15944129013289735,-0.04288977459234552,-1.3354595705680314,0.002854441779849005,0.7970465381333336,-0.11757927025044311,0.22013941047838204,0.6030252959563126,-0.03332337374601773,-0.4007229137218418,0.08055566213848771,-0.09346899237967894,0.3028103731097282,0.4720020131826396,0.0,0.222173398686258,1
-0.9129675458308566,-0.7139790356436821,-0.8986376816215167,-0.6910040032624888,-0.6902405952588349,-0.5121480923385523,-0.001874734649841968,-0.0018823610569048395,0.0730117518437918,0.0016261812112885806,-0.6569340892893979,1.1579879242052078,-0.34457597777058835,0.5683275054033254,-0.7504742903779114,-0.267072384048722,-0.26450325792809676,-0.2680829285199711,-1.211017683730648,-0.8313929963969119,1.4330163772627516,-2.1847650094841224,-1.0477619595548575,-0.14354103411904937,-0.022413353100121956,0.06944791152476157,0.07019274524948975,0.06861193687679383,-0.2529483924937448,-0.6948772030533733,0.15628007265748797,-0.3687452462333961,0.06687572100482866,0.18355371363761133,-0.01330153031269718,0.83643818527109,0.8161810942907838,-0.8161810951999255,1.1746959529725054,-0.13161860188746172,0.17501932651481614,-2.2694924220691632,-1.114450605914986,0.23013288465947623,1.250136038145365,0.21948506850037883,-0.1463612864460433,-0.7774356691931764,-0.6260014571762419,1.316644844689212,0.9676725899627995,-0.8973199958575815,-1.3760277104624274,0.26115196390806267,1.1601974519047187,0.9311842998425307,1.201452784882642,0.28529943213414755,0.1518484669748108,0.7913485780996684,-0.30263451606846287,0.012632306798383362,-0.23585183449716499,-0.12892949844134416,0.25295312208520326,0.1100866284696878,-1.0206104339348374,-1.0196839766922496,-0.9064271943115015,0.5958657426782678,-0.5900029003060423,1.5200057228568644,-0.0675298471646176,1.5001410508072588,-0.3363999584894794,-1.4724313215226945,-0.12892949844134416,0.1100866284696878,-0.2899046112435301,-1.4025416000537594,-0.31954647731155894,-0.7705063575972135,-0.7862481240134149,-0.010585463113327288,-0.11757927025044311,-0.7127327460067293,0.1941836434467916,0.047389998342932844,-0.691086293130096,-0.15168897220804523,0.1273610211814228,-0.006163384257729429,-0.024976408286942267,0.0,-0.8617932123927201,1
0.0558601067045747,0.14481124373528265,0.08675951900192218,0.9337057824720744,0.9303793453895333,1.4827401498232629,0.185289458274935,0.1450604455329516,-0.053544300996235326,0.16648362237687583,-0.6569340892893422,1.466420933512728,-0.023469636756406006,0.13426711887579287,1.6544781835891114,1.253489176456424,1.2500725047956287,1.2472167283648987,0.16399379167588884,0.04946972519808691,-1.3571687891458255,0.2045174413327858,0.161222490206847,0.08200806752660753,0.011572892009681857,0.11241331841942524,0.12876847717639123,1.2910130247755678,0.9025396061928544,0.4342398269656905,0.04891445698990832,0.08810856546855804,0.14086601827266343,-0.7607957839616586,0.24870585309487614,-1.3257707099583533,-1.3199458001026922,1.3199458024854507,0.4752689244851821,-0.17257350494996115,0.23502607352659768,0.2087452785587184,0.1616689577732032,-0.35757548304679115,-1.634994544998483,-0.2790391081912658,0.3072419876676763,-0.7774356691931449,1.7028094207774633,-1.8073960001854752,-0.060543099016378894,0.6209557880557651,1.2847344024360319,-0.14077568344626976,-0.19873165462503234,-0.9330749830601762,-1.3612040324776138,0.591237574553565,-0.9020988566993747,-0.9376195999496556,0.012155206337472088,-0.09435839209185648,-1.4741505337217427,0.5387147793281665,-0.07538540586201281,-0.16917644837023088,-0.40943080105454044,0.1684506683248743,0.25769775516908194,-1.471390873773992,-0.41467341086439885,-0.7384960045578265,0.08039594582731117,-0.9007021843764871,-1.0344297261981164,-0.23060853627763406,0.5387147793281665,-0.16917644837023088,-0.23785848506750168,-0.38368854227390486,-0.22458852794581843,-0.006775483503553126,-0.03462667432873432,-0.08666563431205974,-0.11757927025044311,0.14939793458096615,1.5420343214270995,-0.6582993916626362,0.9334930762830582,0.0697554073792589,-0.19941757276624625,0.3445874984759859,0.5192671921383917,0.0,1.3026980999876279,1
-1.4849249071758595,-1.4104511887384257,-1.5934830046466015,-1.1897503823121098,-1.2247654789441795,-1.0507240920201917,-0.42913228939090525,-0.4254124217105986,-0.1927998250117437,-0.5237744300611789,-0.6569340892892028,1.7028567014877287,-0.242956363580995,0.3642167610996916,-0.7504742903779114,-0.8903164154130434,-0.8811508266544903,-0.8832605561243108,-1.2239267098596243,-0.261492332986825,-0.854083663630344,-0.9663983334482613,-0.9096667158568738,0.15101550617675744,0.026255798703573252,0.08947572364807717,0.09727861610482476,0.08899303213827481,-0.5247343832113794,-0.7960044921815871,1.294145763754978,-0.09594681368742947,-1.888114215907821,-1.0579986752377841,-0.016097678523311117,0.06285513388187419,0.11243184524543945,-0.11243184799665817,-1.8694916772977057,-0.04225877304298267,-0.18968230234765576,-0.9960083733765019,-0.9524873749126379,-0.3059956994861599,-0.3698114511338274,0.0635451574158422,0.013689846556226543,-0.7774356691929596,-0.6260014571909036,-0.5212700594611286,1.3260785519602114,-5.018828267751017,-1.7443649381347612,-1.5275084124894518,-1.1794310547085918,-1.6409955724809349,-0.43322842689805263,-1.2160301845528645,-0.6355428491020735,0.24952411737881305,-0.20854539786374068,-0.12199455931713814,-1.3441430606193738,-0.07087479192510579,-0.43029503456091245,-0.043871126259093944,1.2209306337131516,-0.8827568957956307,-1.1715600505089214,1.2853956694884412,1.9585958452102863,1.2969537246141951,-0.21683437461086685,0.9066403680015359,0.1395864808018387,-1.8322517667627432,-0.07087479192510579,-0.043871126259093944,0.031592208632767994,0.08288396990957797,0.0283902844240776,-0.3940736489951836,0.07476589721314808,1.8492295730645645,-0.11757927025044311,-1.4062374590590572,-1.0984645162192013,-0.050815249495487345,-1.1895861406691464,-0.24836384937183956,-0.04838702266604739,-0.014064310798443513,-0.039755830796311245,0.0,-0.08643874575429046,1
-0.5861433372481274,-0.31030198759840505,-0.5603278072593441,-0.990427196716655,-0.9856435150969112,-0.642447907832677,-0.07119122927508707,-0.06448090575055664,0.04059918369182757,-0.15695229329594826,1.692324402594206,1.2054321612221657,-0.13376885081909595,-0.5305246093751365,-0.7504742903779114,-0.7685204139090963,-0.7607698090126306,-0.7632109885177166,-0.36828926830832887,-0.1327263499974881,-0.8609685944705897,-0.47810439635645313,-0.19687884171477738,-0.06267939168268692,0.009059884670820082,0.0869035678211177,0.09377213572992209,0.06639993034210569,0.12312683673736897,0.013473912391740154,0.3497743080001446,0.042974874816326204,-1.007658056106222,-0.9658360986392949,-0.045204719222716926,0.4665096847026328,0.4791882319751021,-0.4791882341437469,-0.6487282417042195,-0.012209777047397806,-0.18968230234765576,-0.49147574530028154,-0.19640206020679812,-0.17395570084939785,-0.5838649645088805,0.39978770616888315,-0.3462347523501237,1.5141811184517036,1.7523223254365559,-0.3243622335057728,-0.32121444332344096,-0.3364510922335434,0.6150500378300187,-0.8727111457635869,-1.2453145680359683,-1.1388743782271304,-0.10271898924242176,-1.1131276177934242,-0.41207594564768163,-0.10349968708090568,-0.11063511295419469,-0.3108084654302871,0.12048114400178596,-1.0306881179102536,-0.27836035894213235,-0.04264693861932125,0.6992240089877154,-0.5646143751846203,-0.8413970919205204,-0.4826245571350831,-0.5713417110065518,1.4241279820432469,-0.15965985898913904,1.4857121896667957,0.18780303487292543,0.5174510725380356,-1.0306881179102536,-0.04264693861932125,0.051173672791090426,0.10632711677129701,0.029494378926595212,-0.13106629705354814,0.09048130336946689,0.9601132246581991,-0.11757927025044311,-0.306910454188831,1.1279321564096183,-2.5660258582616122,-0.990244881597918,-0.018074141271913636,0.026679251270591012,-0.05664907421318357,-0.12145807690537476,0.0,-0.4910477779267211,1
-0.8115868697952262,-1.7312317707174343,-1.4450658404103294,-0.6777507773696909,-0.6769724473991892,-0.8774905797973572,-0.24061200738505764,-0.36053598784307034,-0.05818822830666709,-0.3105861014621831,-0.656934089289099,1.5623475986851474,-0.5888603912360026,3.5150511081101232,-0.7504742903779114,-1.4585889342325777,-1.4421859306596754,-1.4426029148893198,-0.28448021699498416,-0.24953904195603707,-1.4271484384066997,-0.40003449875013014,-0.20954379436003637,0.21413363754061326,0.0192024605773882,0.08448354612290325,0.09047794679631715,0.10086572912086235,-0.6979703358515004,-0.6660917596548934,1.119205963919827,-0.22934637721579576,1.1469031804207526,1.3677865756172596,0.004543470954001756,-1.3317424070553086,-1.3277527114170884,1.3277527138512464,2.2307840860154493,-0.17966398539365974,-0.18968230234765576,-0.409087141784458,-0.2111146487944447,-0.36044734592143607,0.15722569492654598,1.690186536106198,-2.0125900170936393,-0.777435669193187,-0.6260014571559099,-0.5510978455176552,0.6862142693898461,-1.6578068190526944,-1.673327996630765,1.2755794933591644,1.3583557890231541,0.6881930935325629,1.967776547179418,1.3699437024742394,1.6180081187617965,-0.7799709453596804,-0.6527923136429439,-0.09862469835091318,-0.9754746274928598,1.3646554465476435,0.23912937330113312,-0.16237526322739243,-1.0206104339348374,-2.5443542233453593,-0.9564952781726251,1.6356680520146818,-0.5495463948307332,-0.7384960045582318,0.04689748645720679,-1.1184137923305837,0.4189684170148748,-1.7831210858575626,1.3646554465476435,-0.16237526322739243,-0.2899046112435301,0.8180956304622742,0.4996019348091902,-0.7661262927468784,0.18797105703015857,-1.214275775306484,-0.11757927025044311,-1.694366746993065,-1.3240056468303047,0.10242262691186554,-0.6777264403228473,-0.19127461144022054,-0.19991977803072294,0.02244862057781452,0.028060060274296472,0.0,1.310021524338383,1
-1.3882982323110873,-1.2619213835816196,-1.3547352942752042,-0.46831518560876073,-0.46736451678871355,-0.4334280240218574,-0.09126520860061103,-0.0808568703281602,-0.040565730539628524,-0.08552085051486756,-0.6569340892893395,1.6788165437958222,-0.3527652758446251,-0.1393498828393127,-0.7504742903779114,-1.2409511379279503,-1.2274336659109948,-1.228520762120989,-0.6601897457672421,-0.4173977484406619,0.10602066535783994,-0.5761582471889543,-0.6112764046792034,-0.012739345375012756,-0.007787524976436977,0.07459016532864128,0.07706239322501476,0.06747582931870862,0.12759827262155563,-0.7585764826250364,0.40148744657050756,-0.35602710965920875,-0.05429475215678718,0.043755792132927976,-0.0022353830075036375,0.4804442929376596,0.4920492420223072,-0.4920492441547985,-0.28341094927033256,-0.16169870389925275,-0.18968230234765576,-0.5766249975642198,-0.6187847975861168,-0.012309439017864953,1.2116633801642394,1.6408306895720013,-1.9529039236749817,-0.7774356691933475,-0.6260014571892744,0.9565370841118656,1.03138038661367,-0.730350145131904,0.1063856516483748,0.07547701117145494,0.68991236377874,0.8175659440889923,1.5876703895361084,-0.050980847462034434,0.5026044110564921,0.8558023280582624,-0.33946112022227365,0.14872328494250367,0.24064890249232998,0.6041313070369918,0.08328136106604,0.058331114759220405,-0.5645666258025824,-1.5433422369046736,-0.6946178525773438,1.3589926220283977,-0.5864977251728526,1.470308668984806,-0.07308764146138891,-1.1184137923308668,0.04650384849620239,-0.09261836239578608,0.6041313070369918,0.058331114759220405,-0.1262919554696001,-0.07887755178307414,-0.014019061338847037,-0.8128187485066624,0.02164539740009897,0.10868645567046012,-0.11757927025044311,-1.1143076313543894,-0.8578807807380937,0.03020015806057214,-0.468297702245933,-0.2208530454277055,0.029820855157373365,0.011887107352702988,0.008532673557635588,0.0,-0.5052554996229572,1
-0.2054746855005218,-0.29542880630342844,-0.19298750221528319,-0.47483187582545716,-0.4738847261794145,-0.14909430930876305,-0.0012814537034182391,-0.005997870111541383,-0.017206866844945667,0.0018354043280905858,1.6492874677585407,-0.3305812123124036,0.13755039888668338,-0.07958671479638353,-0.7504742903779114,0.6097188079897016,0.6069180771197915,0.603233948057954,-0.84984384256611,0.6677421114138199,1.100807114374108,-0.2614891519587221,-0.7398055357912228,-0.06277015105275373,-0.12310305989550555,0.036759928243415924,0.027543914474905576,0.03237322359248058,-0.2930312476285108,-0.10964165083895051,-0.020410209561233753,0.2073526687707207,-0.06704160654686138,-0.2847900355359654,-0.09968166731230602,0.6772380963813469,0.6717010014861237,-0.6717010030125289,-0.8619065542409813,0.1391695223011425,-0.18968230234765576,-0.2695226037779326,-0.7806804787241356,-0.07830931322235174,0.1782487238559422,0.6649070597128378,-0.6694356862243241,1.542503174186375,1.7528419822157872,0.5897289340427918,-0.3187050530032502,0.024215868857933222,0.6152581295048035,-0.1911331848759684,-0.615350265412349,-0.5533030697324368,0.26761829372815543,-0.24952971032387333,-0.11034861900415814,-0.3873447229031525,0.03238580973290786,0.2255971035953905,0.48000186974823555,-1.421979750633444,-0.01623826177281808,-0.04934457933222716,1.467583948760011,-0.2547996691537395,-0.594619263448513,0.08826210013533604,-0.5867076766276782,1.4027316204886735,-0.07396100732782741,1.28637226754241,-0.12378309093898358,1.2345801539953094,-1.421979750633444,-0.04934457933222716,0.737833847534764,-0.3708551073129449,-0.08051643040332106,0.36590077652820685,-0.11789434302692532,0.12089860960380204,-0.11757927025044311,-0.3575578853783807,1.5234330542313153,0.13411595261863943,-0.4748010231041363,-0.04032545420743531,0.0791725391122738,-0.1476370028677801,-0.3151108529269525,0.0,-0.7043224249975293,1
-0.0576532300529699,-0.5435255270742531,-0.259524221894484,-0.9600115061931453,-0.9372033981482758,-0.8738315147323332,-0.2632572565817037,-0.26192052546919453,-0.08344606776965671,-0.26430468842316873,-0.6569340892892325,-0.9266921167980372,-0.0845068479666071,0.35738122706891295,-0.7504742903779114,-0.7722792565406732,-0.7644857967373992,-0.7669169809125309,-0.36087467673753665,-0.042586282219816515,-1.216528812801653,-0.5118749473042339,-0.3428767077113172,0.08452211881557721,0.010350798606117774,0.06333960844231988,0.061051608681705574,0.06450795569738692,-0.4223256350030447,-0.20642128616323918,0.055303925435853614,0.10267573284801959,-1.8918053489624604,-1.2127747813724297,-0.05740278066830829,0.13057715027918812,0.1732770074359633,-0.17327701015408437,-1.1635949628490376,-0.0008974778247069151,-0.1857687967394924,-0.5228277750280808,-0.35065849826835643,-0.2610364081444714,-1.0329564644758826,-0.6062857156302398,0.5511540603531114,-0.7774356691931921,1.6228933179725278,-0.8904882100969144,-0.5768670672574868,-0.4475063597651975,1.1518127558537112,-1.8327805715790089,-0.9311830171129715,-1.4014180053998326,-0.6176665995982715,-1.2344771027876746,-0.7719038034596887,0.8045827089222923,-0.04322288091279015,-0.12321307882733389,-1.3104880342475909,1.321515122750298,-0.5151059559831862,0.012673537035439835,-1.0206104339348374,-0.6904733709833304,-1.339037395924594,0.009831358043285826,-0.5712552286969004,-0.7384960045583047,-0.34185140845733514,1.1822582825960792,-0.061197710323502776,1.2183230686436402,1.321515122750298,0.012673537035439835,-0.2899046112435301,-0.13552258738750828,-0.030764582118636672,0.052810861050331996,0.005132224921511395,1.853682575538663,-0.11757927025044311,-0.6204295175240605,1.3694717140282637,0.19565377506609008,-0.9601390329934788,-0.06863923758957302,-0.037637259914123054,-0.08508120215469162,-0.1786718473083051,0.0,-0.15245648819636062,1
0.15319977218005543,-0.2729906069193566,-0.011488929116671364,-0.8024238456829937,-0.8013505841606623,-0.6049502939048987,-0.032334917564168286,-0.02779902675342983,0.07034682014477919,-0.062014824727525356,-0.6569340892893877,1.5891139085556045,0.05107569430672528,0.21598055054076745,-0.7504742903779114,-0.4205872409265414,-0.41655464355577315,-0.41983614415062764,-0.31154074071019316,0.11294019302355482,-0.4708903640807995,-0.5989975979686692,-0.22010251170451023,-0.20600270939953427,-0.11628835614365024,-0.0624278001734369,-0.10007047944222755,-0.12640917609523822,-0.267616509431772,-0.07013619718956225,-0.47804426619698664,0.09930005831292069,-1.4216313531205655,-0.6708583092418353,-0.07651965204335777,0.020646383459710087,0.07440004012934723,-0.07440004288747776,-0.9231911947564809,-0.05015341984818998,-0.18968230234765576,-0.6127523555319899,-0.22004276316256455,-0.2785178454601728,-0.2839947975859989,0.15575650529438334,-0.07922933936444614,-0.7774356691931008,1.7299238334792604,-0.2335970901738597,0.5437889905520654,-0.7438222911393416,1.4859366744123843,-1.1129603394313845,-1.0449920113481328,-1.4581482235020136,0.18736184238435905,-0.8910423626663483,-0.25309939084048566,-0.11061781636439542,0.0368604638856931,-0.1459109783517772,-0.998565291688558,-0.651071723681284,-0.3192860005974818,-0.07590363277687603,1.2557106434715215,-0.21715160601789213,-0.7955745869333432,-0.39257738322655233,1.9595424289800911,1.3799741882175747,-0.17186830820022944,1.484494374325717,-0.10394853728570501,1.1796153741573117,-0.651071723681284,-0.07590363277687603,0.09879770705755338,-0.2579967805030006,-0.06716089983270108,0.2654878911446184,-0.03436336711134221,1.3469833837897107,-0.11757927025044311,-0.31399067718691126,2.345941202565977,0.10146250918753308,-0.8025545941516552,-0.004485161111624259,-0.05478644971336788,-0.10373143807983463,-0.21768244009893642,0.0,-0.04586385768485104,1
-3.0307905706858307,-2.908075655478968,-3.1231119262943716,-0.6429504239241429,-0.6421351426833403,-0.8113235853552554,-0.2668931791236255,-0.2598415964132866,-0.10864708587880095,-0.2932750720696969,-0.6569340892891415,1.1257556216230347,-0.22805074633128236,-0.28870887881062296,-0.7504742903779114,-1.8731050579717845,-1.8508700793838078,-1.8499672234202504,-2.081054799545942,-0.25671030314012594,0.39162354169515384,-1.7520821487544385,-1.6825976566948873,-0.1518676334074508,-0.22245236651204017,-0.42572037064911267,-0.5285935228569597,-0.5813165313537608,-1.0308683629918411,-2.675432084545477,-2.930750911497034,-0.7294556567833865,-0.4173792690753274,-0.6646388064050635,0.00018159786322520928,1.5228199986214408,1.404011542546386,-1.4040115398946407,-0.9006146611528797,0.4336338687027778,-0.18968230234765576,-1.8134903496704533,-1.8320159318892906,1.2888054138689158,1.5078392424458495,0.44875667722526524,-0.40333072887175997,-0.777435669193362,-0.626001457186308,1.1798179522983663,0.9020193454019773,-1.8325892742067078,-0.8323411999704822,-0.4262502343364739,0.37229079761221195,1.335218695638028,-0.5151471143678982,-0.7751842476791223,-0.8290225393826784,1.8301843466952123,-0.21137429694893808,5.008677174131015,0.5217307451867712,1.1747712345319468,-0.09739921263926067,0.5928889844516501,-1.0206104339348374,-2.1494073502927575,-1.0671091833798778,2.1315864417503874,1.9593663449686929,-0.4074363530505249,-0.09786822745374808,-0.42188533053640637,-0.06048894958541218,-0.39411332222299916,1.1747712345319468,0.5928889844516501,-0.2899046112435301,-0.7414372938646493,-0.1347593029822396,-0.5308094471058912,-0.6854782128410266,0.44068187320377306,-0.11757927025044311,-2.8795476148536996,-1.1124964117421041,0.025674128237268,-0.6430435229300102,-1.683699810728886,0.4895019731607578,0.015173670723968578,0.014610982077478381,0.0,-1.4631160643435241,1
-0.94600372958254,-0.9582228102923109,-0.918119681236757,-3.74860212124662,-3.760525890443303,-2.23573150291027,-1.0262909699123592,-0.8918043441184925,-0.15016628592800585,-0.9461490621813949,-0.6569340892884443,-0.9266921167979293,-0.9909852442862245,0.22402217535757163,-0.7504742903779114,-0.8614916973742375,-0.8526658135122275,-0.8548553295272056,-0.788955606494441,-0.5862552410055301,-1.5967665676643252,-1.4460943765924927,-0.8085267832549176,0.13172967038860953,0.02384301226531349,0.07501489413176812,0.07763656812004138,0.08455342754204943,-0.36393488811312896,-0.6689857697697168,0.3138024604735454,-0.16205037502220374,1.0205902364074377,0.2497952926753418,-0.0329304384002709,0.5820431551478514,0.5851246683152307,-0.5851246701568641,-0.6273865929953745,0.11416418679148067,-0.18968230234765576,-1.4954578580707965,-0.8567968086625423,-0.12175726156935665,-1.678341117807175,-0.5026337183229488,0.47659378689463283,-0.4358977198451405,1.5478461859691122,-1.523464285332649,-1.4196175939971425,-0.920354140145247,0.8006398617796541,0.412189191976967,-0.9475929037891994,-0.6126759146491189,0.7330779171665909,0.4120184358628393,0.8048009557235294,-1.3963738774561445,-0.34736792425134555,0.0275955909469784,1.4141801098940743,-2.078784117042259,0.2664924060033006,-0.14656483725211902,1.7261867500087968,-0.742944837670037,-1.8597105522451274,0.36258042709760213,-0.40412623761856975,-0.7384960045581384,0.3473719134292101,-1.118413792330548,-2.68390075555146,1.1515121101535364,-2.078784117042259,-0.14656483725211902,0.9388272593607621,-0.9658181037256635,-0.23211088649244832,-0.8579202822315087,-0.41344608389516846,-1.0741461320706334,-0.11757927025044311,-0.9618780578732204,-1.017456394198245,0.05538830627169417,-3.748522843657591,-0.19110231050382792,0.05405118968695805,-0.008747942214752162,-0.029801624538358374,0.0,-0.6084044560194889,1
-1.0973362806773215,-0.9935345470426118,-1.0690323475482226,-0.6493684675498744,-0.6508534666200828,-0.5434170435518436,-0.058492446368687154,-0.05143329022803399,0.02251255192266941,-0.04442616917129481,-0.6569340892893578,-0.03369605135212375,-0.2285831297809374,-0.610138673844991,-0.7504742903779114,-1.1592822724143668,-1.146812796203511,-1.1481453883618342,-1.5382504102286811,-0.4751866917962914,1.2858578264517204,-2.0698608400542713,-1.446951164192071,-0.12037766055688741,-0.07760043346720642,0.009011635562543837,-0.009509080604475242,-0.0051457116658021294,0.014640499323691637,-1.1791970613064862,-0.4765470336453298,-0.22173305212909014,-0.3917885909028718,-0.7597599486130757,-0.016312955745369534,1.6250900587081882,1.4830024357268683,-1.4830024324809907,0.8470517093197676,0.5266411720385106,-0.18968230234765576,-1.8409429981743464,-1.3309169880464466,0.7519464400987993,1.151790683775771,0.740997306315884,-0.7674283078563153,-0.7774356691933565,-0.6260014571844486,1.7114062446831884,1.0129373578335563,-1.0459921548604945,-1.0575479718871275,-0.3968902037436357,0.7236335281470494,0.7922640347884894,-0.34699780586695467,-0.27656942126156897,-0.7435413489401298,1.2879302314590941,-0.1938284351254077,1.5036691946452723,-0.024436920316579618,-0.14015679076664495,-0.0639197403922844,0.52877004215109,0.43345288165441775,-0.7185730575231979,-0.9021132567051904,0.9532262872521666,-0.585614898261911,1.486833992613267,-0.09531465337625743,0.16237223098316805,0.04580520190185363,-1.249972496669371,-0.14015679076664495,0.52877004215109,0.9026248795678617,-0.0803359554961637,-0.01142581072365422,-0.466878372162149,-0.004540533784507272,0.4180655539551804,-0.11757927025044311,-0.931316352175461,-0.9006406325018026,0.016101257867925763,-0.6495957358182333,-0.45750652498220323,0.5815760329287493,-0.010407021773293888,-0.03290370299410881,0.0,-1.538160425434671,1
0.30498205839041154,0.17510102426677135,0.2552191327282086,-0.32107035785153276,-0.3200729311183762,0.040192249330932794,0.10979836423093725,0.10194540149213023,0.051975617822010885,0.12253269352321519,1.6375995318253591,0.24856507779343073,-0.2763793251294166,0.28832102686583433,1.5757549834592106,-0.03423497113562793,-0.03363193438702125,-0.03752825105096728,0.1474586474612391,-0.685567030007686,1.7170322368895237,0.3931997755867357,0.09883556940818441,0.09129191850621905,0.1958113593131849,0.014956561429380618,-0.0018175256992727393,-0.0032291135522677403,0.23808073989231213,0.26887319283127564,-0.018830991950796044,-0.3452892045727245,-0.2891618922398853,-0.5579983186407759,0.41793739942365127,0.6653729615451421,0.6608089676483667,-0.6608089692167355,0.7337895039505558,0.1329351036250672,0.07189481198451649,0.40024704290561425,0.11028334805229745,0.059759883845074906,1.7100199557269953,0.7441393866191877,-0.7718683715168304,-0.7774356691930508,-0.6260014571847992,1.7559905174331791,1.401641400374052,0.325991858465026,-0.8935630540414542,-0.24331589471747775,1.2954953698354643,0.8350568059798681,-1.081084900346908,0.14244540619777413,-0.9171682034350348,1.1857971799784128,-0.26719359961343897,0.10753786367027138,-0.8947245754851616,1.129982602784893,-0.04056989266171338,0.1291244461826144,-0.7646869868090277,0.13170159079745525,0.14184805471760434,0.6140543802413942,1.9494845603281088,1.4436343887238372,-0.09137399910569512,-1.0772799441758718,0.039001956226993706,-1.148356302184545,1.129982602784893,0.1291244461826144,-0.1896540544049089,-0.1331263207438735,-0.025660868063746494,-0.6300120890763834,-0.004154993652257567,0.326384390118606,-0.11757927025044311,0.11862381126887848,-0.9241205568253513,0.03562593840061655,-0.3211434101961278,0.06754708594197688,0.07589472416973402,1.9573600833821767,0.9732349495341097,0.0,-0.6923945945803259,1
-0.9054932055923403,-2.762179198651668,-2.5316112413123735,-0.05592667259139434,-0.055007219103517704,-0.9658499879461923,-0.22249938490993482,-0.49169462479577214,-0.0038553287296788858,-0.48049801875752535,-0.6569340892887103,1.3568597962451117,0.23490392362545845,0.7600569875705013,-0.7504742903779114,-1.7811475536781902,-1.7602416422261455,-1.7596351063255764,-0.8752671633741569,0.061238819954400205,-1.0578241351982183,-0.6949845294053832,-0.3683428721347722,0.3647391464738116,0.022254694639522715,0.023400507488700015,0.009155109322049328,0.008532100534681588,-1.0764067944477862,-1.9560909852799686,-1.0104763585674679,0.9974554460067803,-0.36842591485458037,-0.18281373541700532,0.0025946572526865394,0.3976429804101478,0.41641111639065476,-0.41641111872129616,0.8222458021272925,-0.23457274885003987,-0.18968230234765576,-0.7167525973215705,-0.37875317495689387,0.10948334310008247,0.5587568188896004,0.17132669117143706,-0.09504916752247353,-0.7774356691933357,-0.6260014571844423,0.1654173720034315,-0.9765459159519908,-0.325030864696725,-1.6004511553821035,-0.3695163759722806,0.6273404961406711,0.6210699033239888,0.7674873196792439,-0.23336949549870678,-0.24612656763811647,1.093883113235243,0.33738750226982583,0.9780783396093661,-0.055901642097114096,1.5491692794752447,-0.10159767842170288,0.07414997683925395,-1.0206104339348374,-2.777069495833388,-1.6679752714380962,1.9034312212813522,-0.5879807423651325,1.4792443985754054,-0.09384083969167231,1.2246168457326962,0.10978660144719338,-1.1572616748859645,1.5491692794752447,0.07414997683925395,-0.2899046112435301,0.143822973139599,0.03914987767201232,1.3546996545106316,0.10151744586605503,0.3973063821227687,-0.11757927025044311,-2.810327987801085,2.6639051579988595,0.035005901221856255,-0.05578662806108651,-0.7916470729902549,0.011789111729173808,0.015496832071261695,0.015208485451306234,0.0,-0.42092907116355527,1
-0.0760728707917409,-0.36913399384932893,-0.1347884204729055,-0.2284953864137269,-0.22750141640319457,-0.02688015445091584,0.003872685978928172,-0.0162977257165242,-0.03464725097680478,0.03324010061015131,-0.6569340892894348,1.1345588343752981,-0.06487800046480857,0.278345902588614,-0.7504742903779114,-0.6571940040457995,-0.6506879709009538,-0.6534174975887227,-0.19141533012126363,0.061238819954400205,0.13933224764861882,-0.019888034531140526,-0.2708412593240014,0.024920721561039822,-0.025652149502794482,-0.06966350672096973,-0.10907573297279644,-0.049177754855444886,-0.11189067549707378,-0.15577066692787425,-0.25147148823815035,0.1411945440839828,-1.2666330214712302,-0.6225613194831274,-0.05890464360946204,0.6994765349104535,0.692147968894158,-0.6921479703400255,-1.2110495048043606,-0.005409375047327842,-0.18968230234765576,-0.02175787316743109,-0.2692984137483149,-0.06523766001107473,0.21936164070818395,-0.4867762434303936,0.46633960817134057,-0.7774356691931701,1.747454458194295,0.5774396628935348,-0.8382578125361145,0.07619954243607742,0.16264097811472708,-1.341770703479662,-0.23001498919370736,-0.7149598422915889,-0.1848309433146284,-0.7181767259432702,-0.6388169887922164,0.8504433399494921,-0.036799145298460734,-0.14923162572878584,-1.0391581302535056,0.18574896826695625,-0.4631676169729334,0.09192519910170396,0.5119370014578891,-0.38600268125895687,-0.46813394226316796,0.4360595788545725,1.9606825219552235,1.520762083888253,-0.1727809258591251,0.8824443333759115,0.0750883181131142,1.28652503211235,0.18574896826695625,0.09192519910170396,0.11608955745569059,-0.0037883276968112617,0.0032231351697252714,0.12454239550803166,0.052052189072308006,1.1978553147310032,-0.11757927025044311,-0.39416049077974685,0.133146648561861,-0.4320070501357432,-0.22872104396817802,-0.05082450108692607,0.08541846368733717,-0.09796334675862343,-0.2054802328125036,0.0,-0.726589513923362,1
-0.41143275787792066,-0.5319444174419308,-0.5399404134261746,-0.5596614008421774,-0.5587710018302444,-0.3586502476634301,-0.007496366831021653,-0.022109206833112294,0.02359672678846507,-0.015814588988990057,-0.656934089289429,-0.4060206938328794,-0.07202608810132913,-0.33616636581340303,-0.7504742903779114,-0.6921445310209102,-0.6852529978607091,-0.6878936739080059,-0.635044578339178,0.09415495773731966,0.6379154206493405,-0.652588794247096,-0.5045109798642078,-0.08976975279776593,-0.2195110190291939,-0.357506600161248,-0.4509554960651334,-0.15379040689827334,-0.2270181420330104,-0.4019614085807289,-0.5511631188207636,0.1644821421453782,-0.7594997099245497,-0.28539969889471745,-0.026929623102664887,0.9343698234988598,0.9043763426513569,-0.9043763431302608,-1.024507016166108,0.07665923883795699,-0.18968230234765576,-0.6728902206078436,-0.5246703970659915,0.21670056113027153,0.5744916527098411,-1.0850579521566044,0.8701113673312356,-0.7774356691931673,-0.6260014571906771,0.9851981649207208,-0.8604334337468794,-0.036999231187950045,-0.5931117568833353,-0.8823885147550913,0.495875819289101,0.09607653057165756,-0.8868198407649694,-0.3254626885752179,-0.8673534106886656,1.095419764678141,-0.041337357359908386,-0.2510853624924454,-0.7649583684682242,0.3479020455082066,-0.3245335924919743,0.1760234019963722,0.014533700117037187,-0.8386849318066966,-0.8192534449880224,0.33470855266558536,-0.5817640046371352,-0.7384960045583283,-0.1262226189484936,-0.14104371208895858,0.018009183197203807,0.7605474079043293,0.3479020455082066,0.1760234019963722,0.10189826419996274,-0.13535821647434307,-0.024369257172633937,0.1302574452127604,-0.013521456111870384,0.7405083307617856,-0.11757927025044311,-0.5485095494115351,-0.64710687135998,-0.04009337620284424,-0.5594755651824648,-0.11436669375692139,0.1616043888955855,-0.0364169128669263,-0.08214129655719653,0.0,-0.9562006389524412,1
-0.2786646938826599,-0.32461554313872687,-0.23545202236905205,-0.2756107121774225,-0.2750864222419526,-0.0380906258671437,-0.04136847034404336,-0.03493050597436609,-0.07427562627379314,-0.03766498595767761,1.6924526270172395,-0.9266921167982761,-0.20515539120218315,0.16898574926157042,-0.7504742903779114,-1.3950318482216522,-1.3794849493605912,-1.3800997219082993,-0.24031474635407216,-0.4173977484406619,-0.5015923815779817,-0.05060570008601885,-0.7183542308539342,3.480571953015557,0.06900583757617107,0.05961263077525485,0.056924345833509214,0.053020848510240366,0.30531065727210926,-0.250688973790725,0.0033181438457475965,-0.027424282041704356,-0.8153289860253529,-0.8395020684703262,-0.11026795384445673,1.3341632048572498,1.2509159705881214,-1.2509159690140148,-0.5960808341061601,0.32416032248935295,1.2421844919066223,-0.0510807674422907,-0.23524010609429252,0.06111698021080733,-0.047763872461492066,0.5141505388220304,-0.482862346465575,-0.7774356691933423,-0.6260014571907921,0.8224409118950048,-1.2574978081904677,0.06799885862600795,-0.9646028629325824,-0.9087633286307364,0.10230166410819151,-0.1628018833040399,-0.8344791159271697,-0.4899076475826584,-0.8401291967744046,0.8855442423993111,-0.16752302674861763,-0.2732044690284825,-0.5000924973694657,-0.4912638959608471,-0.40336891126360636,0.27093515052265027,0.727162272963134,-1.2720989750249732,-0.4511986695983534,0.35130913403244074,-0.550149099906472,-0.7384960045582822,-0.14648891025899816,-1.0962834523396379,0.105526546912608,0.18238480155308212,-0.4912638959608471,0.27093515052265027,0.6188643726105828,0.03580710627497675,0.009205970098479484,-0.3450215946059537,0.086889566420281,0.7894099329471214,-0.11757927025044311,-0.3569227403694726,-0.6262485164625216,0.36756958595834477,-0.2758015828097179,-0.10162969641555554,0.3540033240788737,-0.1510333854787739,-0.32301589636608685,0.0,-1.3137017224236467,1
-1.6952774834591986,-1.783166460464628,-1.5866631159820106,0.18289895411671866,0.2120750720005474,-1.2964478194842726,-0.8806700544239756,-0.726495825567885,-0.5740398673493134,-0.691288463447223,-0.6569340892882023,1.445325474166359,-0.05548840135390675,-0.6305292647966527,-0.7504742903779114,-1.032996838632167,-1.022107832091809,-1.0238119883900716,-1.7663856102686224,0.02119426175613322,-0.8050192713612689,-1.437706291115887,-2.0882702449364055,0.06908913010538731,-0.4607691217522879,-0.6521315396297429,-0.78004378914379,-0.8724187337441409,-1.1087383845454781,-1.5420842139077322,-1.555603526338489,0.15462833126595843,-0.8193172617273383,-0.5394134267678887,-0.005297644915777074,0.5060602153812184,0.5155102822612144,-0.5155102843252021,-0.779693500556826,0.09683527516575809,0.7523783693898419,-1.4618303941017243,-2.24557119049468,-0.061911928783677454,-0.8173303396030875,-1.1056728301006373,0.882904459052039,1.4637167463677583,-0.6260014571909422,-0.6906558583752743,-0.9162297461470615,-0.6368656579328567,-0.35105530626999504,-0.9611213771783281,0.23444793358287058,0.05632314128390625,0.424998130918254,-0.5327123751782952,-0.440087431536429,1.1366456274162853,-0.008276892614733718,-0.2856351767508282,-0.4184679270645302,1.3859933752524243,-0.3108205455780407,0.09521704492442361,-0.8839220225349961,-1.541056107125575,-0.7428081966440189,1.9666313412794965,-0.5316411556236149,-0.7384960045582543,-0.1563798351407268,1.6899884312976885,0.3639475498374635,0.41504766401481014,1.3859933752524243,0.09521704492442361,-0.25444089692010147,0.4171352445530374,0.09853510950759857,0.1997494652304793,0.19878533938258597,0.7929754508704414,-0.11757927025044311,-2.0520390415805903,-0.9029578160307323,0.023839864662353678,0.18310288355894067,-0.5298114305614877,0.03570334744074966,0.008052004860975025,0.00143416860092944,0.0,-0.5313288265558508,1
-0.5398606722101612,-0.5156688943706226,-0.5086174061827937,-1.0608603004632424,-1.0606935044340193,-0.7907557801254773,-0.11441678326728123,-0.10171753575715704,0.046720549254610444,-0.11617032741690733,-0.6569340892893707,1.477326292864337,-0.25700814055404947,-0.6050715673355873,-0.7504742903779114,-0.9115621169666819,-0.9021442799242432,-0.9041947084822396,-0.6275078161121339,-0.455911079538073,-0.14948143414025974,-1.1074618736972874,-0.5621242399400873,-4.0317716715059095,-0.05062830437038123,-0.0008921881332880413,-0.02225123208658087,-0.036065460417632145,0.11421569596787783,-0.46273670689790014,-0.1709128103708903,-0.11384278615016219,-1.078724554683201,-0.42063601749319846,-0.03521267789685995,1.209539339730791,1.1455138992101366,-1.1455138983190012,-1.1304988762971062,0.32174437416287777,-0.18968230234765576,-1.0915883114830294,-0.5559626486942291,0.13719858563814455,-0.2839947975859989,-1.1403655955949448,0.9042793017073509,-0.7774356691932314,1.7299238334792604,0.4385326999389088,-1.251033556328353,-0.1294636878816604,-0.1139852275485113,-1.1528033864765652,-0.11467611284328658,-0.5409933886889334,0.4224885562646815,-0.6047982432311559,-0.3693770966183171,0.8017169642496718,-0.21091871312684754,-0.1753080534014267,-0.8562332931611244,-0.5026545671845216,-0.4982292749493801,0.20921667334520666,1.061918047297725,-0.4772896670055632,-1.7736849081485535,-0.6388665295265801,-0.5562538996465302,-0.7384960045582822,-0.18234253121919416,1.7252927232288426,-0.5547907297746957,1.1597396505216164,-0.5026545671845216,0.20921667334520666,0.668396753250956,-0.7592328933519923,-0.14919906138347774,-0.5021958250745543,-0.5024575577332923,1.0242526828810348,-0.11757927025044311,-0.4963820416918158,-0.7411807394072344,-0.4630886313217743,-1.0609490200348621,-0.13424015886823573,0.28286387499189336,-0.023017637259464672,-0.056620495376905014,0.0,-1.2077643827020255,1
-0.0501391504784609,-0.018010841014811582,-0.04180219631114668,-0.24232225991285655,-0.2413261328973074,-0.026343187505189058,0.07266476069183833,0.07220444468833447,0.02904560513454948,0.08771618233611786,-0.6569340892894419,0.8162865970976342,0.14000995283580095,-0.13553019473431185,-0.7504742903779114,0.12989557152559558,0.1293342951657278,0.1253603263787115,0.02855607542005222,0.2486518286203806,-0.10605806060550332,-0.030098985584499652,-0.011861254496956982,0.0015938307663811322,-0.040808320952725574,-0.14301347600853553,-0.19896266912122573,-0.22357737402535285,0.3645482369063908,0.2802614859618219,-0.039856601455775145,0.2234119819292716,0.15063414459186641,0.4521903439230854,-0.18073357351825858,-0.4931880973671524,-0.3997056558703214,0.39970565380754275,0.026597572716174894,-0.12533474189982016,0.7401176717029714,-0.0304590123257752,-0.0017334878888059094,-0.16681604052305252,0.06979812071871923,-1.1543601368885645,0.9165277512206638,-0.7774356691932038,-0.6260014571906105,-0.15980648672814318,-0.5311550164874866,0.08164939195788448,-0.3295782694941133,0.03310496571158542,0.29546186466780516,-0.24497321522126728,0.6457041274297599,0.45091630862518417,0.12160297283358586,-0.3237901795262733,0.1296280233581113,-0.037195502838374216,-0.5819150460370931,-0.33686283649033427,-0.007169023335304808,-0.11460111029455754,0.3513413504975224,0.279242983831309,-0.05514622420520732,-0.4065820535891985,-0.5604885890348696,-0.7384960045582767,-0.044350026365700936,-0.254675108376822,0.2577909996475621,0.14361158477374047,-0.33686283649033427,-0.11460111029455754,-0.014388315538273343,0.3033552729366538,0.11017850914672823,0.39105140193675886,0.1204549466189165,-0.09686208199035806,-0.11757927025044311,-0.0015527006605075943,0.2219522417457313,0.09849663066893874,-0.24220859898269867,0.05153474770368775,-0.12003438004661342,-0.182825603869785,-0.39993949426261266,0.0,0.43421657369455474,1
-1.3136340102004889,-1.097018171838354,-1.281938355416433,-0.382290971601109,-0.19356562611855455,-0.3246335183422772,-0.16869187129384963,-0.15022669336194913,-0.13990886820242046,-0.16996205583320115,-0.6569340892892725,1.4096161971915724,-0.6419342670295625,0.1858558277054646,-0.7504742903779114,-0.9523735603620459,-0.9424668125765784,-0.9444022112074815,-0.5323202122792382,-0.4968865117478359,-0.6088422394407602,-0.2614891519587221,-0.643367881375591,0.030153263930659088,-0.010031848316041675,-0.832949896376406,-0.9814120422947193,-0.36584410076010326,-0.771004908224144,0.6569533684518054,-0.9576550964649223,-0.349890403300124,0.9247787091263856,1.2025877386865906,-0.0033385215093257176,-0.9999885428630846,-0.9275210349514564,0.9275210350239753,1.8620990299540099,-0.2313175650761481,-0.18968230234765576,-0.2669343254644103,-0.5065304161933862,-0.22913777384051784,0.46034756128339765,-0.5239917790192393,0.4925470851325092,-0.7774356691932102,-0.6260014571897076,0.5460434114500686,0.23210972588463966,-0.17002109324545145,-1.5663354446791449,1.2438855231599275,1.5758499076655854,0.9323421564103663,1.6460406840177377,1.1887815515350284,1.04373268082182,-0.3558350066038788,-0.7015760026379353,-0.09753609821983257,-1.08485259779139,1.1446584438532112,0.280656372828947,-0.13340466217320882,-1.0206104339348374,-1.4232338500032105,-0.6273652935549833,1.494348998885543,-0.5623734800608958,-0.7384960045582614,0.012257275237258414,-1.1184137923308066,0.6333782668060953,-1.6007785613417616,1.1446584438532112,-0.13340466217320882,-0.2899046112435301,1.7706994053788576,0.766538258803249,-1.0292597348365156,0.3650961003920864,-0.965958658959716,-0.11757927025044311,-1.1880521455371795,-1.1818692515631648,0.09194610647335424,-0.3821301020943311,-0.11908227360443813,-0.17087351663203565,0.01014115945416286,0.005301973023127879,0.0,0.9347262183946228,1
0.309478673751964,0.38426899320991054,0.5234289365876069,0.3686747220226271,0.36913617756806344,0.5141202087215552,0.1747593042324393,0.21801647907999386,0.03857343114847199,0.24279647019345257,-0.656934089289348,1.2309942116947608,-0.31213203486744784,-0.05791482662307305,-0.7504742903779114,0.6567251273556208,0.6537918867374557,0.6501596109022948,0.416115158301899,-0.9215888731407029,-0.2536961364445624,0.306097035269506,0.26065648996951124,-0.001906010169630941,-0.03248348999698089,0.05481744772087274,0.0505252485720161,0.03206326076371675,-1.5771875476193058,0.6457678026149589,0.10612897049594837,-0.19001621296021426,-0.5560711968887496,-0.8832044209549563,0.10985930076449342,0.5281007769112082,0.5358276452150093,-0.5358276472170305,-1.05227302831107,0.07921710884634575,-0.18968230234765576,0.31097490137336253,0.25576834035069607,0.03263609326654981,-0.7486402194856226,-1.0645932168860965,0.8556575139106626,-0.4358977198451405,1.7028094207774633,-0.4918699172305117,-1.1641971148200316,0.15518751329959093,0.672394109722141,-0.590529898894653,-0.81483715153701,-0.2643150972289634,-0.2758527885453576,-0.9745836553563225,-0.6071457255640604,0.44241287964399123,-0.2635440905338863,-1.4835407895232955,0.525044882481167,-0.35337742237810277,-0.1825707313169523,0.018642146926029425,0.49512326695812897,0.49343337073048565,0.5565170921667857,-1.145578731714318,-0.46457329929708724,-0.7384960045582527,-0.12555965027464427,-0.31337903023031455,-0.306989765493961,1.1560710571576136,-0.35337742237810277,0.018642146926029425,0.16273270918340127,-0.2788538867621612,-0.06177940879106413,-0.5991825002332659,-0.06342127033046001,0.5625292421396698,-0.11757927025044311,0.31320053466554937,-0.8212344645482124,0.9472861391122032,0.3688255764033488,0.10340291662744869,0.040876029447978426,0.2717319255684358,0.43360191628591094,0.0,-0.5536978157630339,1
-0.8377194963011718,-0.9473645645181693,-0.9269029028622278,-0.7133655248666929,-0.7108022159205164,-0.8198065434978358,-0.35529456254959557,-0.33368415898282044,-0.19623914017782915,-0.35465304775187034,-0.6569340892891686,1.529980584359097,-0.3220257775575163,-0.42609834073062375,-0.7504742903779114,-0.226130634175574,-0.2239307122365869,-0.22757950316951134,-1.0181950252633394,-0.6152923907337776,-0.635201786392387,-0.8040098759250507,-0.9355275373050924,-0.17839841360918043,-0.2863674608071935,-0.36397730189711974,-0.4583640437345522,-0.44473821257233204,-1.565286619922464,-0.39301301429094065,-1.0095175533191993,-0.29584569601064875,-0.6912289366595811,-0.4162396159971483,-0.011940974571829318,0.23678635834679174,0.2696165444417338,-0.26961654705369575,-0.6723733246409239,0.022950788431490635,0.2333392400302534,-0.827217921685539,-0.9816653198306569,-0.06177708776336984,-0.6815396393261278,-1.0645932168860965,0.8585525889635566,1.3706377701041859,1.7480724594231787,-0.7228628216198432,-0.34888424053640443,-0.5091500261319863,0.6051124757195522,-0.7721369377405181,0.15861251773835658,-0.013594631023517087,0.7400391008223172,-0.4467444050324401,-0.20947782978982268,0.8828210427911467,-0.324679579004188,-0.39841867266033126,-0.3172008640097758,1.2843232815217194,-0.2339626428624447,0.031363622367003,-0.7496242932846321,-0.669236098801899,-1.0463207775145698,0.7450375298087314,-0.49674845692638636,-0.7384960045581858,-0.14745651028064036,-1.1184137923308186,-0.6352152748645249,0.4546306357949905,1.2843232815217194,0.031363622367003,-0.22904814594559,-0.6597880684835398,-0.17329643824613364,-0.7224198205309157,-0.20319262135753322,0.6807890287955547,-0.11757927025044311,-0.8727539931324572,-0.6337923376481023,-0.076392201055778,-0.7132036041212608,-0.13223334836124456,-0.01941442059396384,-0.004890570713588001,-0.022603227616334345,0.0,-0.25810312086660553,1
-0.48077158133772785,-0.4979151951060306,-0.5225167654691939,-0.5605849738101298,-0.5596953033790182,-0.23400762944472142,0.020277200287812717,0.019798704668003767,0.021233599966617032,0.025732025807156767,1.6492874677585407,-0.021518922203273436,-0.14272216426235687,-0.2676036323936594,-0.7504742903779114,-0.815726168549712,-0.8074335469124552,-0.8097480739937596,-0.5173388289275553,-0.12797185755540058,0.9025090794606696,-0.4445194683555799,-0.46615607683689186,-0.09542738175490516,-0.10257859338999954,-0.2129919816552446,-0.28271555209283616,-0.27054511734718867,-0.27491063211254707,-0.30350247774344913,-0.5521546981279084,0.04446218137381431,-0.39736863240184966,-0.06978244978046497,-0.03224265862890409,0.8173498373561214,0.7989769350612084,-0.798976936049642,-0.6447950593209539,0.06205537417826577,0.700966458788284,-0.4560717848831138,-0.48337909631209125,0.236874186582992,1.1415457418216561,-0.3995049919049558,0.4006129427550417,-0.7774356691931449,-0.6260014571895162,1.3645779354268164,-0.47063961638500884,-0.013282977092474472,-1.0288038979876528,-0.4053450234358286,1.1215454895159174,0.789906325088155,-0.17341550915913442,-0.02179631696039053,-0.6938222282436848,1.2935126516564608,-0.11202496865666425,0.8661692664755207,-0.6484447641585956,1.0934495479895334,-0.10739117117194111,0.1765447323852386,-0.7172276101511187,-0.5992175401995933,-0.5288077595226921,0.6737156599018667,-0.5890166965759014,1.5381746289617368,-0.09589862928749958,0.28058610037959614,0.003924810801380344,0.07328126746102373,1.0934495479895334,0.1765447323852386,-0.16158584442571142,-0.23236579016393916,-0.046321629274930595,-0.13109359357661987,-0.058726556243355765,0.4230168043872161,-0.11757927025044311,-0.5246192268799043,-0.5281483254461369,-0.0030798064481813484,-0.5607606956583132,-0.09498909059161653,0.12112656610894325,-0.0352520244156392,-0.07990765469022446,0.0,-0.8431587555581502,1
-0.2889223163704358,-0.6997999016849609,-0.34582432663534163,-0.4813446387757457,-0.4804011269929791,-0.15668014094434254,0.02078099029668143,0.011483161501053754,0.0053051282472603,0.08397503310972965,1.6498156758107174,-0.12049741502479529,-0.08632010720747975,-0.6000166615314219,-0.7504742903779114,-0.925129330815556,-0.9155495941380636,-0.9175619425245244,-0.2182870330033786,0.21596746953797671,1.3187389292230172,-0.33030980952134964,-1.1905955140688786,0.11350894350177722,0.028688527441022182,0.03818844959730885,0.028515388987906648,0.09574945965788267,-0.3950543829109384,0.6894880848484892,-0.1605938507282958,0.34536350952418915,-0.2740849860040745,0.05726821698564287,-0.029746961817384898,1.0928585196159468,1.04430867245501,-1.0443086721723533,-0.23836633072025573,0.26733330722400284,-0.18968230234765576,-0.33919274539231814,-0.747213189485057,0.6427509112388217,1.4762427597193613,-0.1720145384102605,0.22363489928632066,-0.7774356691932507,-0.6260014571861577,2.1314411820532584,1.6524932932651843,-0.23835607598650724,0.021191620063905722,-0.17286638372284954,1.2916244627084934,1.3256401119459136,1.273046722176073,-0.08480634056462598,-0.02331200417728673,1.605509591892524,-0.0445624251652662,0.32795581205366503,-0.1533397476885063,1.39839579409402,0.039588988776166435,0.3100717556899392,-0.9964212068830229,-0.5685698832118395,-0.5674168089243021,1.0337686214448014,1.9605875850154781,1.4651531290795596,-0.08850233372433329,1.4081216869530981,-0.027304284678410146,-0.6864521273619433,1.39839579409402,0.3100717556899392,-0.2751180618293445,-0.4280579495490241,-0.0833735803036542,0.1320587009558027,-0.21061343714434727,0.31277805433490835,-0.11757927025044311,-0.7443147079860385,-0.7837368729129868,0.017355651704013188,-0.4815312895611476,-0.20223252610739562,0.22625547096760296,-0.038524935066003255,-0.08619112746297847,0.0,-1.103826411473235,1
-0.3365942907533476,-0.2240821273478497,-0.39103449889189124,-0.6608208511703112,-0.660024139879021,-0.3885872418185584,-0.014071110374942486,-0.03319583153391693,0.024682741668855465,-0.03127334348526519,1.6864466747966176,-0.9266921167982761,-0.25764681030878306,-0.05791482662307305,-0.7504742903779114,-1.7278366503769425,-1.7076923571427516,-1.7072568426101427,-0.08935324061110779,-0.28541657171386614,-1.0226365530937256,-0.2399508099214272,-0.07267442217184815,0.06864295293636062,-0.016053204559776005,-0.06433938050527695,-0.10245221831219828,-0.08206418317510573,-1.1333016820642636,-2.2894704521580933,-0.33585292557349566,-0.37532693729319183,-1.9844690928475803,-1.020255239683592,-0.12572670361775945,1.2298849818991875,1.1630699615080278,-1.1630699605065689,2.3304036833587523,0.459734680154331,-0.18968230234765576,-0.24444072202083228,-0.06618211871997311,-0.33657775227752657,-0.4591772631507407,1.6811210984068041,-2.001370515586041,-0.7489759298957295,-0.6260014567658895,-0.28484210472812105,1.8623964404724223,-2.122696517955696,-1.7085355679632332,-2.257115467862033,-0.5250371413008017,-1.247747883342439,-0.10427880991807059,-1.154462334234389,-0.6793974016343288,1.3502565388614118,-0.23346535223337755,-0.10840800033381097,-1.732837030777938,0.45523370645511224,-0.9763550057980551,0.31682511565948784,0.8503624821675732,-1.290422790582764,-0.6176912961338114,0.2951998048400603,1.9129495330484645,1.4672321963818584,-0.2552334685969105,1.0137880392092975,-0.07914057238790956,-1.827135524306516,0.45523370645511224,0.31682511565948784,0.26945151108410564,-0.2751350414057061,-0.0499442109352232,-0.5878180848258813,-0.1261800178711504,1.967643455057549,-0.11757927025044311,-0.4328768655028398,-0.9795799364473194,-0.12666945351520517,-0.6610303231127902,-0.11459163360864708,0.2936549928136293,-0.2244591976064854,-0.5097373104566654,0.0,-1.2254215632667629,1
-0.6536725316283557,-0.48618718918668985,-0.5952211998537127,-0.18832245725458857,-0.18637957158016666,-0.3543597096409456,-0.0476734179171284,-0.035710127867163786,-0.017206866844945667,-0.035740864419257556,-0.6569340892892512,1.0620172219793151,-0.3606349662592259,0.06059427275742914,-0.7504742903779114,-0.06477643487828791,-0.06393501525828925,-0.06780169676489756,-1.056634688800881,-1.3654138901800665,0.978158183496569,-0.83938253118372,-0.9959274477977452,-0.05370576807230253,-0.095952550373615,-0.2845935470428723,-0.36677657530859237,-0.3201985811620289,0.6714505302773107,-0.38494459422899296,-0.5788955883091004,-0.6238492612326798,-0.27980519589281655,-0.1420311577185307,-0.0585748842326288,1.1128708239015335,1.062004360606925,-1.0620043602213085,0.1862092309785764,0.2490208077008705,-0.18968230234765576,-0.8650930206509748,-1.061639260803533,0.5543575462474365,0.37257766690901273,-1.298022736351185,1.0100018503436516,1.6163433474514506,-0.6260014571896502,0.8272360110264314,0.254213059498105,-0.2085507730164005,-0.5823576544445239,-0.22630946171467423,0.9845963546545045,0.871824451763578,-1.0068996886071415,-0.059792742825687056,-0.9013612581135181,1.2064753762227054,-0.3369064901163009,0.3144023793754729,-0.22501602123286643,0.31362118091404523,0.00841252510707898,0.2465930416744771,-0.03334874886370224,-0.3289753232489009,-0.40376786913921847,0.7532870265419324,-0.5297413728954099,-0.7384960045582417,-0.07664303960746463,-0.1007109834046229,-0.0019395830125703217,-0.7374125806161296,0.31362118091404523,0.2465930416744771,0.2477112858109883,-0.14867559333931965,-0.025979618115060166,-0.9394334243286121,-0.029292555442565427,0.3178971752603665,-0.11757927025044311,-0.4658261676007727,0.28189745292914414,0.021699465052589753,-0.18834560449790472,-0.11006131884135982,0.23536078436643318,-0.07150621548502763,-0.15104012211098627,0.0,-1.1219499046844907,1
-0.2433507378480593,-0.08477312026408022,-0.15740399173598357,0.5623786512351572,0.5640507877323491,-0.24620805187004757,0.025831095084887745,0.03601027462296919,0.029543327167837148,0.02541141074867501,-0.6569340892889666,1.466420933512728,-0.13739293261811153,0.4686254202487799,-0.7504742903779114,-0.002562623172436884,-0.002199963751951757,-0.0061223957081995815,-0.27956581153085963,-0.11133986115557848,0.33578552678208884,-0.3266647790197181,-0.23911859462335094,0.00988426341026844,-0.11288030348108863,-0.07698665875550102,-0.11816235993414098,-0.18733168717897505,0.6106560532756946,0.0797569403035233,-0.17967351379478658,0.04998411903928992,0.17701540810671823,-0.09833837719330833,-0.323004982624479,0.582643660510679,0.5855637435492231,-0.5855637453893517,0.6430143202622075,0.06335468896421075,-0.18968230234765576,-0.33581673792823624,-0.241057313345948,0.21187558798499215,0.04705461574859807,-1.1403655955949448,0.905800982900686,1.2722229435905512,-0.6260014571894497,0.31064798054680914,-0.7953500163747935,0.001783631639024405,-1.1653746134149474,0.339658338084174,0.5314314522732605,0.7321707950111168,0.014218770953964035,0.07092629046914,-0.49456620707341253,0.48191769589968725,-0.11008265399545043,0.07692328783767328,0.48116017677531797,-0.35244804665458823,0.2288066815860934,0.030001178091468694,0.3182421447491387,-0.06536713778843264,-0.0410883111946485,0.7900178520974203,-0.5123106368923036,-0.7384960045582445,-0.0060086523175640165,1.2646759163647385,0.2140994192180048,-0.8068228315953725,-0.35244804665458823,0.030001178091468694,0.26786598252893223,0.21580190813874897,0.052367317780756185,-0.1277048209091056,0.1343342532658612,-0.12454090101695471,-0.11757927025044311,-0.1278925515707519,-0.7137472055010442,0.03643981195069642,0.56218644675944,0.016634188275326072,0.054211313504222564,-0.32276486693281614,-0.8228508103671004,0.0,-0.6090499024103099,1
-1.4229479195307768,-1.2313588942938651,-1.3798760737185172,-0.3111446911638364,-0.3101464049904169,-0.9305648158409969,-0.461774353435591,-0.3829774770600646,-0.26926223052031356,-0.457088447294857,-0.656934089288867,1.553813753709654,-0.3509572989032567,-0.5501368980167461,-0.7504742903779114,-1.2122367708228663,-1.1990900193502454,-1.2002638529520027,-1.361159435764542,-0.68071599851177,-0.6051007734285575,-0.9944357742167318,-1.2361281129943116,-0.12028037272462432,-0.17040938058377464,-0.30214919064730156,-0.3940627228057072,-0.36728837220695837,0.7164157136307433,-1.4143402741408067,-1.5681640844551192,-0.5361362596711207,-0.30885973393185945,0.003539541170468876,-0.012334706041367417,1.3736707628175244,1.283658555541876,-1.2836585537456784,-0.20096911075226934,0.5122110992729946,0.5182138459451763,-1.0122104104750884,-1.3081639271718182,0.21838494469804606,-0.48975581715226013,-1.3127630452999357,1.0161180310036944,0.0703046912640394,-0.6260014571907444,-0.11264431100305773,0.23381656007457843,-1.1534405108279706,0.5306838056763082,-0.294426178982961,0.8065900883646775,0.5384552008595708,1.1713187321369736,-0.020861786111577976,0.08130111211426483,0.9368701706578282,-0.29286473799137985,0.3280152137219584,-0.40124623692072764,-0.45256582819619334,-0.004731105678133856,0.29808064382010313,0.6392245318616068,-0.7851603861707253,-0.7841408345714407,1.1803424171263963,-0.4726339986112186,-0.7384960045581018,-0.0696112305716136,-1.1184137923307282,0.7056293075841874,-0.1853722303325227,-0.45256582819619334,0.29808064382010313,0.7993398677772684,0.7299912466973978,0.12751512762879566,-0.8287772248321474,0.5064659200533411,0.3441125883850536,-0.11757927025044311,-1.0268918649945222,-0.9187494810185002,0.027752327807534078,-0.310948075688694,-0.3942411847594214,0.379303605176876,-0.0030082491163416028,-0.019097118043542544,0.0,-1.3461223552015613,1
-1.5182114669467548,-1.7394446535139492,-1.5846555993202076,2.7113155262442774,2.7037525911286955,-1.1348141588298213,-0.6412927514511162,-0.5658208133896615,-0.38363181715821026,-0.584724167970911,-0.6569340892873397,-0.926692116797312,-0.36669639518306923,-0.8792221651366641,-0.7504742903779114,-1.3887105568241878,-1.3732482121911191,-1.373882569641262,-1.0540700572982846,-0.44146260122932596,-1.0859670324329476,-0.8670024472187856,-1.0650528157128119,0.015125727591883154,0.006908707156109662,0.07523313773260241,0.07680655161541933,0.07879607345039141,-1.514391841724687,-1.3740947410523716,0.46076545465278396,-0.34025111445818235,-0.9068303093620403,-0.4090088532438596,0.0012466711357770014,0.604305861973333,0.6053027113467592,-0.605302713118702,-0.7570127794584887,-0.0755181601804981,-0.18968230234765576,-0.8606032888856442,-1.0907727892368773,-0.26924665350567123,-0.5207297814287906,0.7218656690470533,-0.7429795119799462,-0.7774356691931973,-0.6260014571908309,-0.43434637117885333,-1.5517792493470135,-0.1260247109596752,-1.235749181175746,-1.072276615272927,0.7107814453143937,-0.02360859419939619,-0.6151399709670016,-0.22189421564610515,-0.8047506928900333,1.1739667879169169,-0.3770327378462955,-0.12662745778268297,-1.5333577894920818,1.2460712497556354,-0.3579883669660809,0.11631808513295586,-1.0206104339348374,-2.0039862863184617,-0.42040878815723626,2.080743080945791,-0.5416731026871564,-0.738496004558211,-0.16528742440999974,0.6722811771413327,-0.6263902889035668,0.2860455774603014,1.2460712497556354,0.11631808513295586,-0.2899046112435301,-0.9254033528733543,-0.2201376788493775,-0.950909095820326,-0.3972486891807686,0.8702616923674634,-0.11757927025044311,-1.7734216372116152,-1.159974857015124,0.03543235351614176,2.7115218423526777,-0.45490209107603996,0.05970426815499023,0.017248243215109746,0.01844640555355854,0.0,-0.6309179338755925,1
-1.2053934427780275,-1.037180303469218,-1.2734017182325699,-0.16239777292285246,-0.1614221509298306,-0.4510667665013722,-0.14522554665511653,-0.15046077750493406,-0.08908479812986406,-0.1802171950044791,-0.6569340892891801,0.7576630019699823,-0.25636946671130495,0.19692847608882424,-0.7504742903779114,-0.8999622931849752,-0.890682374355954,-0.8927652310665802,-1.0156346653795434,-0.31415604557783505,0.03301157341891391,-0.5761582471889543,-0.7741516323327684,-0.028083747190999923,0.019133784050356865,0.08643983718914773,0.09414023258388492,0.07466442679978504,-0.7853215838981723,-0.7095730462563696,0.5452257514735349,-0.10737133218585294,0.06878760950101676,-0.34502086099010126,-0.011940974571829318,0.33109688051969477,0.35546050060938333,-0.3554605030737767,-0.030205107163082504,-0.06451541836006422,-0.18968230234765576,-0.5738847029106471,-0.7823207621937407,0.25031590009442833,0.39058570289720546,-0.739308459534502,0.6413827118069911,1.3706377701041859,-0.626001457189634,0.5003880697963118,-0.2874886256323932,-0.17898998612976774,-0.8165100249224336,0.20461778977804498,-0.03813360967310876,0.7121561268670654,-1.1659612719192864,-0.4315540613231838,-0.9137739274770486,0.6054912933275699,-0.2284075414984106,0.21330649947655364,0.8073530848884057,0.26545027697141677,0.11906117380925774,0.013024029114744158,-0.17416503180492365,-0.9489538983607164,-0.6912510889090295,1.4014201546495697,-0.5661096751067326,1.4371286146866131,-0.054544968683435446,-0.546164072667304,0.002690069021420588,-0.18542071127324178,0.26545027697141677,0.013024029114744158,-0.003610452047499096,-0.1790076128874948,-0.03999850828057132,-0.47290748081286066,-0.014499000220435944,-0.012538946029216588,-0.11757927025044311,-1.1536281977277618,-1.0152558321258915,0.023624951542112704,-0.1622695953667556,-0.2127597883875811,-0.001689626079005846,-0.006285252905549402,-0.02520373749928005,0.0,-0.35332147301459005,1
-0.41299838049281484,-0.3177133226246498,-0.4213542289417443,0.2907850846375603,0.2888412052895881,-0.24143206941834297,0.021789232763167427,0.01330424940642165,0.024485146666267662,0.018169208675433476,-0.6569340892890932,0.917029122946894,-0.2655234029303138,-0.5501368980167461,-0.7504742903779114,-0.7069448399684041,-0.6998885996972317,-0.7024911725738832,-0.5223311300968652,-0.7292555342887173,0.817554661658132,-0.43708171478741376,-0.41721190705148503,0.01569995953952626,-0.05637847792328796,0.10508310248070912,0.11839759231678469,0.11855704688153756,-1.4671585388278388,-0.27970600304523374,1.0177361441164519,-0.48534053964184537,-0.2336218504182807,-0.254006729351945,-0.056304466617153014,1.249546144705062,1.1797681044980168,-1.1797681033903413,0.8868675496729845,0.2872667750897376,0.6382305273660739,-0.44840461348697425,-0.4321979172773536,0.9099742624002003,0.47724786620583276,-1.0850579521566044,0.8703625874677124,1.3313236427841921,-0.6260014571836482,1.2021300818581402,0.22048233516891882,-0.08214438220359915,-1.4091031553243718,-0.0827121389525104,1.1514736540759134,1.4966176448321926,-0.45977291940793424,-0.2166044733672205,-0.8073629645518627,1.6945140717576428,-0.25777249980240874,0.3623878931800903,0.1716895226452903,1.3198428529878319,0.136299597051463,0.39398508520188524,-1.0206104339348374,-0.2979449816151395,-0.1674762047425,1.0112684534260294,-0.5260715738753909,-0.7384960045582626,-0.06961606403144376,0.435953237582931,-0.2435022845299652,-1.4610182518917183,1.3198428529878319,0.39398508520188524,-0.2899046112435301,-0.6673375527098687,-0.12866532818263557,-0.6799810885108029,-0.4436671412085822,0.2760456520368386,-0.11757927025044311,-0.33847855207235356,-0.9002107290939961,0.020662766247509033,0.29080718352675977,-0.08371097655814598,0.3043701111498052,-0.08470998095473047,-0.17790803953478124,0.0,-1.2423506244167934,1
-0.6071086044025186,-0.555992251795829,-0.6669699910663038,-0.4468752621483167,-0.44591387163941326,-0.4978814329397038,-0.00838160802856393,-0.022460304986899205,0.06157032028439227,-0.02269842359512444,-0.656934089289287,-0.9266921167982761,-0.48318869499953265,-0.47284546644920156,-0.7504742903779114,-0.7273764632066465,-0.7200914398899043,-0.7226409627388614,-0.5898716416538418,-0.9801977171170957,0.4960042406491668,-0.9225207605861153,-0.30683670630873366,-0.04955111925752786,-0.11138143401415186,-0.03118019023206559,-0.06085024467373552,-0.06609987498811062,-0.0021588837961233026,0.11559825055053818,-0.3272466036082316,-1.203380849097324,-0.6824519458947323,-0.007978697929788926,-0.016815373295681245,0.8434508215408891,0.8226259325251223,-0.8226259334041801,1.1775504516445068,0.036217191917839876,-0.18968230234765576,-0.9492426777289177,-0.4605021124535044,0.3459903588375746,0.6054277633377572,-1.3799427742889612,1.0616259803524701,-0.7774356691930667,-0.62600145718308,1.069747335881481,0.2570395794409645,-0.3924284560696714,-1.4321994336563606,-0.834812905508762,1.2036216106678927,0.528831427468995,-1.4518826420559823,-0.053001394700860564,3.273148927488362,1.444233453999104,-0.529620546124185,-0.15720785124915163,-1.449211357978907,1.4986565801257785,-0.29480074210171303,0.20542961532539541,-1.0206104339348374,-0.4315581101363933,-0.5359400414483565,0.6905132835452412,-0.5659508541125491,-0.7384960045582711,-0.12364209871305033,-0.9566152380759938,-0.02272491976444557,-1.475292398976617,1.4986565801257785,0.20542961532539541,-0.2899046112435301,-0.2277592741019862,-0.044973453243797715,-1.4866344537223155,-0.058016807429956865,0.6730697349976476,-0.11757927025044311,-0.5369465131119358,-1.109261281501826,0.023029100340841057,-0.4469090779492984,-0.10106514465585953,0.12968662554712046,-0.01710448681651762,-0.04546732389343308,0.0,-0.8686236732537003,1
-0.6056144165940459,-0.799313634270875,-0.6227926958503517,0.6284050402370568,0.6284066806523085,-0.43451629829059235,-0.2191080977045234,-0.1950532040573092,-0.16443370854820769,-0.1116831469013227,-0.6569340892888298,-0.9266921167980805,-0.24955669016403445,0.4233608740793666,-0.7504742903779114,-1.4415793331472622,-1.425406500424316,-1.4258765692400317,-0.29431430271208026,-0.34052891570849936,-0.8239941709999619,-0.30847738279383685,-0.4831972794852271,0.12778596429468111,0.04146350001710953,0.07395374724609298,0.07620234927532579,0.09931218793760065,-0.32169045879465374,-0.8014473017233019,0.26424002534769014,-0.36370082240488105,-0.3146954014217172,-1.1969386915361955,-0.042038440373490346,1.076956355258153,1.0303872990718264,-1.0303872988691576,0.700508357865935,0.2104465862691397,-0.18968230234765576,-0.31747647028790527,-0.5030892298469457,-0.05058150268267245,-0.22875178478122557,-0.16347026582795904,0.21601115664052348,-0.7774356691933357,-0.6260014571908397,0.33436795664232505,-0.9045689392505251,-0.06236536792871961,-1.4844335005596618,-0.2591096840100321,1.60977884602227,1.1168464106777711,-0.5754814951941187,0.16550403296035365,-0.818422984218991,1.478200174790727,-0.23481877120626488,0.08627017888365758,-1.0842622647366023,1.0573836750480334,-0.01589273598445994,0.28155015247195697,-1.0206104339348374,-1.3394046007301819,-0.41623557093058566,1.381492757928913,-0.49070938482948173,-0.7384960045580977,-0.07435380282025826,0.6991545844707716,-0.04602311628173758,-1.318206186590894,1.0573836750480334,0.28155015247195697,-0.2899046112435301,-0.1889042583308312,-0.03432577343778552,-0.5756906919635153,-0.051910221947302604,0.3493067638653874,-0.11757927025044311,-0.8450300012040118,-1.1376670838093712,0.04081072519024677,0.6282996049154214,-0.23504299155206565,0.21917131180536142,-0.05092230767664355,-0.11022338031010182,0.0,-1.0893134798850355,1
-2.5138224984620807,-2.311511332184934,-2.447207108584635,-0.38041288084402813,-0.3794266814698963,-0.19151088482023018,-0.6364289071879874,-0.5570860787863137,-0.6075100439127515,-0.6192086162660891,-0.656934089289432,0.7200529581703179,0.5724336101310606,-0.7354298510223947,-0.7504742903779114,-5.7930824510536185,-5.701655131754831,-5.688388863339634,-3.5901714036393773,1.3338191275435167,0.14712549215419096,-0.21850824674767322,-3.2488371461727463,-0.11214435335819821,-0.06014689502783893,-0.16933681676983905,-0.23067299747691253,-0.20698726111971613,-0.984394923474331,-9.660027179662686,-2.63805667830564,1.2569400788255816,-0.8023559082014667,-0.7792567557632054,-0.003267327334224419,0.9268755435722912,4.892076200630421,-4.892076153687009,-2.825322529737725,-0.5569768597656002,-12.587092151767154,-0.21949717512338035,-3.5088895353760683,-0.4500544737815872,0.04705461574859807,-0.6175225675565156,0.558394067573445,-0.777435669193179,-0.6260014571907794,2.1358066907451847,1.2455295995917866,-0.20201615779060128,1.0485134835614294,-0.8931871572532355,0.4304972850988754,-0.15609470182955,-0.5884627805844566,-0.24432533934531717,-0.7704205731385613,0.8755714138799463,0.14253599984093446,-0.18265070396206914,-1.128298400788145,-1.8385551191613085,-0.05756472588989479,-0.3971795359785792,1.6035211925965043,-2.421441914923036,-0.8045669985354962,2.0710196364500066,-0.58438886133955,-0.7384960045583212,-0.12919217374975014,0.28546888662299774,0.051331702987822365,0.25002122298750973,-1.8385551191613085,-0.3971795359785792,-1.6875378596556847,-0.05238215570626647,-0.005146339282981823,2.5140939391870756,0.041653562598044994,0.7781210548907009,8.504900548115383,-2.3774484790368584,1.3953798757457845,-0.002951864233926125,-0.3805760441486785,0.6825242565844616,-0.7794500589671068,0.011020725811978068,0.006929695464809001,0.0,-3.6414623407914677,1
-1.3698249932516184,-2.048042578539166,-1.330731614938715,-0.8408602827674826,-0.8402974732688893,-0.4184433412411057,-0.19396698248212746,-0.17195997147525616,-0.14380583683245915,-0.05145105204705426,1.5830797893987503,-0.9266921167982761,0.09179179656856341,-0.5207909839895719,-0.7504742903779114,-1.8753617903047826,-1.8530939555422492,-1.8521838085847073,-1.1800630219382848,0.42535459095477385,0.9703580585246969,-1.0548130221775733,-2.1476733610135605,-10.133370504455643,-0.040386756405232864,-0.22805823838542372,-0.30053055244182364,-0.12618393275313228,-1.5245570586620962,-2.7393684492855574,-1.5639780636235945,1.5372716957058121,-0.531319652713269,-0.4944940366837708,-3.15086010650474e-05,1.9958608522341803,1.7395786835499647,-1.7395786782047644,-0.8952381231175724,0.4539599578835858,0.5546169302626296,-1.0894900651264272,-2.3637746214221895,2.3091347295788998,1.3592986418984014,-0.1936255137582768,0.23957049092008967,-0.7774356691932275,-0.6260014571874148,1.5901934354187488,0.7838142749117719,-0.5145461474828938,-0.7026862125988808,-0.6317976657044775,0.7089667543164292,1.1242790597141052,0.8475488089779971,-0.5518729211447682,-0.3558579135926548,1.8083453083632766,0.1289044420440237,-1.3456552423058863,0.14652360532979294,0.4775378264030804,-0.3530181550947883,1.1720558813239663,-0.11828590341537788,-1.6518796031850986,-1.1317966695959278,1.8085725361350116,1.9596445923778534,-0.27388232688382164,-0.10384478905529154,0.8406106377836245,-0.045617568793342236,-0.23233328465211084,0.4775378264030804,1.1720558813239663,0.8322939619473952,-0.5828088048583957,-0.09510731085771695,1.0876468312989294,-1.0197410044477413,0.5408504189956169,-0.11757927025044311,-2.155043873921649,-0.9616842269948951,-0.029738084926764843,-0.8409509282996334,-1.9321906124091053,1.1032335189613929,0.015380446432014513,0.014993299446493058,0.0,-1.7720750946186663,1
-1.3487061727034104,-1.458009807138724,-1.3167804655482553,-1.4171702706278793,-1.41788075899889,-1.4097334782711453,-0.5609665315894291,-0.49430029823517585,-0.176378538384671,-0.4322312501069605,-0.6569340892888484,-0.9266921167982761,-0.36935481870453646,-0.07231816618910487,-0.7504742903779114,-1.801238002893807,-1.7800433645163027,-1.7793722257019597,-1.4678019950365129,-0.6249769880437634,-0.45920088364335654,-2.2871344962101734,-1.7241476995903537,-0.369799585570785,0.005919407835672881,0.09147319860872534,0.10000529251204181,0.10965162582218471,-0.8388858452984927,-2.468682287430364,1.4784259595537392,-0.46461377352229327,-0.8414649056433855,-1.5633683735249984,-0.019796956066165612,2.00309357301373,1.7439929683811388,-1.7439929629976345,-0.3595493306687374,1.4180163541262059,-0.18968230234765576,-2.3403316156081226,-1.8523573660040225,0.9747390522636599,-0.5207297814287906,0.9178299326370443,-1.0013740859115314,1.2563602808127963,-0.6260014571906266,0.4385326999389088,-0.3640927366171083,-1.4200663252384458,-0.1861426762606453,-0.9409773182178522,-0.6974623250508151,-0.1757593762413235,-0.77763030732162,-1.0970116335182152,-0.8263901816068799,0.9069657661667192,-0.2833595682115975,-0.44058318897946874,0.3105263066734122,-0.8625481675825739,-0.7162945543184278,0.8092875621209354,1.262605969804862,-1.247607756497026,-1.3120474531198723,1.3630395542771443,-0.5475845803804391,1.5073723902005904,-0.15161800664681513,-0.8782721827895673,0.12892235360897755,-0.008061945066102496,-0.8625481675825739,0.8092875621209354,2.140781648569795,0.0685540310182507,0.012563271942197406,-0.8792773005522592,0.19333841591583326,0.8125281916431861,-0.11757927025044311,-1.5894247088098834,-1.1946835154109505,0.0024007367816546777,-1.417350963275911,-1.3522863807996546,1.1178209170146898,-0.01591936482911912,-0.043239117443038516,0.0,-1.776020168523573,1
0.23496277746368827,0.20928057622588586,0.13086330220456027,1.017091282004298,1.0161704539268324,0.622040133780097,0.1710368863949569,0.1264599768482058,0.021626854730017065,0.14971238474857076,-0.6569340892890932,-0.9266921167982761,0.07907285269555392,-0.6876147071264561,1.7182393363513602,-0.11596469077307431,-0.11470982878202077,-0.11851787150557659,0.20874671027747219,0.3185441566615422,-0.07037723083611938,0.42087220278488435,0.2523873816018765,-0.012068841333453373,-0.03749546554242494,0.014891237554569647,-0.0019021904828890454,-0.007887272992119946,2.2917650979149875,0.30549221835453577,-1.5988363480734775,0.32573593204013424,-0.16017507539413503,0.0870167994383185,0.137887401906484,0.20283231305753052,0.23914380210322742,-0.23914380475571853,-0.14063454725807625,-0.009834165810801437,-0.18968230234765576,0.42765405210231583,0.2685443421416928,-0.01893406200134889,0.15722569492654598,-1.5579854343771824,1.1784323275860842,-0.7774356691932314,-0.6260014571904027,0.09955965880377196,-0.6829640274073836,0.24584998445918013,-0.38676048404804014,-0.18664904087845036,0.46345047501958586,-0.012304261576947991,-0.6708602012959242,0.18341924003937118,-0.7234275144433437,0.23517699127159386,0.0793429223890905,0.0518300915064349,-0.6160865563210837,-0.3023711059945434,-0.042846956245705635,-0.0344835159708612,0.47446836566813216,0.2229050067524475,0.203374519743353,0.5934760726181036,-0.5414923155963015,-0.7384960045582417,-0.06530097401505403,0.6017549036863608,-0.021454595533381058,0.14012078295861755,-0.3023711059945434,-0.0344835159708612,0.14026211716632203,-0.15133706551198353,-0.03428083794698146,0.42588855000531545,-0.0015331053431423697,0.20854488183393338,-0.11757927025044311,0.20417597614584865,-1.1224528773756146,0.04188312914132712,1.017134522435378,0.08097228519955228,-0.02541403707942193,0.12826319688374727,0.21864090551916912,0.0,-0.22419629529673546,1
-0.017559741502788714,0.16983442319056596,0.016720298702542696,0.2580605877697317,0.25867706626001447,0.30124117492118613,0.18388028931224504,0.16143448801012047,0.07697348890181151,0.1905769505049973,-0.6569340892893308,-0.9266921167982761,-0.158281509512532,-0.1860713982487886,1.2499362467170196,0.08565354741152854,0.08538562129315651,0.0814185380117855,0.2204935125584527,-0.17318315516610674,-0.9605973529039419,0.070755928125315,0.1819757235022794,0.056992375750011856,0.02640188823684108,0.06706949566837084,0.06692314198752329,0.06419216821213446,-1.5589469499234385,0.3047597726448063,0.09539396506479475,0.015093205470548017,0.41483254405582687,-0.7004488063190094,0.19600783508044914,0.030119570195446962,0.08276384318274253,-0.08276384594025615,0.7788149636199135,-0.01505471666441472,-0.18968230234765576,0.07117511248812836,0.19683809295506446,0.15127223637479129,-0.9960220647268858,-0.9645089165889743,0.7901603523811922,0.25774919166184385,-0.626001457190295,-1.032583615084382,0.7212986431337443,0.42766555268480383,0.5893015131198446,0.9682802401668791,0.11239635792628194,1.533786979408233,1.28202475990024,-0.41529664924374465,0.22884605050925827,0.7698677805218047,-0.13030012457943801,0.13019203376885785,1.1587622185011217,1.5027496840115238,0.3842915534925806,0.00028746586226590195,-1.0206104339348374,0.4200674989268325,0.46653416035028655,-1.597424328286313,-0.3266786011388292,-0.7384960045580615,0.3337671011041746,-1.1184137923305042,0.7970998154362102,-1.0146302293177056,1.5027496840115238,0.00028746586226590195,-0.2899046112435301,0.5078211167578258,0.14111354954107438,-0.18869378213069812,0.19219994593670747,-0.38396603672638724,-0.11757927025044311,0.21038907066681184,-0.37290048299570805,-0.07371200623089603,0.25828118769645214,0.08083634057212565,-0.05337425128011624,0.02281661649759541,0.028740483551063515,0.0,-0.0549002189176147,0
0.4326699518134006,0.3185333123411538,0.4519438771632292,0.5726758323023422,0.5738153091136693,0.9825246987696246,0.24560514171546766,0.20345545761538844,0.04222501130012754,0.28075016981563217,-0.6569340892893822,1.3683199435515263,0.5676068034160812,-1.0557223521863712,1.4357242972864506,1.0272077692599189,1.0237232783865067,1.0205612182702255,0.48296149499184565,0.3208706117926586,-0.3229575082871177,0.49091881848156327,0.3843494017473526,0.08235634034726064,0.021864846370891197,0.07885352413900928,0.0828331642064858,0.12188332165464125,0.41504012390060513,0.35129758597833516,0.16006996253665326,0.1506421043898432,1.2240657653745508,1.1476586873239534,0.04028482024002729,-0.9871430179156514,-0.9133023593520201,0.9133023593514771,-0.17346664158960642,-0.13939522416741268,0.20284435157958833,0.4994659501528866,0.39496135773360025,-0.24811475082863618,-0.6485848310921296,-0.40451756814231415,0.40396471359739466,1.5039203435049189,1.7394908668242741,-0.9606409351745914,-0.7145512167566135,0.30752076105994913,0.45136682823661306,0.38833342769687906,-0.5548390716142393,-0.8089946948379961,-0.1280522883295012,1.1171822302388563,0.34898131175279107,-1.6372533718359314,0.16104189585089854,-0.04165748462136426,0.9976515258767776,-1.771476845768202,0.05614421452290683,-0.19477256953426872,1.0975297572793676,0.3379617460733217,0.5805495952548627,-0.9562205201456899,-0.5440233175600715,-0.7384960045582807,0.061819642157559085,1.529145244890951,0.15136476317184666,0.6698650059348464,-1.771476845768202,-0.19477256953426872,0.09120850757498038,0.057811296101440215,0.038877752339468434,0.30217591049909853,0.05844074488389102,-1.2981844227107215,-0.11757927025044311,0.363538657142744,-0.15407488270600633,0.32061793991080567,0.5724331062703164,0.09161942086091357,-0.169689829685239,0.06822351402643002,0.11237558637322827,0.0,0.9211633106059979,0
0.3899204361831477,0.27643070792357244,0.4286266502136922,0.13804933065902678,0.13880556474481912,0.3866048871927149,0.17359482091100326,0.15224313564263964,0.05488038208297132,0.17890599705997365,-0.6569340892894134,-0.19112056198685995,0.22206150170617947,-1.5619852912535956,1.3113764432572492,-0.05404529089594361,-0.053288353042628946,-0.057165925209146526,0.2416068710654499,0.09415495773731966,-0.5363657570075656,0.17552225542586464,0.21928060304822322,0.2438455471010827,0.27764928328900645,0.2499897954262197,0.3236943043318654,0.3219707049505134,0.6826326854913979,0.4658225701712221,0.35143801647638956,0.15735482456499345,1.1829247622035675,0.517314681332022,0.015619924695053437,-1.2944163690250359,-1.2799243645362435,1.2799243666587419,-0.1029768546837972,-0.20557816300389825,-0.18968230234765576,0.1710203272052233,0.2185717810083723,-0.10258215683697174,0.1782487238559422,0.19270166416203557,-0.11780631513978089,1.2239462444066909,-0.6260014571907921,-0.3648196638908751,-1.1773873337878644,0.13670733804036608,-0.7940902864625342,1.089903586319266,-0.46129622438749096,0.376906032220768,0.4577139403774685,0.43257864075961944,0.3064956921981872,-0.99402207073396,0.23733654936190374,0.029366619355492597,1.590478046486914,0.13242942399172605,0.19860407594730353,-0.17104554482453377,-0.524865621487424,0.2977213794596353,0.44908412468108605,-0.586959217522638,-0.5369290740866948,1.5165549235801874,0.07129856096401378,1.567516226110559,0.3147595722779802,0.4619448980155998,0.13242942399172605,-0.17104554482453377,-0.20907127737987088,0.4223215995789277,0.26084066638272807,0.29269902346263976,0.12297880879255492,-1.2536394380395635,-0.11757927025044311,0.32865745279835595,-0.7624651441456645,0.11920309341495645,0.13790263161144767,0.0861479328789945,-0.19678398195406885,0.032744589024792714,0.04710347973389326,0.0,1.2648623716404612,0
-0.25643028345293123,-0.24837844899650088,-0.20721139821204151,-0.35549486951418385,-0.3545026899820001,-0.025805933019726716,0.03253172375939248,0.03265093691173847,-0.00839401751603145,0.0804738469176936,1.652402672475181,0.44674893984838027,-0.16883035714167133,-0.012329157491421232,-0.7504742903779114,-0.5149340971869559,-0.5099449041282736,-0.5130177647393807,-0.05311975249148176,-0.1922479729446672,0.45012003589452876,-0.0029334229932819374,-0.23911859462335094,0.10024603702286093,1.6666023672449528,-0.30814637196435607,-0.39411432754773573,0.053217210882636416,-0.0679305295393318,-0.0911615442815814,-0.2284596971214555,-0.004112457713097732,-0.9946689683317271,-0.5719892382875248,-0.0937711801416926,0.4431494865603702,0.4578634868907755,-0.45786348911715885,0.7441760041095709,0.039562447071325675,0.5310214047938849,-0.0037306971222207295,-0.241057313345948,-0.07327954855680167,0.6505551715799058,0.22533356666243506,-0.15154841644846676,-0.7774356691931019,-0.6260014571877143,0.7680286744704812,-0.42330044140365725,0.08391605290772132,-1.3435563336601972,-1.045500803057551,-0.15088413722487573,-0.5315129343494664,-1.1574385766421798,-0.571897555989609,-0.9154469127257384,0.6950425297434255,-0.13974336226808518,-0.19726220979884937,-0.7316775961881048,0.27271672333041913,-0.33270380954718376,0.035469348970546634,0.0023316039807849465,-0.192595041085156,-0.26674168047889163,0.527461368693389,1.9499434191186116,1.4209151037222087,-0.13638297474049657,-0.5166839450170067,0.04598699414317768,-1.0163728617297731,0.27271672333041913,0.035469348970546634,-0.06268754459260727,-0.0675073766557919,-0.011405303978939157,-0.22031110234229595,0.026325358574258897,0.948397365572415,-0.11757927025044311,-0.2812030407689692,0.748511967292673,-0.039187991056524075,-0.35548998935116144,-0.011618641740240066,0.021516818897699658,-0.1251760873786414,-0.2642140434959221,0.0,-0.46726363025345197,0
0.8021862494804718,1.049459325858784,0.980663647702912,0.7139419672740327,0.6278907618657271,1.0690465858815366,0.23192295008275451,0.22202942680547305,0.021626854730017065,0.2591777810586301,-0.6569340892893791,1.4570146720471016,0.2825392861607155,-0.9484509864387632,-0.7504742903779114,0.4163275014990248,0.41422980516928304,0.41036620010906255,0.9048043029490811,0.732083573377272,0.8797049458789887,1.3433722303121967,0.7521109452093278,0.097090358384326,0.015170879021750034,0.0654511729900478,0.06474840843734746,0.06124923113948471,2.4500048647503827,0.4888196008292354,0.10129596145838779,0.39894787130037795,0.8415546236190369,0.6539629690378934,0.008680352351428255,-0.28767312640474507,-0.20569188471265892,0.2056918822037569,0.2326974878688079,-0.19655046121130715,-0.18968230234765576,1.3569632275214578,0.7638028311973198,0.07383253804773958,1.0997629648254803,0.21654692255129945,-0.1407017832221151,1.4637167463677583,-0.6260014571886836,0.7526340345034439,0.1750134117944989,0.6041308655173835,-0.563720288453903,1.4051961969127966,0.8977917781151868,1.3204369757651175,1.4458430908833007,0.6084908601370561,0.670966399918521,0.008932483342138765,0.28374207607231483,-0.0021092972858864434,0.9807181180789043,0.00722878632723855,0.47989664202770427,-0.08347338487942381,-0.38752177415653755,0.8642829061347994,0.6159013050177172,0.6200764290273468,-0.5514339901462064,-0.7384960045583145,0.021538260870997347,-1.118413792330856,0.08529965354959153,-0.24539342725041058,0.00722878632723855,-0.08347338487942381,-0.08805658323650963,0.03900626548961489,0.019597789897895398,0.8483711037562738,0.058662652219991916,-0.871121068053608,-0.11757927025044311,1.0587812599359725,-1.0583212218849718,0.06696024548472514,0.7139188174370897,0.1763013113069425,-0.09617894581284572,0.029315176913473576,0.04076000791985032,0.0,0.24262778891455591,0
0.3320337415467725,0.4283635598604003,0.32028897162704123,0.8575165694944297,0.857006817981653,0.45346587975945224,0.19129593090389213,0.16710038949552097,0.06136021886628721,0.19332346867751724,-0.656934089289113,1.4502505752608317,-0.10722260642327355,-0.8792221651366641,1.2688751225659287,0.3594674849639141,0.35762640686075486,0.35372332722696953,0.5837801560357432,0.009400153575738377,0.972491706548047,0.7913547510017275,0.5830935015431167,0.06385630412324492,-0.0037775916142895353,0.06564822618007181,0.06501307453254658,0.059254628574024235,0.35457255236081503,0.41298495681773717,0.09056919363080433,0.0342582122719807,0.2881887048796724,0.7411286234779466,0.037892810659905865,0.5263923248222856,0.5340625637626863,-0.5340625657701865,-0.38428035376196856,-0.04585173230376964,-0.18968230234765576,0.8008214494175763,0.5937456822489559,0.012136106904010548,0.5104359680855547,-0.7814592916221489,0.6703782308432753,-0.7774356691930029,-0.6260014571904153,0.8461758060664125,-0.8321964993014548,0.18867804202036764,-0.7969982326418784,0.5349478735350188,1.4987961765549296,0.9105832365335309,0.6865546332044634,0.6543710929085801,-0.13003746101609132,0.47849727541138043,-0.08315518370727702,-0.08004659201302343,-1.0772267319310063,-0.29043844327526114,0.31542548148277205,0.022337179697800965,0.10299794391502406,0.4234050973991607,0.3428860042599483,0.7698806468087419,-0.5421494361534742,-0.7384960045582192,-0.01765847914679224,1.5414759252999433,0.07559678992315187,0.2533594924215796,-0.29043844327526114,0.022337179697800965,0.17168118812200414,0.0015689117167471676,0.004871387073826917,-0.04269992524698408,0.05283158441559503,-0.2438247066565244,-0.11757927025044311,0.48598213019307696,0.05992264783491351,0.06497181908727005,0.857551874676824,0.133564472412267,0.040477620905976876,0.061150050930096504,0.09944928195508382,0.0,-0.5519931703092075,0
-0.2634950967871823,-0.18058801332100427,-0.25729314870741815,-0.061769976908002296,-0.06084678037828821,0.041908825369604635,0.07721898261779542,0.06811490970883254,0.021233599966617032,0.08002300389339273,-0.656934089289385,-0.8071959743617291,0.08826453053037271,-0.7087422859844781,-0.7504742903779114,0.11998335216874303,0.1194864484162911,0.1155133474070843,-0.16947198116775916,0.21596746953797671,1.0303641721479588,0.17875367215725216,-0.12101899399822375,0.049506310663712694,-0.006325816941040345,0.11098838795500542,0.12680140608399676,0.12652655044297587,-0.267616509431772,0.05564470687336895,0.9663539580245282,0.23091253583186352,0.705428917511226,0.8480542540557813,-0.018215729049720224,-0.3220559465636577,-0.23738173857713474,0.2373817361268939,1.0866851158330608,-0.19584905057802285,-0.0806532740460935,0.16111955884350845,-0.10201942735787113,-0.08728707520756514,1.1720479666161978,0.13992640880905108,-0.06359904091308576,-0.7774356691933031,-0.6260014571848882,0.913962899740513,0.3499592034418388,0.15869014181208257,-1.268947408825526,0.9411579382567812,0.976741020989662,0.7864115477843723,0.8872630031064936,0.7671472738728482,0.2408323179552357,-0.16675760326180122,0.08707063479184324,-0.04072717084184038,0.32951671850770026,-0.30639045690478484,0.2989563772568959,-0.09736705875485943,-0.2610402955576183,-0.10520267306297892,-0.04381772656234905,0.9884799780528302,-0.5900956137948801,1.5081923144035714,-0.034367448520723584,1.2492620911066432,0.10054191028055232,-1.0774033327789405,-0.30639045690478484,-0.09736705875485943,-0.08458158440604206,0.1259872856238047,0.04715870778595037,0.3317242642591801,0.08105194653190528,-0.7150281936214313,-0.11757927025044311,-0.17387030995582584,1.1238124726338141,0.07190034912000232,-0.06166727502064282,0.025500804517445116,-0.10035466295629386,-0.018724239576908653,-0.048516441854599086,0.0,0.2746361390398307,0
1.5539508018413921,1.4800524544495466,1.5749877147984936,0.10131731274692642,0.10211036535067199,0.29162650042780347,0.2068525507065767,0.1857353149918891,0.09961647643612281,0.21816582586204028,-0.656934089289399,-0.9266921167980925,0.1839703433609891,-2.3465309187284045,0.8302423276551721,0.35306613672006204,0.35125541074984296,0.34734834644490997,0.8711770035688119,0.617105478127225,1.21805068134745,0.7162126150986987,1.0917543767488558,0.24127096199140527,0.26773311455486937,0.4816219996645908,0.6660395118732119,0.7579933136740734,-1.577187547619302,0.9976438201564107,1.8813790186986565,0.37011837627972644,0.9350565913866414,1.228729265083817,0.004649693640922359,-0.7973332622979412,-0.7066769310504647,0.7066769300803,0.5710218137157531,-0.23457274885003987,-0.18968230234765576,0.7277613333541446,0.8138414884266961,-0.10979818514579456,2.039385304963755,0.6854938781274524,-0.6954658432358644,-0.7774356691917518,-0.6260014571852938,1.4147014483631406,0.5476100452697593,0.37023207472640524,-0.9419462221283169,1.6081594654301143,2.0137149513534474,1.46265165819756,1.9587781535943378,1.188745258371872,1.297851434334594,-0.03404173259548331,0.2742542863287649,-0.09563928142211132,-0.975545334723137,1.4724256832147535,0.42828133188952516,-0.10831511219227835,-1.0206104339348374,1.1776315038879417,0.6727914130165409,0.6540598760295179,-0.5872479418214863,-0.7384960045583184,-0.020427981757054157,-1.1184137923308082,0.47047037065777964,-0.5666199160641217,1.4724256832147535,-0.10831511219227835,-0.2899046112435301,2.1341336160722406,0.7980821433756907,0.5919912311013648,0.4472844662929715,-0.9776206791554115,-0.11757927025044311,1.2576670249583781,-1.3066023911996356,0.09776388578744083,0.10140426275266957,0.17495873268147671,-0.15165484218415437,0.022726441920720028,0.028573747629856438,0.0,0.7273541694472312,0
0.56119060096739,0.5363381030459933,0.49253938203501163,-0.2327887735762377,-0.24942066837771734,0.2517075703491328,0.1907058128659633,0.1587220578263943,0.09116299985706063,0.1823715089676848,1.5282710620072069,1.0983869842278917,0.06528696318923566,-0.21004807377982346,1.525823335468196,2.7229078071970405,2.7262190435037685,2.7246373734674716,1.338998526665266,0.9815301095795315,2.1440577487941903,1.6338462861490026,1.6161133694159442,0.019443650468420653,-0.01103069885513386,0.06259505557548908,0.060916658170797715,0.05238538912215579,0.3347443194087453,0.36555164285363523,0.10666619817487874,0.10056609131311992,0.7522349737765454,0.8389522442603509,0.02982700274904472,-0.2421552257790979,-0.1635929975218017,0.16359299494400567,0.8480561471544464,-0.1555380420211013,0.3375053119488024,1.644516704355499,1.5884294074353165,0.03530170969730425,1.078372304064821,-0.2469608371559135,0.28433914739662547,-0.7774356691932822,-0.6260014571875353,0.8874388399323425,1.5202000117194603,0.7848971871213691,0.13546374841797307,0.9505825809713602,0.9096458486236495,0.7205195824804805,0.9917871097697375,0.799315168717532,0.3702917105992666,-0.2733065987031131,0.050646425560378586,-0.04138226156949594,0.38793140903116685,-0.6060726627230362,0.3173900186472984,-0.10107772283276285,0.18628650006534714,0.934354486132817,0.949748093814672,-1.1085382188962725,-0.5809359920166107,1.5545384110066627,-0.021731350731178132,1.4857121896667957,-0.1581180387152299,-0.7992509081949989,-0.6060726627230362,-0.10107772283276285,0.0695036174108936,-0.6738311426083732,-0.21184970493845012,0.25652639498657187,-0.1643850614620054,-0.7687089609685489,-0.11757927025044311,0.607642341989476,1.721843856687119,0.19144393354787417,-0.23289265115175034,0.12828154168762723,-0.09056820727780342,0.052960480705018506,0.08441588166343234,0.0,0.2005480622160157,0
0.9429103082296911,0.884312556990396,0.8403917074740648,0.10825643508072297,0.10805211916539965,0.7409461051835858,0.24671004644131367,0.20356850955490383,0.07173137295127138,0.232612921386986,1.5920827197586478,0.5639184625164428,0.4013253344215198,-0.3895579750609516,1.447235511210846,1.7230577035144008,1.7206711991197297,1.7184025610975433,1.1341181518167465,1.1591368771278674,1.4100110911581296,1.6286957886162832,1.2885730184581237,0.07622550851022086,0.009017339687482145,0.07683839573095716,0.08010353056789675,0.07555414657934051,-1.4286934965057394,0.5053039820601073,0.22316553039588394,0.2504749248456602,0.9338696593658995,0.9707017715025062,0.015268419285199621,-1.125659518784184,-1.0729991547939155,1.0729991556582443,0.30209881445981007,-0.19466249371511934,-0.18968230234765576,1.6401533888120945,1.254375899136143,-0.06177708776336984,1.0566347842050856,-0.4298065567569271,0.42324942322421844,-0.7774356691932979,-0.6260014571893824,0.5332067326290856,0.8283374585340488,0.7874007886524217,0.033224494191610505,1.1773161598069564,0.939804948772729,0.8144302793145644,0.6978516039210352,0.9303560924114591,0.21068479636211546,-0.44311796945770565,0.5284221888444264,-0.04389667546026109,0.6007947511973286,1.517141571152774,0.2435054460425498,-0.14151298810418422,-1.0206104339348374,0.9511312770657717,1.1485761542508561,-0.832149465226867,-0.5740900868660769,-0.7384960045583241,-0.00324279914640671,1.273098780832161,0.16630083532985893,-0.1464889968355915,1.517141571152774,-0.14151298810418422,-0.2899046112435301,0.3040610990201358,0.16547982227636385,0.8423263244735213,0.10555436686592605,-0.9763124401528419,-0.11757927025044311,0.9858711213169615,0.8611216991714127,0.16226864231522425,0.10820689815179815,0.14279853039450358,-0.18219786737422014,0.03615395996049779,0.053408267556124885,0.0,1.0706138400090268,0
1.1709570184713636,1.192637455577732,1.1916281229406933,0.8653829965507317,0.8413227569002122,1.4586409565727259,0.35634971129459175,0.31049347928594556,0.08300872671389055,0.3661236831666035,-0.6569340892893749,1.6249444771422814,0.37807460083345307,3.5150741916596884,1.0102527739544356,0.6316068045569013,0.6287425477158748,0.6250822368867561,0.8779074555214406,0.13874238085757437,0.15640901647704994,0.9558838752717361,0.8089352291756831,0.0668529566225717,0.004530802849635038,0.08333295829964928,0.08891343416528587,0.09129778258822986,0.9325191845777847,0.4826407102990979,0.3481109020246581,0.14056437779816688,1.847288905052635,1.681462424146911,0.004862115214966898,-1.517129679351116,-1.5761732716335601,1.5761732758044786,1.2015004148621258,-0.22929525922544858,0.029557370658280357,0.9682508919174558,0.8191683807489758,-0.14238190242682228,0.5267332546597817,-0.4762810736182075,0.4572007295530337,1.5787093218427304,-0.6260014571879247,-0.15980648672814318,-0.13794223872293554,0.5827063661432417,-1.1212595044660632,1.8330556605726076,0.8623261365789149,0.7969847375242,1.1056343982493946,1.711926495465958,1.1673053122142572,-1.4584581175614588,0.31453540420232046,-0.0578552552902231,1.4222889485327734,-0.4676992024162474,0.3451459860877907,-0.19329981056366452,-1.0206104339348374,1.0438084017988731,1.0725693765643116,-0.23875479455004447,-0.5413237022398516,-0.7384960045582696,0.10598989778056848,-1.1184137923308723,-0.0008554112905729216,-0.9972427494118303,-0.4676992024162474,-0.19329981056366452,-0.2899046112435301,-0.15607148205716995,-0.09856325273883704,0.2598408162915591,0.01558890580192815,-1.906361849802298,-0.11757927025044311,1.3481300700088346,-0.6922987642120425,0.13164854644084698,0.8654959596916991,0.15726105209359814,-0.21508007140722546,0.023053001025134072,0.0291775749133617,0.0,1.5501280662106613,0
-0.31310272484079976,0.2582980495820024,-0.27065472291551573,-0.6415746867580655,-0.6210024022044364,-0.4471321305534008,0.16270351157372454,0.15299674948031375,0.22945727490123707,-0.020647716602577932,-0.6569340892894064,-0.8983214212329542,-0.2843608904478795,0.7559143069017551,-0.7504742903779114,-0.05863887750246611,-0.05784587126997009,-0.06171884374247362,-0.12570330769375473,-0.2591011995615833,-0.7861786063975924,-0.33030980952134964,0.169526256359447,0.22876847935725148,0.03396223940146128,0.15073053903012315,0.18213437518683834,0.05708797267205099,0.7908247036016227,0.3103440272787375,0.6890941795027823,-0.007317213317057563,0.41117670117243077,-0.07870204138842352,0.08293627421555956,-1.1540259678564233,-1.1068802870345407,1.1068802880945423,-0.3968880925539379,-0.17316134043982626,0.38251778249915336,-0.33731690381373036,0.18329998029691447,-0.2710657500992975,-0.20171985713189416,1.524623207801249,-1.8077537240120085,1.5485265487739184,-0.6260014571910728,-0.7228628216198432,-0.14655360612199111,-0.2075446733439852,0.7012094867529329,0.16128821403061358,-0.46872497009115144,-0.4280264628559235,0.25122098022432027,0.19300138347496998,0.02765660775133535,-0.745304539985424,-0.25973981699199405,0.04572059139336369,0.7288879188585241,0.3747613424430956,-0.006419246933856418,-0.15690042856048955,-1.0206104339348374,0.2590463747373247,0.30071313518654963,0.10346638445926055,-0.5489012039534656,-0.7384960045583145,-0.011912772157048118,1.6124018264954338,-0.06427351684152673,0.6795512272932063,0.3747613424430956,-0.15690042856048955,-0.2899046112435301,-0.1900431724291965,-0.0857232793756007,-0.3581339211166201,0.0052851406985631915,-0.37987353991771117,-0.11757927025044311,0.27950095954372556,0.19807063575848122,0.042654903515495134,-0.6414714729843505,0.08251033178664983,-0.18469326836920127,0.13548654138077756,0.23088771860308058,0.0,1.1021815777661759,0
0.5005361212764701,0.27461269203786454,0.4047469054691133,1.096064802127274,1.0949246491356848,0.811145113151689,0.21969351503818021,0.17720336408857473,0.04009207050869576,0.208908645164272,-0.6569340892891102,-0.9266921167980805,0.6792985409503087,-0.6562929647218203,1.5511128136455645,0.15238624946700433,0.15168178210790276,0.14770722579550652,0.26268129315412203,0.22297503327901863,-0.8036690608021495,0.2619367859341658,0.2482517014516926,0.06593745930236317,-0.00147831276021504,0.08532612372439966,0.09162433783824453,0.09152197658805679,0.42526081212911104,0.3168095196037046,0.14762524153926948,0.18604353455348324,1.1105613632771862,0.8943412422330911,0.059967700388813314,-1.0458510177553584,-0.9799403600614092,0.9799403604100312,-0.7710236982889769,-0.1508228453027574,-0.18968230234765576,0.26774218990673876,0.2633109037244706,-0.25664137241020185,-0.5207297814287906,-0.04592157591622649,0.1159373754955434,1.4560208791423825,1.6826397010306293,-0.8904882100969144,-1.3880669674658739,0.15255693110343,0.02862785236596336,0.38896763561252784,-0.561420043388844,-0.7288652534178,0.8680062121572214,0.952527440660438,1.0253940517690017,-1.5235451908740518,0.26943216493686334,-0.029072511754508343,1.0294781461274576,-1.575273613763518,0.052243810159088154,-0.19041480713121012,0.9501083366213352,0.3013101903988276,0.35508554521275526,-0.06205747630687356,-0.5484239021027147,-0.7384960045582976,0.04617870444535888,-1.1184137923308082,0.2950297781371253,1.354293532735713,-1.575273613763518,-0.19041480713121012,0.04919803267341798,0.2337833738169917,0.12282485437216241,0.4628867125268995,0.09355864872929132,-1.1742807213021274,-0.11757927025044311,0.3176849127604659,-0.9726479657844236,0.08837766129025099,1.0962472777634336,0.08677828248035319,-0.17505873557154675,0.06731918919373049,0.11072639292659521,0.0,0.9836158974031024,0
-0.9068954819147318,-0.5748431922580227,-0.6536240171532571,-0.49482296783670665,-0.4938873672430092,-0.8946543612571463,-0.7668726730926277,-0.4974593409801089,-0.5906151013916218,-0.47459128826257463,-0.6569340892889922,-0.9266921167982761,-9.855913426246781,-2.3465309187284045,-0.7504742903779114,-0.4068134834853291,-0.4029170355724741,-0.4062275205718493,-0.1378452441045045,-0.919148572466266,-1.7935458650239926,-0.22207529372966472,-0.3004812954305939,0.9764220505363312,-0.05835154416167705,-0.09516196619335182,-0.1406001874334533,-0.12137506748593625,-0.4290874140667182,-0.0664172692761144,-0.7141732417304294,-0.7392586449562929,2.4434261628567926,2.3431112751030803,0.004437240336473628,-1.968125204255454,-2.276629865478726,2.2766298754974286,1.20373448064613,-0.23457274885003987,0.037100112817073566,-0.22755186514133677,-0.3070800631843323,-0.3744039526695401,-1.634994544998483,1.3992291310191762,-1.6457311065900104,-0.7774356691899942,-0.626001457190732,-1.8757575883801885,-1.0032674086772864,-0.26788866025039987,-0.45677169592262334,0.9287907060555779,0.29620079546213274,-0.5154273453433018,0.26539801113867034,2.453663088257266,1.4435135194666178,-2.136536883078349,-9.262406134204996,-0.10840800033381097,-1.732837030777938,-0.43096442316583694,0.09358008063873893,-0.21983330670570772,-1.0206104339348374,-0.4380183161629207,-0.3700500551893877,1.0640228489634345,-0.40970336329412643,-0.7384960045577903,0.5766322646287909,-1.1184137923307411,-4.7110484606817264,-0.8823796930937331,-0.43096442316583694,-0.21983330670570772,-0.2899046112435301,-1.6969692423441698,-4.845100825304448,-2.267377984379766,-0.2846665931259142,-2.339914100167096,-0.11757927025044311,-0.5828651952405349,-1.1544933183442572,0.1924075279905047,-0.49482858366839755,0.0016354464749883896,-0.24940342066572083,0.02247126068089596,0.028101920692743865,0.0,2.3537534071776047,0
0.03972002044035288,0.18037765631090183,0.041510622970400514,-0.4478083309730867,-0.44684737965848603,0.00751415699514747,0.11177486795023038,0.102960196447815,0.05989136843599446,0.12312146337424511,0.039595722522526536,-0.9266921167982761,-0.3300039587910491,0.4359538814028357,1.6572311708360798,-0.01759380786320117,-0.01711795231691017,-0.021028598911845733,0.15691047814255443,-1.1834726488052068,1.778789210839716,0.2966695762822408,0.14460491908062878,0.010705352431631858,-0.029386257068417222,0.016300107629593868,-7.544281003414145e-05,-0.00476581666009087,0.13657300089578678,0.7462113913162578,-0.08223747763075155,-0.4192616531160081,0.37693525384652665,0.47078270782878173,0.3662357889548874,0.5470899706393331,0.5530209024833729,-0.5530209044310611,0.5573194857880704,0.02391325374189126,-0.18968230234765576,0.30204378342023475,0.13762473761148006,0.596576465371406,1.861489666744331,-0.30239165392405165,0.3281744602330953,-0.7774356691932626,-0.6260014571834182,2.000380028984341,1.6058760325861883,0.3157455625312563,-0.49302788433179623,0.999509815140274,1.580115698193857,1.7238588412296891,-0.38961400920225353,0.4240696905616582,-0.7206482546665547,0.9633847933945712,-0.31927747284896457,-0.0023788830767931253,0.27684945096473745,0.7545174235045237,0.5808426598971802,0.0806911697954513,-0.5749356923842917,0.17054247512761644,0.161241384685485,0.07139935618555614,1.9604120002724859,1.4430512722929731,-0.055328705040415885,-0.2524610913682823,0.08098243796551943,-0.914989850091166,0.7545174235045237,0.0806911697954513,-0.07103077158982464,0.0944927813582034,0.02593277416255999,-0.7676490754423363,0.08832972005115208,-0.34167974862248135,-0.11757927025044311,0.13422484208800067,-0.8929987407160945,0.07100362446981466,-0.44769748090039596,0.07046514830225509,0.04543057782229418,0.8392788305368808,0.8239861353018919,0.0,-0.572972024636835,0
0.5625465436135589,0.5828558536667937,0.4918237154223905,0.7363097361976747,0.736082438505439,0.8276672738634477,0.26226250495903686,0.2112822161722622,0.07450833158674092,0.24525577789926983,-0.656934089289271,1.4403203684214048,0.21285859371436858,-1.1924741485269663,1.498265160955479,0.24955448503761848,0.24827643363194923,0.24431954936782968,0.5563533891920345,0.6654420513162481,0.24606940323754495,0.678292923180677,0.5892183714356577,0.08044540509565146,0.012940348957621204,0.061405236865576175,0.05932284662481771,0.0857189358764507,-1.417249092860258,0.5183564273763658,0.0681036307479225,0.46772356003651183,-0.058530084920400266,-0.22090166149369556,0.020707994307834904,-0.20537806915277074,-0.12975762969462412,0.12975762706911784,-0.3389591698224127,-0.08084320358670913,-0.18968230234765576,0.6824631181958315,0.5941487023814416,-0.02848373224398847,0.3170959550288094,-0.977638786533476,0.7999174453531971,-0.0023171228000676007,-0.6260014571905628,0.2531750092817728,0.3963023985005938,0.60712764671431,0.5719006310708209,-0.05471394123243468,0.05325734211244369,0.1869690719395839,-0.22922836825962578,-0.1653954670488065,-0.5627895690131274,0.30225564947578387,0.2595362587172289,0.1921739691826334,0.39504892258257013,0.6028646614601954,-0.018844744923868218,-0.05689027350599159,-0.3673016529192909,0.5336077715956076,0.5759140282666385,0.03979592584927598,-0.5507419646604603,-0.7384960045583145,-0.05819143975798676,0.9119288445656829,0.005181909561547434,0.3311117915189479,0.6028646614601954,-0.05689027350599159,-0.14633107441397217,-0.12902964132038472,-0.03245726296003466,0.8190531199960605,0.011182968282631585,0.11268793248844801,-0.11757927025044311,0.6279938026251217,-0.7599429813692659,0.0224641370761142,0.7361509008080076,0.13153537053313166,-0.08590166862678356,0.042406420137346496,0.06496160594140386,0.0,0.16632571624561562,0
4.186655896747512,4.046162715325857,4.6633422715135815,3.0444833016910553,3.035210894620599,6.0249769297361455,0.7734199762297663,0.7172498952730674,0.057903175368750365,0.8137589111919328,-0.6569340892891843,-0.9266921167980362,0.10707804699419746,-0.7570029777629196,0.05004981458912269,1.4288819708315976,1.4257144173627356,1.4230898189014447,3.1549078510511213,0.5779252832263435,0.8011751180171872,3.6888611853739874,2.932098643938299,1.171369725935682,13.097612125584236,6.833226954116779,11.412764933898883,15.41165668351671,-1.577187547619287,0.9670665898628155,6.915133458065669,0.25026698142830545,0.262054917606964,0.5060385450008806,0.00871565967569855,-0.446723063660723,-0.3548873799655605,0.3548873777817137,-0.4349741016785258,-0.09663499161526418,-0.18968230234765576,3.6769735207907344,2.7953182124616407,-0.09074213989682696,0.6942355262289063,-0.242436559485952,0.2786914392920533,1.6030136335240748,-0.6260014571905369,0.3186132827783965,-0.5912910013877336,0.9277657794653978,0.049685835006165094,0.17998386668893585,0.4094610506589199,-0.040707670697329945,0.24752519424035693,0.4887546162160603,-0.16559088206665656,-0.26843631768721554,0.10348047450602632,-0.03207065443283363,-0.296248097980496,-0.30465182895839854,0.03705353614336933,-0.10931132974207479,0.2682739611128413,2.5517512097789945,1.414225229831554,0.1869568198698685,-0.5517103744667052,-0.7384960045582654,-0.02810052746482143,1.4270879944150208,0.3286222245084636,0.6639413365154658,-0.30465182895839854,-0.10931132974207479,-0.010908789518870074,0.4311078045653052,0.14849334655683613,0.34220471172711153,0.15113368961268697,-0.2154819463941986,-0.11757927025044311,3.1694346058385907,-0.9751698026818292,0.05999710561161289,3.044236902590497,0.35151163920504147,-0.11484224107384693,0.025623310503614417,0.033931007244850785,0.0,0.39062813231627624,0
0.9443541775563141,0.7712091247616789,0.8135195139715398,0.1067690772361866,0.10755684154945717,0.5733587396665101,0.23594121169975785,0.1906414748040087,0.08419963911807292,0.21994802747744377,1.667248518258193,-0.9266921167982761,1.9637266619879987,2.06124204172263,1.5230610736186958,0.2522324748475685,0.2509396360244669,0.24698366600507515,0.4783618645470793,0.3905704074190923,0.2721399509145585,0.5240931486803841,0.5115433200110333,0.056779651137803755,-0.0007650774219729623,0.0644840272252029,0.06344997458777034,0.060928097190303177,0.8257242657048868,0.41002498832054685,0.061167003442382364,0.3244953815216719,1.9618805234411831,1.4248487937508183,0.012171719299946407,-1.7408696135693664,-1.904837065919299,1.9048370726702395,0.11432922425133052,-0.23457274885003987,-0.18968230234765576,0.5317895450526687,0.5268122391347468,-0.183366168417053,1.067547585184799,0.6526418875074596,-0.6544113475075723,1.5959558033468395,-0.6260014571901059,0.21017397591420933,0.6144003480511183,0.5725128451784004,0.22567484053688022,1.1688569054842213,-0.544702174527978,-0.05078806095005201,0.4323764363281005,1.3988762857701607,0.9924084696337722,-1.810907729115909,1.4715051904225698,-0.010799006356686824,2.0161506285118223,-0.648153861229544,0.16296030253045266,-0.2081130907195397,-1.0206104339348374,0.9283106175244854,0.91695446864157,-0.5278876577228354,1.9602918091915496,1.1496926429087566,-0.0032345319969851968,1.03687827597491,0.17089355404699,0.32703334077851287,-0.648153861229544,-0.2081130907195397,-0.2899046112435301,0.31724082698586503,0.4023176855108126,0.9335160011289815,0.09568469500513574,-2.001783559483904,-0.11757927025044311,0.8591108407142963,-0.5979193862690898,0.10126222385216425,0.10681279749847074,0.12039224348190879,-0.23252143777499784,0.031004047675216858,0.04388406270524569,0.0,1.8903175253130897,0
-0.0263204576562318,-0.016920980256836943,-0.09076883767229824,0.1360604472047936,0.13979911374019555,-0.17956920607469012,0.05849432720660454,0.03302356092649119,0.04651542790259102,0.029586805389715348,-0.6569340892891928,0.64345618184376,-0.17277251698751145,0.5228326286541961,-0.7504742903779114,-0.0972370327122006,-0.09613540697240143,-0.09996614414741482,-0.02181481425315841,-0.19940150994711556,-0.854083663630344,-0.13372624231347163,0.013254025013833805,0.0011245208645454363,-0.08163268428105488,-0.3755335355104261,-0.520704854590505,-0.252824070169184,0.12312683673736897,0.21629159866992018,-0.049296870287834194,0.008909054872575142,-1.0939192930454373,-0.7722196680369077,-0.336719558518717,0.23757093358056983,0.27052452774998087,-0.27052453036063934,-0.23217274067124646,-0.10166340739387424,-0.18968230234765576,-0.13618687163652096,0.022591534193671107,-0.19700381263667804,-1.0329564644758826,-0.45547375614636126,0.4414328357404438,1.4022682288500834,-0.6260014571910213,-0.8221141231178261,-1.3471474443157068,0.044136387712209235,-0.7274264767340144,-1.0111384918804267,-0.7957739956917799,-0.9726928276958106,-1.038858357140516,-0.8503241368254216,-0.8531138431831056,0.2427004469521414,-0.14112860586640547,-0.22013495832096094,-0.3793975080848046,-0.33437427730938135,-0.3057166656318737,-0.030933554356636122,-0.690913458314726,-0.14274688660949486,-0.0913614952386653,-0.4704297837851447,-0.5278948037249426,-0.7384960045582641,-0.21138994462348187,0.6481546983165987,0.0010757652245049064,-0.10046645263910618,-0.33437427730938135,-0.030933554356636122,-0.24572118776272212,-0.07896761039656802,-0.014949639134039273,-0.22076667004175032,0.02348614186813918,1.0379766028120325,-0.11757927025044311,-0.015513173013630461,-0.35780017227574157,-0.08766669246537281,0.13610598215807862,0.044448044635594895,-0.019257207244282534,-0.8280062709872875,-10.76843490746396,0.0,-0.25898009133305394,0
0.38076464255852405,0.2625195410602636,0.46258776373594507,0.008120225943446305,0.008994234031249892,0.12059823826190302,0.142356669461718,0.13233571644731612,0.06832800939794462,0.1619638759584009,-0.6569340892893822,0.9105612981259,0.011872612378161554,0.2907969950548112,-0.7504742903779114,0.23881126110104006,0.23759307669833857,0.2336327414735745,0.274372804085618,0.04711504547763606,0.25529768049206075,0.14307076287176898,0.20270861396386053,0.09461967988694635,0.026630649191036776,0.05816504072191698,0.054989944653059786,0.06827649031770024,0.6938542982787876,0.2763678017886074,0.10989051228765336,0.06398441090173633,0.475606771082108,0.452298188284554,0.1098929100057247,-0.5869984997701356,-0.4913429349606855,0.4913429331771981,-0.5998485236085973,-0.1329039372841692,-0.18968230234765576,0.14555751892283497,0.21772898465106563,-0.09845714083234267,0.49394239244696747,-0.2744126407432142,0.3033554535309149,1.6091228147991414,-0.6260014571908874,0.1282615454436643,-0.6566667467821554,0.1260765526778163,-0.10208347528380413,0.3253854633154382,-0.07993921969585857,-0.1024538893838422,-0.6423561293337668,0.3528168448072736,-0.5696921613115362,-0.5538666478272175,0.0076474992148656195,0.018324635969137623,0.6341555262050367,-0.6211052217659384,0.0688053054126659,-0.13167532744082994,0.05329518238078199,0.2743567273226635,0.3129965069957824,-0.07079797814064617,-0.5742838859954661,1.529195929703099,-0.03110964178010343,0.32851700913351123,0.047931968448832546,0.858972780402467,-0.6211052217659384,-0.13167532744082994,-0.08604426864154169,-0.05752300013299979,-0.011665721184391688,0.10094566892803243,0.032885968148571226,-0.452462244799239,-0.11757927025044311,0.2725830506471504,0.3067684702943931,0.0641856381241576,0.008316663699115613,0.08506663969274796,-0.1301838665731269,0.17368738130916278,0.29330535201335295,0.0,0.522828842640034,0
0.5639028336538318,0.6192430372792292,0.5705478603950014,1.037201467461028,1.0362257689829193,0.5342091168070925,0.2244033941841143,0.20108395796321826,0.07944661790780663,0.22786688785860515,-0.6569340892890589,-0.9266921167978025,1.2050329853378925,-2.3465309187284045,0.8112810914263052,1.0460639802143732,1.0425738517045515,1.0394372767786235,0.5997559030997266,1.2839718502090718,0.5605464624471642,0.6283374606642292,0.579009565930744,0.08872141811795563,0.058502562326678414,0.1143936520355588,0.13227725736433227,0.1664868926838049,0.8082306456999078,0.3547964386120986,0.32374936848548574,0.5478593129158457,1.2268076122794418,1.278140789387794,0.004649693640922359,-1.4052116674980661,-1.423793197348946,1.4237932004314997,0.0022735382924143842,-0.23457274885003987,-0.18968230234765576,0.6287391766721832,0.5794276585395438,-0.26281189308486763,0.6054277633377572,0.671830136996918,-0.6786286384520647,-0.7774356691933006,-0.626001457190464,-0.10110574463072203,0.11602903329786515,0.3858968400395087,0.08745413174538569,1.1551948745977676,0.8293252454626695,0.4288809186540352,1.716310648714356,1.2942948511581036,1.4441466258001174,-1.01189112664475,1.2901688733828394,-0.07060172208466822,0.4237860478735736,0.7484708944344926,0.20026490475873618,-0.1737961627751503,-1.0206104339348374,0.5883374667558815,0.41744205446909755,0.8551611710858648,-0.5605532191609884,-0.7384960045582835,0.033775070877371215,-1.1184137923307327,0.558429507917691,0.31968562241263515,0.7484708944344926,-0.1737961627751503,-0.2899046112435301,1.1998775857382946,0.7771834155993376,1.5695970028039068,0.243483622069765,-1.3011229107645663,-0.11757927025044311,0.7017212914789804,-0.5452347760981691,0.07384159618550315,1.0373212631541535,0.11519470332722588,-0.2060145181819288,0.022726441920720028,0.028573747629856438,0.0,1.4018735725742135,0
0.27109375014127335,0.4270962917188049,0.32371198255350075,0.8124847217614868,0.8120829759293302,1.6247708328312518,0.29749721705071636,0.20447332815405536,0.019662949333636603,0.3366919998248374,-0.6569340892894234,-0.9266921167982761,-0.48924433331938166,-0.3626500312655416,-0.7504742903779114,0.31298916193116544,0.3113752663251384,0.3074455369280428,0.9941798714861527,-4.635717486075871,0.5033711437773623,1.3353827512844278,0.7256961980137502,0.07260587674600703,0.009558648078078096,0.04391753829793493,0.06562616936787898,0.06763909905517776,-1.577187547619311,0.0919005253678025,0.11042805564880294,-3.057187942050059,-0.056693102906427185,-1.2072839951901937,0.10552025941686785,1.5951685305675785,1.460127204319305,-1.4601272012480904,2.244020738727254,0.5896392862298486,-0.08139330869894912,1.2767215791574396,0.7903335771225156,1.7673977448820204,-0.9233499903803594,0.5429964393737486,-0.5168145900980871,-0.6824260558578,-0.6260014571885144,0.24470946191687387,1.845180073757295,3.47002614987952,-1.547146825224286,0.35504685795070356,-0.37110501770926657,2.0726532275151794,-0.9612367783613622,-1.2509783161918422,-0.9193230901307258,1.8993946729262599,-0.5239103170393271,0.48451537268638656,1.085506845010959,1.2390778639150242,0.8642452538275714,0.6718879176009604,-0.8498876144080398,0.25968307907731586,0.6053309311415652,-1.5045929496786132,-0.2868736865339719,-0.7384960045581536,0.14297693156811414,0.9379042261785909,0.07554712595519018,-1.8215467747833831,1.2390778639150242,0.6718879176009604,-0.0880990167935921,-0.024608536663983833,-0.0018689878783141147,-1.744719114234997,0.04844880787043016,0.11103607575617183,-0.11757927025044311,0.2766511632435678,-0.04369202125719327,-0.504672952261015,0.8125388949632344,0.13890168139254733,0.553011357620069,0.09825935417392183,0.16643369587533338,0.0,-1.5166544395121446,0
1.1992950866478724,1.3837093700415202,1.2604547911657729,0.8423182349124876,0.8126046878870753,1.3008105402562917,0.486286773107587,0.43722891105774087,0.21159662438455207,0.4738540204945752,-0.6569340892893536,1.6968594981499556,0.6714640796013464,3.5146614492957764,0.5823769151379935,1.7366915185190113,1.7343518200411578,1.7320983920877906,1.2731171422114886,0.6194087682245519,0.2880486753520618,0.9754716407114411,1.386663479242397,0.06434294926827108,-8.796934701988415e-06,0.07207221013840275,0.07366183869224172,0.06592811195390302,-1.5771875476193147,0.7230980763252329,0.24175962447413557,0.018077151551647682,1.538047126149393,1.5296461343027552,0.004649693640922359,-1.6419380192230169,-1.7552817338344362,1.755281739373435,1.018487996775218,-0.23438116205454634,0.03302425899788569,0.9862350110565367,1.2452228799608955,-0.2692022831722785,0.09217594499202075,0.1836004473218149,-0.10626008774223268,-0.7774356691933333,-0.6260014571898032,-0.612042475280868,0.2737126691156612,0.7276166788076478,-0.28529265636296636,0.9831037478904892,0.3461335448600848,-0.06888057586508073,0.977392937833603,1.5395968522569663,1.1192920679118934,-1.527597947256321,0.6391156818777378,-0.07057212458849295,0.8111451885612774,0.013147395351942447,0.13507931384274793,-0.19723738668288482,-1.0206104339348374,1.2442747181179428,1.318250326277817,-0.6889416831958949,-0.5370965186027611,-0.7384960045582388,0.09676677668530957,-1.1184137923308315,0.37619501100059755,-0.7742958919107822,0.013147395351942447,-0.19723738668288482,-0.2899046112435301,0.43305442223482965,0.4314260788707795,0.45367133686846095,0.11586437640235644,-1.6219380741159963,-0.11757927025044311,1.3839927857678618,1.2576461016770262,0.13317420755959086,0.8423143019275487,0.1556596742017205,-0.22491377627568704,0.022747031219282007,0.028611817972443467,0.0,1.7309763911076241,0
-0.3302021208495596,-0.18676562673333277,-0.3224277114982849,1.68124545585416,1.6781785583911777,-0.8014765512615842,-0.05669544806858604,-0.049812073285080874,0.11844467371359628,-0.055248179270158654,-0.6569340892881026,-0.9266921167975509,-0.7428345775112413,0.9902218124017006,-0.7504742903779114,-0.03423497113562793,-0.03363193438702125,-0.03752825105096728,-0.009799167197750385,-0.9826414651346564,-1.4850911644864477,-0.33030980952134964,-0.13364649257723296,0.18620527724892047,-0.017350223054013562,0.017404835011831033,0.0013580478468791588,0.04199671174391218,-1.577187547619302,0.9911324701920232,-0.039856601455775145,-0.3255828763306295,1.372386218273947,1.4730391150448123,-0.10802835872506375,-1.3317424070553086,-1.3277527114170884,1.3277527138512464,0.26027261321836426,-0.17575491050245662,-0.18968230234765576,-0.3384423242430484,-0.02286539449562329,-0.22673645523497435,-0.9233499903803594,-1.9772202088986406,1.4552618854790589,1.014480791575836,-0.6260014571909926,-1.2986389921574164,-1.224677000409512,-0.14177585752562666,-0.2084871801393375,1.8979448861161687,1.6447748124334605,1.2607375303483468,2.041175523065045,1.469621706511687,1.6963854412341908,-0.7468484852057201,-0.859684548028361,-0.08198462966270341,0.2287142092230077,1.5491692794752447,0.39810377589302826,-0.16089971063695324,-1.0206104339348374,-0.35617589038548414,-0.07781362529390891,0.44852261322003967,-0.3149639622597307,-0.7384960045575036,0.7917015225216473,-1.118413792329201,5.290332609242415,-0.014689158930275564,1.5491692794752447,-0.16089971063695324,-0.2899046112435301,3.9723510186629944,2.1914503655757764,-0.9872821629775596,0.6337119901334618,-1.4549983059697555,-0.11757927025044311,-0.10692042971558477,-1.0458461990623444,0.11064208052435368,1.6814852738424975,0.04404760544495419,-0.19991295625919372,-0.10799065765891247,-0.22677521919331423,0.0,1.3099218070154512,0
1.740054807473364,1.5178554752517146,1.4675779914070695,0.7363097361976747,0.736082438505439,1.6388976064474527,0.4228058314540601,0.32786075795559455,0.11957008796795227,0.3538309486230712,1.6877383540739777,0.8907528602841929,0.9479885945332712,-0.977834584148604,1.4870014998070795,0.6737155598821121,0.6707380155468214,0.6671251023498943,1.1363316137417636,1.0544787383361927,0.6102059061652921,1.4544284267594216,1.3526550696681303,0.1009758678808211,0.02489257396706468,0.09966386788938753,0.11121810493904034,0.0987866522510171,0.18669057779909573,0.5875304643456072,0.49897283311454377,0.47735038443697725,0.9482970565797628,0.9240696700141259,0.008998087835485934,-1.1851703017099053,-1.144436894226725,1.1444368955084419,-0.014966826041005129,-0.19965519308748222,-0.18968230234765576,1.4671031812100719,1.3414210657102716,-0.20689075482302455,0.7365566064764159,0.3529660409767554,-0.2930916000978075,1.6194172813751184,-0.626001457190186,0.35757130755658073,-0.006074981408980237,0.683838996782473,-0.25751149902264436,0.8848285449981316,0.7968151137814747,0.3175532262698369,1.0430929262366522,1.0917080844993607,0.6564317519947502,-0.7757979428096166,0.9685853179901213,-0.07230967890723905,-0.0004535753494194408,0.4117921085023582,0.1610920190813524,-0.15902668099574446,-1.0206104339348374,1.5196695098920079,1.4578987028000492,-0.522255874349301,-0.5773468757427694,-0.7384960045583114,-0.00683279757588412,1.6967419325223603,0.3526866419366725,0.2500286652378607,0.4117921085023582,-0.15902668099574446,-0.2899046112435301,0.7952206132312298,0.4210308306913342,1.499379272906301,0.19104296502686408,-0.9926096116340367,-0.11757927025044311,1.8928566493941619,-0.823058297723108,0.13790902446660203,0.7362275706781904,0.20566047114795616,-0.18741886771674937,0.028024183675552476,0.03837191608833842,0.0,1.1373994111203913,0
0.20166609271626273,0.33083923376546476,0.18615978252871987,-0.03251339077178308,-0.0316096057877617,0.053418691937431435,0.20029885178610116,0.16863134053889556,0.13590931698722397,0.1905769505049973,-0.6569340892893749,1.578540285433336,-0.18182814309494252,-1.2697074889605924,1.4605392758373414,0.8781077623889709,0.874742681783921,0.8713822647827016,0.37677305791922205,-0.18271349973483084,0.26093960139195116,0.07407172909106,0.3555433690746291,0.07015097975347832,0.04947214704964336,0.05853063671376141,0.05547827672170949,0.04494275045906263,-1.4471481209385137,0.07342437574283449,0.06970554450819014,-0.055941335098864384,0.8421754733168787,1.1812914188191237,0.023053628929033766,-0.9260973553736935,-0.8454434387087677,0.8454434383705496,0.6551903556751093,-0.16718300947695955,0.7500995820704988,0.07624829360795393,0.41121770597035745,-0.3413979162044371,0.06979812071871923,1.259845685174671,-1.4607647483335269,-0.7774356691899627,-0.6260014571900494,-0.4485681523340161,0.3470265318398953,0.16655115088317368,-0.07622230070241263,0.43902168617098375,0.3930263138191021,-0.3824874467518956,1.474062211967131,1.1452369655869907,1.2553303138118541,-1.1129382349685562,-0.14273564742529718,-0.10275769004412899,-1.4150336510511774,-1.0897637058520597,0.07329909076418402,-0.16964275547355998,0.22086010525603134,0.6044958132604074,0.5421899854652357,-0.6707596641706347,-0.5667882796185091,-0.7384960045582681,0.0009649569091722275,-1.118413792330742,-0.20389567262788422,-0.4770976422300131,-1.0897637058520597,-0.16964275547355998,-0.09267128908831815,-0.4344750829134803,-0.18584686015405105,-0.20257479061251718,-0.05785941931018377,-0.8717866181906386,-0.11757927025044311,0.39134684141080994,-0.5487940156883427,0.1087782216484854,-0.03229221424400948,0.09484747364876127,-0.16400980608423535,0.04592346379210509,0.07145258528236414,0.0,0.8576119920132869,0
0.6887536141444871,0.6559330388425715,0.5385963290908554,-0.16432084864160287,-0.16334450440112297,0.29505405287906583,0.16987597995258238,0.14218163591680627,0.06525772263416878,0.16734059380823277,1.6056972201702873,0.9753142188209438,0.18578902373897208,-0.022683266638307692,1.5724905411621057,1.0272077692599189,1.0237232783865067,1.0205612182702255,0.7450662770979557,1.052200908164054,1.7674759887624794,1.2199891797291136,1.0091411841255256,0.09809696410523021,0.036547117823279046,0.11717457240073888,0.1357862901195069,0.14011051416244402,-1.577187547619311,0.8571606615605227,0.4238154239317701,0.32759655196943804,0.5416408582884609,0.881774827157762,0.015514481389663158,-0.3046960936592061,-0.2215245321475026,0.22152452966718655,1.067684598973509,-0.21469185636001717,-0.18968230234765576,1.2332933216946111,0.8640521239029133,-0.10926046638881258,1.8909450064574538,0.5921047050760433,-0.5782269042726454,-0.7774356691913471,-0.6260014571816611,1.5106454250844805,1.5315376534829583,0.8685054739708576,-0.6253506179806215,0.8212600764176807,1.546229068332694,0.8891788129737416,1.681098015914631,0.8858135700657234,0.8825213381146246,0.12375355178785555,0.2157151525723352,-0.09548584107063907,-1.2664912134760864,0.3333750464156431,0.2594183913713854,-0.07599679376596159,-0.6110686685802742,0.5464746747141827,0.5736267953642169,0.030172183294129913,1.9601709867129666,1.529195929703099,-0.050737133292131975,-1.1184137923308795,0.4659886373256637,-1.1080665832698375,0.3333750464156431,-0.07599679376596159,-0.18041872161349623,2.113025430249061,0.6152951603474676,0.6630579547917388,0.5119677105527888,-0.5273646261807248,-0.11757927025044311,0.6207971836316429,-0.7682675902133751,0.1100268626688029,-0.16429430930794564,0.12836154445347722,-0.09824975165072165,0.035154239111479066,0.05155978539158617,0.0,0.2584257738021413,0
0.812795426825984,0.5097126418458123,0.9735689912434403,0.5120287231936616,0.5122526683843545,0.4296948651246909,0.40305213280254654,0.401121207120646,0.2590151942251303,0.46385363124308887,-0.6569340892892582,1.3172932506071622,0.7120348369667437,-0.39408400861167386,-0.7504742903779114,0.797298134261572,0.7940546291976923,0.790590738240988,0.5357497510529171,0.7802655488315178,-0.9734757881185778,0.10707660826837065,0.42544521887278625,-0.05689441828253974,-0.04381286308817751,0.04661176905568016,0.039630926020733405,0.03553317671711363,0.6826326854913979,0.35162680598308915,0.012304955682436822,0.2756103799355385,-0.6968307045922015,0.14279529301795602,0.04727021983343335,-0.7888065510212179,-0.6971750765363607,0.6971750755259063,-0.9181950378415606,-0.10585135364018172,0.18713977798264286,0.11056107397919195,0.44138492928240886,-0.30980424777687915,-1.22362079152711,-1.2038714521837925,0.9496570797648005,-0.7774356691921632,1.5203648288874931,-1.3990948732280886,-1.2259572152743856,0.1371491560597222,1.0127358813042042,-0.5808629047166408,-0.9866800825337781,-1.5978441992367765,0.268206881098345,-0.03073207363780098,0.2098329671981927,-1.0683263904580795,0.40487060144888953,-0.13037284281878248,-1.5951330463460396,-1.1854867613802265,-0.16373612996866582,-0.1647336964985163,1.5259851094788661,0.9598428545781053,0.8359214610347027,-1.0347276859608316,-0.5577420403654065,-0.7384960045582472,-0.12780131258382918,-1.1184137923308075,0.023976687643918672,1.4675619829364814,-1.1854867613802265,-0.1647336964985163,0.06621731339461896,-0.056165928040647954,-0.012036954508238076,0.8647338609609287,0.033556583375045516,0.6856078985463637,-0.11757927025044311,0.538947967281428,-0.878821645298576,0.05293930050034813,0.5119475200525894,0.1108526451649349,-0.1508016004534947,0.0931454375128333,0.15734138080106455,0.0,0.718727641715592,0
0.8518466111653327,1.1286798866751704,1.1639655449046642,0.9226513327048831,0.9219790690054575,0.5955791024773469,0.18787701778939322,0.18740537064604704,0.03928162792400332,0.21982065463787615,-0.6569340892891259,-0.9266921167980503,-0.5333258276214687,-2.3465309187284045,-0.7504742903779114,0.9041916146715935,0.9007959258968722,0.8974696452156776,0.8104881381776908,-0.5355016982306199,1.0992571634279071,1.0726027661259,0.6463250848447506,0.1098419700019415,0.0547422589356936,0.1005888573542052,0.11248753624028861,0.1127269042187858,-1.577187547619311,0.8618553028845494,0.6451294882532952,-0.19587650594624426,1.6201730131784873,1.170800010616226,0.004649693640922359,-1.5113371601757908,-1.5677344882501951,1.5677344923589809,1.927836247451883,-0.23457274885003987,-0.18968230234765576,1.0834365924898688,0.627742872462216,-0.051930761100660146,1.6623186394970175,0.6220329049511688,-0.6166353035502204,1.5442492609982659,-0.6260014571580591,0.8919126783032326,-0.38554903529063017,0.29430871590311547,-1.6701921518128153,2.042200303443539,0.6692274777955538,1.195990851167141,0.8299163061215151,1.2639134374997476,0.6509536109927047,-1.0744058117804824,-0.5866026104156412,-0.023367908565767998,1.6245265399703557,1.401815389725373,0.3977347606493184,-0.17815288908606688,-1.0206104339348374,1.0851372856819947,0.3906436798826307,1.3931961255179859,-0.5814769277143202,1.4371286146866131,0.016089591589317023,-0.6345663821988592,-0.0014405034231855763,-1.6057742748737764,1.401815389725373,-0.17815288908606688,-0.2899046112435301,-0.25808143434755804,-0.1789666189342271,-0.5923608926420121,-0.00459475238858759,-1.7011251493499846,-0.11757927025044311,1.0646055814280038,-1.2554183845925915,0.05994569707003367,0.9227934878261409,0.1388577062610277,-0.21461171871909743,0.022726441920720028,0.028573747629856438,0.0,1.5420805011401018,0
2.2005041623106876,1.3420504903461505,2.1656278581700894,1.4901023557000466,1.4877205473917268,3.3809602544176123,0.561655272318015,0.5288774436811889,0.07761788893936077,0.6038651528637666,1.6935904196892155,1.6553143472827734,4.885942189545212,0.8721709036124187,-0.6399079405636428,0.8475466524137611,0.844222768200252,0.8408227772870029,0.9941798714861527,1.2544937579667774,-0.4638687554605779,1.0670876708110886,0.8676928373063669,0.05548284842813172,0.0033570883822256767,0.06576649862198854,0.06517194705838672,0.06187622819875233,-1.5635351753854385,0.3958036660374922,0.158986926676477,0.2882631447093605,2.0204574104866864,1.9778063035764044,0.014600340135254245,-1.7408696135693664,-1.9043010830716602,1.9043010898181565,-0.2668265566133584,-0.22048561426533725,-0.177156404833671,1.076797924675974,0.8750495682104101,-0.3283058421093015,-0.31220645171584427,0.8172539681073864,-0.8676424889190132,-0.7774356691932314,1.746902884118749,-0.9606409351745914,0.7146173089026903,1.7468298315973034,1.4836617519967752,0.9241562092701203,0.26039897930128053,-0.3919885892442365,1.3475901054179678,2.0521134629211444,1.8426239219535523,-1.93467703751636,2.832147502056575,-0.09324131373174906,0.4671720273949713,-1.1715035483599432,0.11335344760703839,-0.21233880291927484,-0.3024731138110302,1.4427320131991777,1.8634330786979891,-1.2988403333542007,-0.5426054174749008,-0.7384960045582248,0.11162610228019659,-1.118413792330711,0.33403464987339615,0.8226938957067237,-1.1715035483599432,-0.21233880291927484,-0.2144625340212076,0.3258291064320423,0.4118715314078664,1.985657915625536,0.09701897079985168,-2.0483759584467416,-0.11757927025044311,1.5620325122434104,2.524420968843651,-0.03439734191143605,1.489884971987554,0.16298120346271427,-0.23251152899841687,0.03672303467113922,0.0544603693582532,0.0,1.8900960818022592,0
2.8934205642363406,2.504339108421519,2.858675817812493,0.7004323989796115,0.7002836124492328,1.3830585379421765,0.3360507912787008,0.2939246845504133,0.07408043060311835,0.3394242324005107,-0.6569340892894204,-0.9266921167980731,0.11285107373227768,-0.7247176920741822,0.9844648561409771,3.2874462194738956,3.295802711117474,3.2941528661928428,5.429651506049791,2.5336799492574147,2.4158744632861366,6.3605462453861,5.58172811255632,0.1293822342859336,0.02875239277985167,0.09084602237168843,0.09914882046202546,0.09507996171575513,-1.5771875476193071,0.7237782489646549,1.0329477275636543,0.2409058350485383,0.7074166838879358,0.9672617680613138,0.005534574849516729,-0.16765451132041279,-0.09556720935098276,0.09556720668438264,2.187798262888966,-0.21257335322972587,-0.18968230234765576,6.28222814464455,5.087435753717046,0.2953325134022426,1.605589105000971,-0.8243959506184726,0.6997488489013619,-0.7774356691931831,-0.6260014570920267,1.2238708359264405,1.723827795703382,2.7063686103049585,-1.6113305225161818,1.627918031720352,2.2233151959528157,1.946071727207898,1.2030499661463363,0.9240204994144273,0.21290832774001484,0.6108638475398346,0.19416985251284974,-0.07408791539773456,-0.3956055700113842,1.5491692794752447,0.606369269792846,-0.02912176800782431,-1.0206104339348374,2.743587797857248,1.2027449659984888,0.1872787045629507,-0.5563375368989839,-0.7384960045582641,0.004798048128843776,-0.37988080635900395,0.1518757057237711,-1.785512274838412,1.5491692794752447,-0.02912176800782431,-0.2899046112435301,0.3091600294496125,0.0967079775575528,0.6546131722792194,0.13162386684686178,-0.7173099778649531,-0.11757927025044311,2.306052211655389,0.3105845248285068,0.1235073789697168,0.700493681171279,0.3064384666541349,-0.08103732848373031,0.024014396582314235,0.03095539486201866,0.0,0.13136968298926188,0
0.5876939291048112,0.6365499203623228,0.5176649531603741,-0.544874074534642,-0.543972332502599,0.013637229730201861,0.12550103441086344,0.11431494828464153,0.07183798600375496,0.13580006974813957,1.04617724028676,-0.8842775416126468,-0.1087154132180929,0.9055832000319074,1.341635274383514,1.21254370579948,1.209093186490036,1.2061822629007524,0.6997983316698411,0.06594446727991725,2.6295625276402683,0.961486032903788,0.685017235692332,0.052516243275107295,-0.007920033966638623,0.07057899492623512,0.07164798498748538,0.06897224028658276,0.42014538410148866,0.3483233013335266,0.12495860563890909,0.030002943484136436,0.06355430230779116,-1.0105407415398864,0.18958539213912967,0.06156547735095888,0.11104361554292874,-0.11104361829458584,1.2413817588887004,-0.01918279715340135,1.2470710956155744,0.96402850231005,0.6969912145995857,0.05627705940272108,2.713973834678054,1.9067304829467766,-2.259091100507523,-0.7774356691931775,-0.6260014571613897,2.1410047961580276,2.1893421082936295,0.7902602176322827,-0.6871926260326704,0.24354804818477935,-0.06339031949248274,0.8821835193837133,0.25923352231435687,-0.53947534334852,-0.4399774347536958,0.754998676107621,-0.07144072774044961,0.23840110046929042,0.8698819262379952,1.3518590391330751,0.1009468675025906,0.0015956081339966743,-1.0206104339348374,0.4157126432827448,0.48601447085398325,-0.07711909981639596,1.944235944026281,-0.6206713146502358,-0.08744827363722352,-0.20385127589834554,0.09801484406748803,-1.3468886890961502,1.3518590391330751,0.0015956081339966743,-0.2899046112435301,0.3881220854630692,0.10866627578571411,-0.03042150621937042,0.1617954249187994,-0.007232968380766932,-0.11757927025044311,0.4666001411658082,1.1886182205753442,-0.0298829734727119,-0.5449977540513766,0.11731227593005135,-0.048601884695404454,0.3026963547547877,0.471866291451499,0.0,-0.08509185042976163,0
0.39057512884915957,0.465301954486559,0.35259585754767503,0.11271982385874722,0.11350174575549003,0.11025900499137371,0.25891675008528636,0.21458748767123542,0.18096493107554984,0.24927667356010275,-0.6569340892893294,1.0441624209688163,-0.27723072139526106,-0.3058025695414673,1.4153027104965508,-0.1633468005557183,-0.1616944111615982,-0.1654390969540057,0.358217554474997,-0.32134598910139334,-0.5988784142298935,0.030741302509587006,0.34318784193077223,0.05172571697743555,0.018372890422574492,0.16575610270466,0.20328313065813994,0.21147690527736637,0.7220806572075266,0.38689817369742335,1.0148124191913637,-0.09745509204565848,0.770930320415372,1.0192777378619577,0.05002980558597179,-0.4850782530155053,-0.3918984273802825,0.3918984252956655,0.9635462983526892,-0.09789723451926323,0.6329356900346376,0.03340905424058616,0.358837639588757,-0.14904162530171114,-0.20171985713189416,-1.0850579521566044,0.8695248742508584,1.6212614184298304,-0.6260014571895162,-0.3923146994106104,0.38052656976372223,0.2114527053325098,-0.37988342447619156,1.1495206429022637,1.4630231858205467,1.0333390605573536,0.743695465639369,0.9691680042781331,0.09900197880683063,-0.0834856054764207,-0.24818162719809805,-0.07395210211148509,-0.3017751425017872,0.20218485589633428,0.34133838661127036,-0.09889024781518327,-0.5867298582192624,-0.11505485121561132,0.6182614890922592,-0.550444869408996,-0.4749978508452708,-0.738496004558067,0.1340214753065183,-1.1184137923308612,0.2703030513365676,-0.9729238828017367,0.20218485589633428,-0.09889024781518327,-0.17466509646588427,0.2547506322445364,0.09378879300900633,-0.43076515258062076,0.10938939844796594,-0.790205411835381,-0.11757927025044311,0.4906091266564502,-1.1209153804015302,0.14290975602805378,0.11255019615143352,0.11046117584879693,-0.11914242826550835,0.0814079323118827,0.136289251030554,0.0,0.42664789278447895,0
-0.12109493601392732,-0.384649777922124,-0.1827025526815337,-0.6631100412076186,-0.6177833928535293,-0.7099107859575977,-0.12319495547898263,-0.10958186661989293,0.007517029532543938,-0.06963421651495504,-0.6569340892892157,-0.9266921167979272,0.11060596932661874,-0.6203095205693937,-0.7504742903779114,0.379837859245309,0.3779021714140972,0.3740124074453084,-0.3633457921253648,0.3255229028222038,-0.39269957753483264,-0.7883393329293854,-0.5215715775449257,-0.16528195666707168,-0.08511608533316399,-0.02251525856856615,-0.049866411978771424,-0.04529614615331159,0.3947208956472231,0.0003116348662782982,-1.006161279086483,-0.03042240939558779,-1.1606090971223995,-0.5462159764281308,-0.033256312415660905,0.06426015992089831,0.11335719656356527,-0.113357199314484,-0.8188826612041501,-0.03673443874717369,-0.18968230234765576,-0.807744157024263,-0.48933448980221156,-0.28933614727067836,-0.7486402194856226,-0.06927749562205306,0.13702608917642645,-0.7774356691932389,1.7258495248959524,-0.771993898836579,0.3701354753655375,-0.817859072999379,1.696661511557398,-0.8583371185482087,-1.1683519050116187,-1.5260685869153707,-0.7390606878613108,-0.7440505858627334,-0.6207801585909881,-0.5487401915780159,0.03565962243666758,-0.1790546142994685,-0.7269198907314542,-1.234974601273818,-0.25205015793325386,-0.10630487180379812,1.7691616053297934,-0.24754486238273532,-0.7702171549330439,-0.2115340485977905,-0.5855621585900251,1.5244879721357767,-0.1666721933909835,0.9606373957068828,-1.984954866525687,1.21256996797916,-1.234974601273818,-0.10630487180379812,0.3440060501786404,-1.5791283794727233,-0.47036225467503084,0.26940900121068834,-0.5771830347473713,1.0989822159931237,-0.11757927025044311,-0.35080414318865805,2.303401800305597,-0.49645441521945605,-0.6632271754909136,-0.012486854672193915,-0.0481797805127894,-0.01954937066129498,-0.050071419387509156,0.0,-0.08773687333790171,0
1.0110947189298627,0.7657220899410733,1.010711346873934,0.4190034744181595,0.4193861959919701,0.31576535877592843,0.19082381483439464,0.1762106314275228,0.08117169908431253,0.20575226181204315,-0.6569340892892624,-0.9266921167979572,-0.0688255395142224,-2.3465309187284045,-0.1572536960160954,0.5864786321965562,0.5837488574911162,0.5800401048282631,0.624826753461593,0.04240481747516883,0.8948385620515225,0.566024340789001,0.5994237470410618,0.14818443193670722,0.1677789445634665,0.1383995312299738,0.16486705951865713,0.170100413239146,-1.5771875476193071,0.7502649061911129,0.653111757714959,0.08282435064191772,0.75270997640374,0.7536403583775662,0.004649693640922359,-0.6294366248960336,-0.5337229998211073,0.5337229981807114,0.5293798138735738,-0.220240553678429,-0.18968230234765576,0.5753709847250473,0.5606409305514369,-0.01406722253096223,1.314898745384323,0.42111681887207403,-0.37016110481908626,-0.7774356691933278,-0.6260014571884444,0.8127770234282596,0.5820344411921606,0.39629385897609215,-0.5231679043154194,1.2516024961419936,1.1146088832599965,1.238718662785876,1.4166610283772716,0.6873467083835804,0.6121150056514995,0.08010435041586113,-0.02651190793008429,-0.021099623888198134,0.6655828350831553,1.188023265936174,0.34774159399381144,-0.09430658260277361,-0.8921093992786017,0.5851466773730992,0.4695101260189197,0.6180224416168498,-0.5571883473729978,-0.7384960045583047,0.007154384624334695,-1.118413792330866,0.25709248585514194,-0.5583321262792149,1.188023265936174,-0.09430658260277361,-0.25631610946500544,0.5729778306820712,0.21189351571553033,0.024500028181706657,0.17454160270708924,-0.7693152775978745,-0.11757927025044311,0.69545163327747,-0.2482336731873245,0.06963178422449062,0.4191147157559832,0.12907731971912706,-0.13466099528385195,0.022726441920720028,0.028573747629856438,0.0,0.5634561636384638,0
-0.164387491078731,0.0994485714284076,-0.12077902020472443,0.5089518748521149,0.4999713122762669,-0.17910713656023405,0.11894618290264658,0.11061424934178944,0.10692571001819835,0.06315343561268244,-0.6569340892890306,-0.9266921167982761,-0.26413972180407747,-0.8118067054786638,-0.732984944888942,0.18294423694208997,0.1820515496793244,0.178079140546084,0.07390909465925112,-0.27584407716944837,-1.3346709331294289,-0.10930607970483548,0.09675260236920305,0.05528703120436031,0.04264600954147177,2.1697037608228875,3.3597494103811574,-0.08961845285657456,0.42014538410148866,0.3013253533603923,0.0852127362027442,-0.04499711989670085,0.04016538558280775,0.318334930515759,0.28596557860806443,-1.0367061367943127,-0.9692383474217132,0.9692383477131096,0.5023783502704132,-0.14617058110709083,-0.18968230234765576,-0.10902907530723453,0.1081424702912115,-0.3067486069513813,-1.2629536132605135,0.9677869170726355,-1.068748599091545,1.1971972932773767,-0.6260014571910152,-1.4815425378971956,-0.8512603993727268,0.028863479153407888,-0.06892196170627642,-0.128646058780868,-0.2850618219471186,-0.6067449944068489,-0.596697949122031,0.17990664745026658,-0.5485190902390811,-0.5432324404337341,-0.24273863366278503,0.050385009502854454,-0.011045090204904977,0.5782534819536234,-0.06613723744688293,-0.14413773662916332,-1.0206104339348374,0.13685414513006428,0.16106368824516154,-0.6804663168829694,-0.46442170211179884,-0.738496004558099,0.00823073965088278,1.5302768288014663,-0.03248849606867797,-0.40876682789292557,0.5782534819536234,-0.14413773662916332,-0.2899046112435301,-0.08832414143741542,-0.028953725496681987,-0.35104402067226226,0.026889160010282603,0.016214533916978684,-0.11757927025044311,0.12549753251288942,0.7658662620068247,0.04136931013500432,0.5088694003865608,0.06761804498152008,-0.174219825815991,0.6144845134067444,0.7292930761031783,0.0,0.9736965504524414,0
0.4023756669659111,0.44869865319801444,0.3216577770749917,0.41340171154906385,0.41379344737001367,1.0822687609198773,0.29433231084425404,0.22524939333114938,0.0719446145773823,0.26257905205047827,0.44245372096787,0.7157537382457619,-0.036598935572731535,-1.01950602558151,1.5696162033845873,0.5759521967461718,0.5732557561730737,0.569536088070962,0.42073589746035794,-0.08048869740744503,-0.41880649789872304,0.4878927410580845,0.4480208067283476,0.00045038539959413575,-0.019041517760866017,0.034125768858206985,0.023177543350045085,0.01818773855302358,0.07027984966937577,0.27727942620723994,-0.3262335836702823,-0.11427433693015987,0.9939048999741046,1.3191382253390231,0.00800935203078593,-1.5090730151886782,-1.565098116393933,1.5650981204833536,1.1214318967577124,-0.2133608034163593,0.24221502129631348,0.49701785473444726,0.46348225388026193,-0.26698363718097595,-0.22875178478122557,-1.335001848545012,1.0307177589675969,-0.777435669074606,-0.6260014571895836,-0.805297173500037,1.192515441631497,1.3462940618228287,0.46389190581075895,0.49015244864257324,0.3730871951746722,-0.43997751572326765,0.40312145820528794,1.2889495379667304,0.44948517791986864,-1.2769322753640744,-0.008065014879169817,-0.10833545215098604,3.5842643264920198,0.2310530725678227,0.04387298851880903,-0.18616306941324218,-1.0206104339348374,0.6773193043284508,0.9311223416192171,-1.2039485644594115,-0.5551291691343883,-0.7384960045582362,0.027407302782128464,1.6796920398730557,-0.006415636222514859,-0.9191803199719362,0.2310530725678227,-0.18616306941324218,-0.2899046112435301,-0.12364600635744466,-0.07203321073203744,-0.05971603933506123,0.021784467419568396,-1.0441193411706382,-0.11757927025044311,0.5521246318900963,-0.943343202385143,0.18299562075068992,0.413324232060602,0.10240278254981292,-0.21443786065442114,0.0265640933047163,0.03567111439893846,0.0,1.5391048135431291,0
-0.18998623322961164,-0.06929882156417223,-0.09667938787368904,-0.6227571946262541,-0.6219219651169186,-0.363698628298741,0.024819289063509324,0.05300579297256095,0.057903175368750365,0.06993369076264659,1.6894086147749765,-0.3305812123124036,-0.16829761879731137,-1.0923999848357926,-0.7504742903779114,0.6062459915914316,0.6034556337297132,0.5997677804943126,-0.057944006122707385,-0.18033052473804465,0.16791002666963195,-0.47810439635645313,-0.2010998213415338,-0.1366658430202298,-0.23713638835020168,-0.027151950575927983,-0.05575256779320995,-0.08363003813064943,-1.446934345976481,0.23095322858012035,-0.25147148823815035,-0.0169378408143083,-0.30320917109940937,0.18397184816420684,-0.06705308598376644,-0.186248011467866,-0.11264699240347452,0.11264698975649748,0.7442253373411607,-0.08367819907623747,-0.18968230234765576,-0.48761682273261187,-0.19907532593328436,-0.23496185674888606,-0.20171985713189416,-0.3453559254072644,0.3603149465791891,-0.7774356691929896,-0.6260014571902724,-0.27187606713383305,0.24918347501350926,-0.21862718135532824,-0.09935654810810637,-0.4037153523715223,-0.6916236319653254,-1.1872410642487126,0.003187823111710711,0.07155505076484865,-0.09155621610220922,-0.8447870928392048,-0.13209320000538807,0.20531015015291199,-0.6736412054138919,-1.3897551318612071,-0.11996354967485588,-0.13640438987536413,1.435758479985719,0.12330340488154583,-0.3234498058929328,-1.060849284057868,1.9607535763568795,1.533063982723141,-0.08988243108769282,1.3699191313471013,0.07832949737751203,-0.596621505686789,-1.3897551318612071,-0.13640438987536413,0.24132146644185642,-0.0086769761369993,0.004379214820296919,-0.19156836773295358,0.04605322348024826,0.3390278437060586,-0.11757927025044311,-0.046282678604207705,1.1487173518359268,0.015361783701184855,-0.6229679390943078,0.04323077556024907,-0.08344512979879999,-0.04089872923321899,-0.09076378449126747,0.0,0.14858303410568569,0
1.1390122331776207,1.135266510348501,1.088885423771473,1.2282099085566727,1.226680125064253,1.6596224363709013,0.4793656375219686,0.4031886574821211,0.16495143956866515,0.45836331770778355,-0.6569340892892512,-0.926692116798071,9.212516413835488,0.23199134134444183,1.2053903078243073,0.49256767959634856,0.4901619573084715,0.4863616390489024,0.8577085303093922,2.36224154993583,-0.27049261275422876,0.7596746231393687,0.8454167350201518,-0.059803673976686414,-0.03798333412280914,0.0325745314813253,0.02114329164310936,0.016257185988182935,-0.6192910944152492,-0.10397486190324776,-0.9436995047050724,0.6593380910425939,1.298297043491047,0.5366178692730935,0.008468490620841748,-1.8857583298966152,-2.1370501428251187,2.137050151576049,1.6584343781768278,-0.23457274885003987,-0.18968230234765576,0.7709530923385772,0.8536342391356467,-0.31485172716951493,-0.047763872461492066,1.601930296572988,-1.9049466160290351,1.5902786144870724,-0.6260014571861929,-0.771993898836579,-0.20605587717891585,0.598880522787647,-1.3672779666122636,0.24452298019456226,-1.0982093600281615,-1.109869168090184,0.26665786225016247,0.9157620155666361,0.873664626593454,-1.8185347140874977,9.969079202874198,-0.00964515306101281,1.432748345315059,1.535909780537816,-0.022118217536435645,-0.20932896689595248,-1.0206104339348374,1.456868025092407,1.0434669027057126,0.14067604724762123,1.9351396019863314,1.1838921999481078,-0.030219138371818235,1.3401455980745272,0.024724880010162917,-1.3550112611021852,1.535909780537816,-0.20932896689595248,-0.2899046112435301,-0.09694279214020746,-0.11517299751272116,5.09658216527802,0.028213328889405174,-1.3774255384413667,-0.11757927025044311,1.7114006423177628,-1.0010337867496308,0.05442568490504089,1.2282755271048251,0.16623891927656842,-0.24337677201609367,0.02796887187362826,0.03826959988711126,0.0,2.1631587337670846,0
-0.2873046104145035,-0.17233173794006668,-0.2111815845580842,-0.11417481481880591,-0.13832010012075066,-0.022576348965882353,0.029887344360337114,0.03703932166004505,-0.01140512086641518,0.04656207975740606,-0.6569340892893951,1.43727814653913,-0.4345213205100667,-0.6981538134099589,-0.7504742903779114,0.5606710820888133,0.5580243653199042,0.5542891269495354,-0.2280725318839625,-0.5427473230675293,0.5022410591243067,0.0038262505388649325,-0.2602630274524964,0.08738102032757471,0.21684873233895297,-0.3551389087787008,-0.4482422346769118,-0.35137907144384717,-0.043527339919151496,0.06929899466878582,-0.128000400621909,-0.1123324766718223,0.9242077085281016,1.0252110033477289,-0.055462777179954216,-0.30999406024206244,-0.2263271612902961,0.22632715881893783,0.059454573927872345,-0.07185917204796616,0.4002245883203861,0.0028322879843899686,-0.2630154941816868,-0.13701613435132542,0.21936164070818395,-0.12572484226224448,0.18471043362474057,-0.7774356691932012,-0.6260014571906005,0.050034330155628394,0.3987586151945533,0.11047787523989881,0.43698167608949545,0.794921657743912,0.5804679978436857,0.1929020887997878,0.3720812485133733,1.0118899042491702,0.15272381619136513,-0.8281277707632101,-0.2911848765393401,-0.05999193946745994,0.2839111207958058,-1.2910459052663947,0.24929635543332315,-0.13931642303650235,0.7671243369265094,-0.10247254143603361,-0.17613958664863655,0.3532042355669069,-0.556138922448539,-0.7384960045582779,0.02103439432400423,1.3998211714297377,-0.7888212945745888,0.2389224428796893,-1.2910459052663947,-0.13931642303650235,0.2285490896488129,-1.4040167615476942,-0.4796847572847873,-0.5464244238603992,-0.4236104418963703,-0.9652958273729881,-0.11757927025044311,-0.1712239880061355,-0.7394220587894615,0.13552724597158133,-0.11434325022538723,0.0257331765210114,-0.09889227661620932,-0.05934267963350505,-0.1267735222221105,0.0,0.2633575856018836,0
0.7599278554517447,0.5802214408569087,0.6144894383682856,1.0107451163091168,1.0098414635111135,1.3361406711541348,0.4605002374480544,0.3260041256229788,0.1849971856539733,0.33860416038313157,-0.6569340892892753,0.9105612981259,0.32130251184571484,-0.6000166615314219,1.5978206581474168,0.38616845659347077,0.3842039768592611,0.38031854325461045,0.41380418451929785,0.19960833089201288,-0.9152626324895808,0.3560618596833262,0.5074494234770407,0.14634585729819777,0.14887497831823177,0.2291146265458544,0.29359216375444946,0.25655601604672146,0.9025396061928544,0.35370607876191823,0.4333200214990158,0.12690045835946767,0.77492037405879,0.8889587348949372,0.013685658940243216,-1.3231465335855996,-1.3168239935426822,1.3168239959049568,0.42669927906447774,-0.20563231699725765,-0.18968230234765576,0.3626094585088228,0.5237677598463356,-0.2546432923265733,-0.6485848310921296,-1.7286372477449126,1.2856741541752377,1.5099346484149303,-0.6260014571909072,-1.1438782070869509,-1.2387902070393133,0.22722479119936898,-0.8269841953023569,0.4052020062969837,0.017396847877410346,-0.37367307287633944,0.8186581470122025,0.8485340565916991,0.6242076613846057,-1.0470874511984152,0.32611340853327453,-0.048110230180396,0.30782099910799676,0.07759668051382906,0.037850532899072566,-0.1738503591326879,3.1893740404839597,0.9473379794622783,0.846253543877589,-0.7958521226502523,-0.5102973954733501,-0.7384960045581884,0.07542520618096385,-1.1184137923307884,0.39337192184199327,-0.2136438632849215,0.07759668051382906,-0.1738503591326879,-0.28845692400180756,0.29631147004809033,0.19532993905138507,0.39477404013402173,0.10012749206265792,-0.7947538270146478,-0.11757927025044311,0.6413739804247462,-1.0115895056405282,0.197320973727851,1.0106200379107717,0.11182260011636073,-0.199198572795908,0.03272303059592564,0.04706360528592826,0.0,1.2995156014623797,0
1.1427200524334487,0.8361330723632708,1.10415417360625,0.7999388742971366,0.7995665773919153,0.5482246688594227,0.2182474762579846,0.1966929159252554,0.07205125866286119,0.23043044043201402,-0.6569340892891659,-0.9266921167978373,0.29645850875409735,-2.3465309187284045,0.7125437166885658,0.3836382069245213,0.3816852002756726,0.3777980251508868,0.574643521348202,0.17855807430194548,0.46192159498811697,0.5928138477619935,0.5217755038877626,0.1011819010730218,0.09786454938330652,0.09404816305258959,0.10352486619081447,0.10304165334976474,1.3439440764131458,0.47563164283820925,0.38978564131171073,0.08895372665197551,1.5633884391905173,1.4734793420182533,0.004897515728506815,-1.4870085320849293,-1.5340159215949554,1.5340159254576344,1.6536077640202198,-0.23457274885003987,-0.18968230234765576,0.6006237775561358,0.5288413394320249,-0.07588444503771477,1.110331563099324,-0.09313334411734962,0.15710128680487317,1.5493672337513111,-0.6260014571809462,0.3421588307643419,0.12026642749560108,0.39269901583218103,-1.4693001731432713,2.0010235516106563,1.184563541629111,1.1978234674395494,1.4009591170034632,1.4607469840107903,1.1207315034574712,-1.0085767464056101,0.40921303847618107,-0.05452919083096081,1.1791513430285072,1.5491692794752447,0.392535460535243,-0.1750743998855922,-1.0206104339348374,0.7470136933267546,0.4730750440083142,0.921838345403269,-0.5618005009958523,-0.7384960045583059,0.04958337180326947,-1.118413792330874,0.08289084357004549,-1.40678452120011,1.5491692794752447,-0.1750743998855922,-0.2899046112435301,0.037483762991837644,0.05067392774728434,0.38107122523833287,0.05179857580309218,-1.6466516715412058,-0.11757927025044311,0.9065460922063543,-1.1242678641155064,0.08576231011785418,0.8000271885556856,0.1285691164168214,-0.21264670654430723,0.0230903312491533,0.029246603059292248,0.0,1.5088068780404988,0
-0.4197755708644185,-0.2413113190428857,-0.3862210836297471,-0.2670623817112215,-0.26606383830108843,0.14587149005844322,-0.04452478695542865,-0.03916779808474258,-0.10472642595055962,-0.06270936151845764,1.611919282769739,-0.9266921167982761,-0.15263359671559779,0.3932144524342736,-0.7504742903779114,0.8633954288267098,0.8600494590897135,0.8566699303042842,-0.569831896979126,-0.15651512688350355,0.11723018298649364,0.14307076287176898,-0.4406107734987174,-0.06629576231214167,-0.0404856857319309,-0.02426757073591876,-0.05209622594586939,-0.1254409870779176,0.35955526978715135,-0.05469173573815574,-0.7317765401151138,-0.0568001733896388,-1.5766928203115198,-0.744276341708553,-0.11456499355213753,-0.14650334889805722,-0.0761531651911233,0.07615316250444361,-0.06214969984004859,-0.04530231278240912,-0.18968230234765576,0.1465527145611011,-0.4563890698172182,-0.2803360844723734,-0.48975581715226013,0.43964226922838257,-0.39211211439685406,-0.7774356691932247,-0.6260014571907794,-0.6431623548928782,0.8629855621775734,0.32885400184162605,1.0612163262091838,-1.4047603328535252,-0.8126735739213649,-1.3056907843785028,-0.931857259864418,-0.9533638879870013,-0.8311307443051842,0.40479100303905124,-0.12340717176034495,-0.1306356039857884,-1.221899519126898,0.7646756182942893,-0.38050124395911766,-0.044982090776895085,-1.0206104339348374,0.9794480910550681,-0.43508125358220734,0.02340744444347429,-0.5850760853493149,-0.7384960045583299,-0.2302576734262066,0.4737087909032646,0.004547720004492142,-0.13509296636255944,0.7646756182942893,-0.044982090776895085,-0.2899046112435301,-0.09584186443578352,-0.021754900712696965,-0.17055498404546005,0.020607559609331527,1.5036125764507628,-0.11757927025044311,-0.26232588555776143,-0.31281612517617247,-1.5213459903358773,-0.26691989834409213,0.008431382245490787,-0.07824154602996203,-0.15925669799898176,-0.3423960205427276,0.0,0.11159803635388385,0
0.8220043619723205,0.7193287748734667,0.7768841474050311,1.5594359223440162,1.556811582094962,0.7494105485635932,0.2507682282472364,0.2184744239859432,0.07418738289317645,0.26703758868059474,-0.6569340892888983,-0.9266921167979151,0.3326551320445834,0.5665567631023031,1.126701000538722,0.4998233751734937,0.49739045750187366,0.4935967151320341,0.7292366522919443,1.2272678285843674,0.4960042406491668,0.7683305289581552,0.715531145953102,0.09321748888255056,0.020027496522128506,0.09200031672184016,0.10072536270709614,0.11100330658721677,0.21456448654425225,0.5690433626686162,0.24614110018350097,0.6508149642578799,0.07018766142269571,-0.258995258250607,0.07834723295755447,-0.3531580152052477,-0.2667575784777454,0.26675757608699535,0.03722952301766851,-0.12520403543680858,0.7694996664846042,0.7799588181754912,0.6598234441927419,-0.055213509407924806,0.35433090291241004,0.13030055952066102,-0.05251741281695935,1.2074485146774148,-0.6260014571900709,0.34989304188648956,-1.10038684971359,0.19514597779689918,-1.1576577359225655,0.1466677436474942,-0.056578722363545705,0.4842113501489966,0.8601499453580338,-0.323105901152199,0.010238128764109086,0.40961551435876625,0.44255473552215635,0.1886396354323029,0.730189355239022,1.418533658772911,0.03340331739776806,-0.05707786757786895,-1.0206104339348374,0.715450240803934,0.37994751053450715,1.0781375664075792,-0.5487826824752351,1.547548182946003,-0.04441479225518947,1.7515689867402073,-0.168654686410637,-0.1562632270207747,1.418533658772911,-0.05707786757786895,-0.2899046112435301,-0.4555832103842116,-0.1451785049402537,1.234267961389036,-0.08539091178855647,-0.013965886856654265,-0.11757927025044311,0.7335099075922684,-1.1606013238391486,0.02939061422729301,1.5592516361429185,0.13962922705683764,-0.10404492825724669,0.12671524880471874,0.2159992325155395,0.0,0.30343524096237345,0
0.12982454182000178,0.08355995296696,0.07284869870841594,0.12612176913164483,0.1268902648939815,0.37006693219975245,0.1470106050829719,0.10795227323728766,0.03374033195131968,0.12938275969775093,-0.6569340892894134,0.45859916065560463,-0.2078179334205585,0.20514368203238006,1.7517547987198374,2.50270672095306,2.5043895273574552,2.5027400199029888,0.15454831763396662,-0.23520300126450067,0.1330599224224663,0.3248953409091832,0.20685279358128317,-0.017963594232847366,-0.021687944744973275,0.016229569399815735,-0.0001669401826303792,-0.005438710135465867,0.0020272111176249485,0.24573013549042094,-0.035131564740423754,-0.012233238849298418,1.5201766813745776,0.23327972458868737,0.181016071638647,-1.6542021281513128,-1.7733858044750168,1.7733858101574214,-0.19693274124766588,-0.21319786340047434,-0.18968230234765576,0.3297343900804037,0.221520793207019,-0.14005698296646776,-0.8522720634607027,-0.9319716758624931,0.7713282726901818,0.641009599239659,1.7394908668242741,-1.3184996061662198,-0.6793697616074129,0.1904045707093579,0.5841336857253958,1.227098740423048,-1.0318254103900477,0.27892980435857934,0.19657886317146642,0.2740392115045361,0.35967913788660116,-1.367554318287836,-0.18785186956539368,0.04235589147786638,1.9535771739062968,1.1879382086346253,0.18544569300519959,-0.19148799117714513,-0.9330552757443097,0.6971289199197924,0.17483830179091503,-1.1969285172494024,-0.4617500584896982,-0.7384960045583241,0.27745217131478683,-1.1184137923308821,-1.9199351955700825,0.6586943162871274,1.1879382086346253,-0.19148799117714513,-0.27852026186805257,-1.4908767769323257,-1.548420888226803,-0.2185329872935228,-0.27212613925724594,-1.6043824436390373,-0.11757927025044311,0.12654737061249346,-0.18294258327364168,0.12276943394033438,0.125940339713958,0.06745700760718755,-0.22586933488881186,0.07692474566162277,0.1281867570123556,0.0,1.749926629718822,0
0.33591230482430506,0.18919424697753534,0.3278239793506084,0.5222897533007874,0.5224951454592485,0.3248178932488234,0.1664000064680676,0.1342328513022039,0.05758980704214454,0.17730018922183152,-0.6569340892892199,1.4194626207099017,0.2262351421535285,0.5840882192241298,1.6558653347703252,0.05224007508219169,0.05220401299887902,0.04824861622577053,0.22988209190641534,0.01647752718314713,-0.632678576988987,0.1300187663598548,0.1861239133239898,0.027641759939901502,-0.016724764096432893,0.02115108244484439,0.006226430401923427,0.0424453052879801,0.3795885670447065,0.2928704778427669,-0.39538221495119424,0.12584855906429185,1.7590962688526035,1.4641737958590513,0.028153616767759536,-1.462594140487926,-1.5008817148715636,1.500881718495768,0.1949037024786412,-0.22806620375164324,-0.18968230234765576,0.13392779657574877,0.20127461989875664,-0.17770271754231098,0.0004247485928380228,0.4644755968990764,-0.4224705109495036,1.2412874155722888,-0.6260014571907121,-0.6588848447378602,-1.1538763416164561,0.1300692406887993,-0.8970000272288651,1.8374783867927973,0.5889064231124621,0.8593827727636735,0.5991262078947917,1.4797766406158135,0.6626786847765769,-1.354320848607754,0.20128200702955487,-0.03591656861973006,1.6294782887160253,-0.35671419826406836,0.35655865596270114,-0.18858717750551335,-0.8807040716190295,0.539346508080137,0.26032225366901623,0.13857161978747504,-0.5048968481575427,-0.7384960045582346,0.18694897031989322,1.7424517928642436,0.07459016783721399,0.136685434962698,-0.35671419826406836,-0.18858717750551335,-0.2653534445453811,-0.011039033677053833,0.014089019000957053,0.17010361288896825,0.04295777331917451,-1.829136485000054,-0.11757927025044311,0.23793971758319438,-1.085480401736645,0.13517972024797636,0.522537622327684,0.07740114908864143,-0.21068124443412345,0.046005617556547515,0.07160412220050515,0.0,1.4762848766854784,0
-1.3547475622232716,-1.3224807714701974,-1.3222811646548511,-5.810618007951546,-5.838006853253669,-2.5654608048239513,-1.559837787289133,-1.338283930028897,-0.5175767098787086,-1.6151200358279345,-0.6569340892886405,1.618555814806069,-1.1479351028987914,0.5647820548678428,-0.7504742903779114,-1.0033564424952628,-0.9928310448411641,-0.9946208024568846,-0.635044578339178,-0.5862552410055301,-1.8715445841019207,-0.8828271603548541,-0.6262489643653563,-0.25165694508428,-0.056153655947700415,-0.06963731248800804,-0.10904318186682727,-0.09172986988711364,0.95062255574449,0.16963261622193518,-0.8558192593231811,-0.3569039467425863,-0.027372375560120284,0.21920770995092947,-0.02091184612528071,-0.2075679581684031,-0.13213653205040554,0.13213652942802534,-0.6926078321129082,-0.05115540782663514,-0.18968230234765576,-0.910545221047392,-0.5933410993963614,-0.31644541836986423,-1.7662417899233351,0.6649070597128378,-0.6707467536069899,-0.7774356691932535,1.4023370515064202,-1.762415919440643,-1.8666409747532076,-0.15611635221969217,-0.6075369713269125,-0.2889176164826485,-0.8675166642707592,-1.287547607676665,0.6867735859013246,0.2061932541164535,0.5870432144213665,-1.1548689319903649,-0.5705117384629734,0.039818388200534106,-0.27305651332143543,-1.6793297022858134,-0.08772256855512625,-0.15622665949002001,1.7071882185850447,-1.2510817551891598,-2.7771115748769066,0.19953465889201752,-0.43009581914535344,-0.7384960045579844,0.01805561132078685,-1.1184137923304052,-1.9221996676889945,1.1861097657283368,-1.6793297022858134,-0.15622665949002001,0.3628966705453726,-0.5442465572620998,-0.16588778662609485,-1.1793266827571969,-0.12210921663954648,0.0827003671783054,-0.11757927025044311,-1.1053976638266845,-0.9964640341215516,0.03987253313851294,-5.810483851883399,-0.1515406005677014,-0.08619227092480869,-0.011567034055139655,-0.0350749319711416,0.0,0.1684369018554815,0
0.31655450758581943,0.14481124373528265,0.3073119206598535,-0.16239777292285246,-0.16910899565919776,-0.12745285264754927,0.11927844131184875,0.12072851053448634,0.09510517230562751,0.14790374144914062,-0.6569340892893621,0.8907528602841929,-0.10583640178032686,-0.8735351282700652,-0.7504742903779114,1.0391308747577646,1.0356425758134638,1.0324966244386895,0.22988209190641534,-0.04968708733019353,0.31317895281517105,-0.1442354202504908,0.12589386877781333,-0.010667652623763959,-0.0752030799599287,0.028432417297731893,0.015721704110746478,0.017415691887432735,-0.3984831291566241,0.19995707729228632,-0.008293183042971842,-0.02378488810797281,-0.5933406311157065,-0.20019448796321287,0.14639840148944624,-0.6715889494530278,-0.5762486972232442,0.576248695734993,0.015930612664905325,-0.1365544447126386,-0.18968230234765576,-0.14731823199429078,0.13869046405857857,-0.21539247750201673,-0.31220645171584427,-0.2111727761016206,0.2562673136949128,-0.7774356691933136,-0.6260014571909999,-0.4485681523340161,-0.13066158301990383,0.03118390992273999,0.14707030496529971,-0.5851473495850339,-0.5151400841984085,-0.8819180155835302,-0.4968592609345248,-0.2834409905397842,-0.5745205379451083,-0.2171181903550711,-0.07587581294250181,-0.5225305771900023,-0.45151869814540974,0.32363948409678334,-0.16560507956273166,-0.11467514357885121,0.07455923583168504,0.20326695063523903,0.21904371475067244,-0.10747043011695391,-0.5795892411597781,1.558039326291163,-0.11167348268811707,0.8377520675335821,-0.10834531831451627,0.11396047952250683,0.32363948409678334,-0.11467514357885121,-0.15364545009010244,-0.2647975840296029,-0.0923891432917559,-0.07785600034009124,-0.0200320132991085,0.5951091411464433,-0.11757927025044311,0.18085478823407286,-0.7657177994799058,-5.142469057031616,-0.1622229833428229,0.07422055963425706,-0.13903181993911545,0.38732839981052486,0.5627938661966202,0.0,0.6040943452910444,0
-2.359887916542935,-2.446729203424831,-2.291223901009799,-0.30546824523887633,-0.3044695995785574,-2.9740317972339305,-1.5846566665720323,-1.3588592634011827,0.0014744312342727527,-1.63943596702916,-0.6569340892839539,-0.9266921167918514,-0.5286527653876829,-0.46340043097099,-0.7504742903779114,-2.0534014592519543,-2.028506537154972,-2.0270188264369304,-1.9008870583133288,-3.411610780784705,-1.5287073554565274,-3.3404481401639656,-4.594225348380628,-0.13217412444435103,-0.017517540213203432,0.050207704109395,0.04439682359688452,0.03973264484985536,2.603581643967605,1.1700428439520363,-0.6238235744652177,-9.43243821330649,-1.0890766753281207,-0.18832975837607369,-0.00908028820463106,2.435636875204827,1.9675468833269645,-1.9675468759116277,-0.4421561786212506,3.688487504641501,-0.18968230234765576,-1.7977661159059846,-0.8839075864149656,0.06288133221462712,-1.22362079152711,-0.30239165392405165,0.32738411586164856,-0.7774356691932247,-0.6260014571888238,2.0841214157842884,-0.9148046943305819,-4.6925443673702665,-1.4287772306181865,-1.7327882194559607,1.4960378474912261,0.7972842513397581,2.136808396410877,-0.35970459902024526,0.7909671265531582,2.421247481599479,-0.5890831563176555,-0.1165984436123009,-1.6105526670803494,1.5491692794752447,-2.602925782252325,3.412610029194395,-1.0206104339348374,-2.2137662345427134,-0.9785473339073514,1.6599090592847894,-0.33006494526253216,-0.738496004557473,-0.44889331419759687,-1.1184137923285797,8.219717492900159,-1.6018587820352097,1.5491692794752447,3.412610029194395,-0.2899046112435301,5.957114086564177,0.7553914100215632,-2.2432154679183878,12.369082300102539,1.0336643311035756,-0.11757927025044311,-1.7519269925129741,-0.8674332868900737,0.023922144175194445,-0.30564848778568054,-3.1475481265229535,2.7317805954939227,0.0010755801663957906,-0.011503540831608221,0.0,-1.9670940016904823,0
1.5508398647431287,1.3156670953000902,1.348275578206961,0.657382984060503,0.657325268454907,1.4753911467844942,0.34552314863691574,0.2746664687538159,0.07237128388975374,0.30917909000482985,1.6880207999325678,0.7494701419339755,0.6115890309790823,3.513969143281064,1.4665954254634253,0.5876455958750609,0.5849121717290976,0.5812046384608198,0.9607136963501928,0.4091272659893144,0.612755594132779,1.3593279585921503,1.0696062109351918,0.14196678789668932,0.04225810271444363,0.09806344956165863,0.10902321467809478,0.10582117339519352,2.6774271361711848,0.4037515917883466,0.588830549614525,0.07330411693707717,1.8184398755837727,1.7603387270507966,0.004685099439787931,-0.8402106011434767,-0.7522777312418178,0.7522777304704037,0.8155130772021952,-0.15736854177015017,-0.18968230234765576,1.3713155640424706,1.0713155074004612,-0.20827090281008423,0.9303523013839639,0.8172539681073864,-0.8672877987406551,-0.7774356691932652,-0.6260014571891431,0.31064798054680914,-0.0471075533649701,0.6250568165234901,-0.8505919045407113,2.0020487128196875,1.3008574532103236,1.0029332463687601,1.9577867237136015,1.7988243130885597,1.8994322332014897,-1.358751105952167,0.25094508599224885,-0.07613291959878406,0.9842222612935845,-1.5307164862876348,0.5453070520312082,-0.17996114531061325,0.31709530399196173,1.1301257435205243,1.0918437222426742,-0.2996282630522506,-0.5497460658097739,-0.7384960045582626,0.08616470756724276,-1.1184137923306374,0.6833601868394591,-0.5555486934662434,-1.5307164862876348,-0.17996114531061325,0.0893935877188824,1.7159771449074028,0.6679158309407928,0.5259627458952081,0.37215581658838814,-1.8814521774380812,-0.11757927025044311,1.3300241838172766,-0.5636636907790168,0.22683658851485436,0.6576038788257247,0.17928042181322035,-0.15582745728243688,0.022770592093069177,0.028655382102636094,0.0,0.7702020350275847,0
0.26982043448779164,0.2510746688384593,0.21784473164010373,0.397627868749091,0.3980446506471928,0.4157138727685386,0.13580707333793673,0.11431494828464153,0.017704898348354214,0.14742191637432564,-0.6569340892893037,-0.9266921167982761,0.0307776725170349,0.5840882192241298,1.673229869784025,0.3836382069245213,0.3816852002756726,0.3777980251508868,0.2392628814739492,0.6263176995835106,0.45544662800614805,0.47577110164022196,0.19649085380679734,0.06687020869835245,0.021946558261729705,0.03574535987287817,0.029106249239155273,0.06769625928147986,0.6216203609672167,0.2515620774034408,0.06703592783404409,0.262737368599001,-0.6788704382466849,-0.026146480397806263,0.36389565727753265,0.705473204375073,0.6973622320772664,-0.697362233502229,-0.9126324609778079,0.15787648329855045,-0.18968230234765576,0.4826105677759747,0.21098305537865641,-0.20559954707408923,-0.25617666949703355,0.3194343132975172,-0.25529978858679686,-0.7774356691932928,-0.6260014571910664,0.21017397591420933,-0.455319480033623,0.2323182803109083,0.5955949725713808,-0.7288878603376618,0.3541367242090233,-0.22875619779939219,1.4194981246283784,-0.1510987976607521,0.40531876710426407,0.6323840263382018,0.03984931457437654,-0.23167961998824602,-1.0667577462356406,-0.24608848870231484,-0.24190083981613014,0.06575078807768936,0.4822552862069876,0.48211159992320307,0.18737174621449837,-0.1383327127737119,-0.5365418616933664,-0.7384960045582192,-0.13196126104254188,-1.1184137923306918,0.14266601482459046,0.8508722826692048,-0.24608848870231484,0.06575078807768936,0.2031626130748599,0.07326061549352295,0.01987473418909411,0.3979191478244807,0.0843282113220262,0.6698399655217125,-0.11757927025044311,0.15266947533739408,1.4413401837631885,0.0005850951317526623,0.39780335566443015,0.07473794590556429,0.08711833109136709,0.6375527970405465,0.7414913415523818,0.0,-0.7325469162520535,0
-0.0634209925739245,-0.04242114708996056,0.011791658238998639,0.46492526049549265,0.4662522604693936,0.3858828107003442,-0.005329716542338016,0.00921187925634877,-0.10070718056959138,0.0864675050665406,-0.656934089289264,0.9483981825386453,-0.010658483588693384,0.5612206789004213,-0.7504742903779114,-0.1889430916366487,-0.18707027152182298,-0.1907774204494439,0.06914517787422303,0.13639801954995795,-0.8131349201147514,0.12347711669061094,-0.09578355612859178,0.0507711184537927,0.006154409437988543,0.03247547412840142,0.021013462290197904,-0.05334040269305698,0.18208168965181504,0.12940562849282508,0.0223641931781072,0.1254277657340794,-1.2600759682885092,-0.9265495892746494,-0.27206267552194896,0.4403232164329913,0.4551945725421526,-0.45519457477555236,-0.5255204082839341,-0.08636428517671751,-0.18968230234765576,0.12593260270921103,-0.08990949794858112,-0.2244237675110498,-1.0329564644758826,0.1836004473218149,-0.10889745271342471,1.4704711128846348,1.7497789845118636,-0.739130246101524,-1.4240526430531069,0.11137234125886611,-0.6472040255461007,-1.0819912700152097,-1.0359878491853043,-1.2159790749026094,-0.6507859936909096,-0.9973064410404447,-0.6957539746293562,0.09295266026621794,-0.016390013294590763,-0.19425406879148396,-0.44297129826191667,-0.7754777282751855,-0.343989690786369,-0.026599830072094467,-0.11818905699994924,-0.09220756151136117,-0.016586319526537233,0.5232990963245542,-0.5466695831703103,-0.7384960045583003,-0.2258283167496218,1.2492620911066432,0.12228834275904824,0.19491585557502938,-0.7754777282751855,-0.026599830072094467,-0.16313249123207588,0.013174203569722837,0.007884436629490286,0.1651703403247873,0.05644697821928908,1.1916843381895235,-0.11757927025044311,-0.05945221976764711,-0.16705414935119295,-0.13907026992899046,0.46505577132559867,0.03372937690672425,0.020900542333125965,-0.2874070893024488,-0.699996268091889,0.0,-0.4643875256745795,0
1.6116849155151802,1.17493029256432,1.3758332119288348,1.3359270014487705,1.337272590629879,2.035462098812703,0.4226708594358626,0.3204471076805954,0.08084795820319624,0.3650156943419604,-0.6569340892892795,0.011567756369860741,1.5329254383815478,-2.3465309187284045,1.526127614036892,0.7723727579150684,0.7691750202246839,0.7656800559839015,0.8599539796270714,0.8169345336460676,0.1306990829551578,1.1793349427246773,0.9647420037557113,0.08811714597941825,0.05158212602552128,0.21258119656410016,0.2698653977219899,0.3011426068067814,1.0860165326713036,0.45075904657280014,0.745264358232231,0.3758886079845383,1.3313395335323064,1.4221090921818311,0.004649693640922359,-1.5955837257183418,-1.6872669883326095,1.6872669933411344,-0.3177421174881593,-0.23457274885003987,-0.18968230234765576,1.1915052106774524,0.9700669187169197,-0.26671738259132316,0.4432364750683745,0.2106425909826214,-0.13506487990598448,-0.7774356691933109,-0.6260014571908685,-0.31108498341551577,-0.9342569719005895,0.38349232410420675,-0.4223953599680141,0.7609410872058757,0.2601665533255829,-0.25721928236723346,1.3091373387108383,1.40719442357262,1.3378366372368697,-1.4507673942683135,1.4144514348868302,-0.07634656661144348,0.38317001141050927,0.0334024448348967,0.09317922597322276,-0.1938988314485357,-1.0206104339348374,1.0680565867637348,0.912896298309993,0.0905252955053874,-0.5752621263463678,-0.7384960045583087,0.015044465193446465,-1.118413792330825,0.3383240470766584,0.7632437897947689,0.0334024448348967,-0.1938988314485357,-0.2899046112435301,0.545237259306505,0.4902041210505653,1.266142267772203,0.1346366057034108,-1.4122191766768513,-0.11757927025044311,1.3093599737101322,-0.6635315976637386,0.10886861310941601,1.3360410422987397,0.15245017294154012,-0.22129157155734214,0.022726441920720028,0.028573747629856438,0.0,1.661521052731869,0
1.549284775995495,1.2901326570613263,1.3666359718737702,0.4006793739574877,0.4010913494477491,1.1481876141399887,0.33243003757370637,0.26560927530157863,0.09664305353296282,0.3090445582149533,1.6482199864471243,-0.13778983692598235,0.19638072614589727,-0.12036442817392969,1.4613846153433336,1.5331817232119187,1.5302402128350052,1.5277473162985853,1.1296905184768369,0.5594714196288249,0.8446720598283799,1.3726009305010556,1.494533838325922,0.17452482337854855,0.07129161326541697,0.1659002399574902,0.2034865547247374,0.21179839524030636,-1.5771875476192945,1.21369408505966,1.3214752133011187,0.20505661342349524,1.0317449728947294,1.277186579524906,0.01308730395169128,-1.122076396674139,-1.0688971725733347,1.0688971734142652,0.5728239863700341,-0.2058489443161095,0.006441607536813909,1.385110678225529,1.206638983627214,-0.22522434743477188,0.9423349206085243,0.3220590024691515,-0.2571554978821362,-0.7774356691922037,-0.6260014571898093,0.4526019553323968,0.11471064773719769,0.6037560936543809,-0.39606537138111764,0.9396651197872313,1.0195839446783281,0.30756230482511177,1.1885393903973522,1.2797436081224454,0.8410337913101327,-0.8730760757603409,0.1910472421515317,-0.09900482770674361,-1.0899852678627513,-0.17027977230102476,0.18216117656064001,-0.1621944953112555,-0.29306551940538456,0.9125952432931216,1.242340331313977,-0.9558472920214142,-0.5565569268303232,-0.7384960045582472,0.0278455833599927,-1.118413792330854,0.3746540814652061,-0.3639671130528677,-0.17027977230102476,-0.1621944953112555,-0.16228105624184047,0.648505450077251,0.32972656519429366,0.3014594969969104,0.16843547158943173,-1.0866355720515244,-0.11757927025044311,1.01955400111794,-0.7831864741428708,0.2463772511681739,0.40060376613960486,0.14551678696119708,-0.18186746229001666,0.033311977545393695,0.04815287509621612,0.0,1.0664808970663884,0
0.051069037939082705,-0.283979840812183,-0.03576788678728824,-0.9523976938474376,-0.9520210181197746,-0.6954256120059993,-0.08941873369776666,-0.0679273872194371,0.039079196751297646,-0.07514762634225285,-0.6569340892893951,-0.9266921167980977,-0.06338428103213882,-0.06509422810117162,-0.7504742903779114,-0.4902454382900121,-0.4855105278394409,-0.48863960312621035,-0.15243192281128498,-0.09709483370584378,-1.040179987818425,-0.45196656399024276,-0.18843890838679586,0.022999275352555762,-0.00741847754576164,0.05449349743201415,0.050093849304261945,0.04827156806539493,0.7164157136307433,0.30961968621576846,0.14384217925688905,0.05783580000463212,0.4658315676043168,0.6424145938484019,-0.07445391906923986,-0.09799925916958903,-0.03226830588209686,0.03226830315892222,-0.6888422040006631,-0.037206547510321264,-0.18968230234765576,-0.4625971625654961,-0.172600168125194,-0.2684035998442558,-0.6815396393261278,0.42578581929367976,-0.3755531217955785,-0.7774356691933199,1.6826397010306293,-0.7067047537882568,-0.12378560627667783,-0.47742878937019645,1.3749248230166569,0.05587564863890539,-0.38262512577731,-0.8232706330045807,1.024743936823848,0.6114003683456791,0.8374204618704494,-1.1065700664999116,-0.08432195121496551,-0.03696052944724422,0.005826333995902968,-1.6830690024419266,0.021891032320064757,-0.1502279361139658,1.4917878076039761,-0.3939858704618175,-1.3966547764038086,-1.1543248827418837,-0.5388927419790634,-0.7384960045582459,0.003519046448887145,-1.1184137923307347,0.7123656385638102,1.1784525938277362,-1.6830690024419266,-0.1502279361139658,0.4171501184825014,0.6354940929368763,0.18291950292178832,-0.07169046685948191,0.21667402745531192,-0.44140322434466434,-0.11757927025044311,-0.2658351050520033,2.0440158660287153,0.013640988329015,-0.9524823367164544,0.0068166783833910945,-0.07171077975779154,-0.07417971874846681,-0.15643449123579417,0.0,0.06628457067829849,0
0.24760273198475063,0.14075969068797736,0.2903105760008756,-0.3437193175201552,-0.3427249482535734,0.0773722354757482,0.13052921040457757,0.11617174017925516,0.06483529507527529,0.13532341330499167,0.1750696720320542,0.12704079074562477,0.02244612668618674,-0.77877492541183,1.5531951315600734,0.5992864369341916,0.5965171096856592,0.5928218398167995,0.1852155583301266,0.08005468180941007,0.3821950368860677,0.11692491140892332,0.169526256359447,-0.01680075455087068,-0.027840424677765954,0.022848654784115574,0.008436230563152163,0.002184645386950342,0.508485104065064,0.26594595828377215,-0.15852845366735377,0.0631366130288336,0.4753413508523557,0.5763981213997114,0.05687795894503091,-0.6939176693105016,-0.5990539447968327,0.5990539433936375,0.015084745869548631,-0.19129466189643313,0.37342192059284035,0.11624917191251985,0.18329998029691447,-0.15199060200910502,0.35433090291241004,-0.023062067254479606,0.09357866741050705,-0.7774356691932979,-0.6260014571905529,-0.02313341793499385,-0.9199387871453094,0.1006133260136065,-0.8212577179659012,0.27324268326504264,-0.00011352163398313721,-0.23759635103652052,-1.1370505071983346,0.49758125488287525,-0.806159743480489,-0.6589395573458504,0.014673217909779502,-0.010280831028154015,0.3647815272074292,-0.6471810952692376,0.046633076972599226,-0.14083031849881972,0.11532877218572031,0.5236166672807335,0.3151631728713988,-1.2301339047151938,-0.5740903473807191,-0.7384960045583283,-0.03094543487182091,-0.3187553422057691,0.05890758116572121,0.17781480784541512,-0.6471810952692376,-0.14083031849881972,-0.08974390136104594,-0.03508555737604777,-0.0035161421901540413,0.09983318492044925,0.0385018720140628,-0.4521468556033226,-0.11757927025044311,0.1825174224571341,1.059979838067058,-0.014172061462363484,-0.34368529332859915,0.07435080256723296,-0.1413161693410306,0.08482403969425517,0.14244124628677668,0.0,0.6257337256433859,0
0.8868353668082594,0.953487178980891,0.998041499848142,-0.4221187584681742,-0.42067877734571163,-0.3457262075828369,0.43838119118060476,0.4051289381562552,0.4767111410895423,0.49587750318867513,-0.6569340892893694,-0.9266921167982761,-0.30404616082211106,0.27583413065445306,-0.06022384792657619,1.7101778677169044,1.7077479899185015,1.7054648652721516,1.4898179092891344,-0.38374116693058746,0.447149493045393,-0.5420462815805578,1.2524879512271556,0.04340653913060529,-0.3721121838146348,0.12934261424988447,0.15223905585396177,0.1608283785282668,2.114158883521288,0.4896154937866358,0.567857171210951,-0.06883094046673696,0.8236327217597698,1.042925357286964,0.036122812762852695,-0.33135793515974743,-0.24604140897794322,0.24604140654472925,0.765189497842004,-0.11500936848070391,0.9790270801374275,-0.556687855064016,1.2438875733967862,-0.27603412724156723,-0.3992053443894713,0.07726886557119539,0.00034420552111740947,-0.7774356691931268,-0.6260014571904251,-0.5813548096805968,-0.14178228822370104,-0.12209899672167411,-0.2135054309202425,0.20388257427061632,-0.25507642440571165,-0.8638946453476365,0.8890566281808799,1.033263898598918,0.9394684568481483,-1.4039420347055311,-0.17932432692341507,-0.07964346132829075,-0.41443871368795737,-1.8501707690873488,0.05227529230491029,-0.17354895928443081,1.0124257623283892,1.0356322800324842,1.1103801465910548,-0.8554704237485751,-0.5512248442824104,-0.7384960045582499,0.020431519896012572,-1.1184137923307929,0.5761301464242001,-0.6524226849035754,-1.8501707690873488,-0.17354895928443081,0.11960455157636243,0.5441533154931498,0.1746620614649161,-0.2968348914520705,0.18190050355469276,-0.8506000252381206,-0.11757927025044311,0.9185189435705597,0.43971918644777974,0.11657355031760337,-0.4223418398850459,0.15999512452053372,-0.1014667431393386,0.07066517696859234,0.11682303850100446,0.0,0.2832634845700094,0
0.5605127599813035,0.7376966490987241,0.4682759744767417,2.019182049553806,2.0147827508026777,1.230120663850741,0.3213528193390196,0.25790992864275303,0.07815530194869241,0.25461043029668917,-0.6569340892888257,-0.9266921167982761,0.4541613930271762,0.8803817899572602,1.457554904223981,0.3658517839007699,0.36398073087222427,0.36008172143204864,0.4783618645470793,0.5063572382408357,-0.10891339977940855,0.6929057357827745,0.6035049432385752,0.049325247420777714,-0.006348985537647358,0.06771387948381573,0.06778978998458217,0.05018986784673045,0.616133239857208,0.3366723959912208,0.12711402551312845,0.2675143703392172,1.1586347561653236,0.8892286595037625,0.016744211738257474,-1.0741213981279598,-1.0126016558285251,1.0126016563544693,0.017428391313964266,-0.2191788826140964,-0.18968230234765576,0.7025105468028249,0.6176966764137234,-0.15815475266362436,0.19895770016117473,-0.2790391081912658,0.306918728032633,1.2207039172085385,-0.6260014571906418,-0.3243622335057728,-0.738423793147983,0.34190069690565167,-0.5148352968476998,1.5263885023647235,1.0555836182628082,1.0263907967912285,0.543637461164735,1.1005550011177212,0.16720930890678734,-0.6013642712319931,0.4996870447550137,-0.046297214207751756,0.8490927723538132,0.5347488136319197,0.34734349992355074,-0.14802391149131366,-0.6842010109737118,1.037876163103388,0.42322320139127295,1.0200919044853851,-0.5103894672823905,-0.7384960045582066,0.11881324252174635,1.6221237160933828,0.12091565635301811,0.22640045907589462,0.5347488136319197,-0.14802391149131366,-0.21695335788125714,0.07254144973653069,0.048838135502625155,0.8374398712348736,0.06090750572766619,-1.227149956608992,-0.11757927025044311,0.8289746289589461,-1.093447062429239,0.06843935245949273,2.019142931143717,0.13147029376662775,-0.17760507973157386,0.03790091585269527,0.056637727281665794,0.0,1.0141050918892887,0
1.4710842831401936,1.048737279570203,1.3009181468919055,2.4802660256015554,2.471031940366635,2.7356172261095355,0.40452418704495924,0.30731194094518566,0.009639234805410549,0.36834144347371534,-0.6569340892889353,-0.9266921167982761,0.7441321643569373,0.4864467941268088,1.528842707089871,0.2320711313927909,0.23089095284854375,0.2269286321617039,0.8621991468502704,1.0499229625813218,0.11563536890592742,1.4175719940772618,0.9101825667541315,0.1291885790779638,0.012326513480869536,0.08902165370192593,0.09665922242723829,0.0879647131679509,0.4406680365288315,0.5681203197374738,0.25984868791234333,0.5490832162518368,0.28881852712160705,0.15973672127984484,0.04675236820212181,-0.4614619833054826,-0.36948247606709417,0.36948247392152656,-0.39852634243117063,-0.1139174422573642,-0.18968230234765576,1.4292466874350116,0.9169811210177151,-0.13562964960201188,0.23946918271023981,-0.8807626168160984,0.7378515207912635,1.326606385135497,-0.6260014571908336,0.1654173720034315,-0.6875944347617726,0.5573568632882854,-0.19890079877445885,0.1480050648041522,-0.1040009045729564,-0.2103610192405884,-0.7911408657149092,0.2454514254900176,-0.6682656836217911,-0.4414553481333086,0.578041748179432,0.03399051726666304,0.42828221998170857,-0.6033967381639926,0.02686774431402695,-0.12072867119551015,0.2625202546606876,0.9199500869692824,0.5180671113852368,0.9953472015885659,-0.567091408973767,-0.7384960045583268,-0.03801997022277554,0.2707591902289536,-0.026732936474876796,0.6085210462784232,-0.6033967381639926,-0.12072867119551015,-0.03310514091423266,-0.18351439064060163,-0.05484684217986116,1.5090755044820978,-0.0014362525247076034,-0.2446169442083308,-0.11757927025044311,1.1271326595979438,-1.044866529990616,0.04380030268669955,2.4803828021230956,0.1761376777304758,-0.1165081223693006,0.07235942224136185,0.1199043347510378,0.0,0.40449091445668695,0
-1.3818603583225597,-1.2556677848384508,-1.3488505663346435,-2.598779543803789,-2.6041434631717717,-2.428304585758657,-1.2487914885613705,-1.079026803149313,-0.2526402934225413,-1.3349979483076102,-0.6569340892872302,-0.9266921167978288,-1.2235150757084632,0.09816901312656474,-0.7504742903779114,-0.6958399367685479,-0.6889073595845354,-0.6915385479282545,-0.6124437770671819,-1.276822723758741,-1.8205996741425352,-0.9504170721000976,-0.6005854619516576,0.0471815040800279,-0.044153218370783336,-0.02468848575960247,-0.0526301187031156,-0.0578645852404528,1.8675766317642668,0.3225944840040627,-0.7434991135742522,-1.1882507758676903,0.1255709529177778,0.0023928943979106567,-0.004941257258272707,-0.7274383618245435,-0.6333378677382044,0.6333378664673424,-0.5453014861804835,-0.14537857670190965,-0.18968230234765576,-0.9790094566841139,-0.5481320625731276,-0.16690530659060307,-1.634994544998483,-0.8243959506184726,0.6970551766644134,1.1902105395687839,1.6077540685463516,-1.762415919440643,-1.8408413545073676,-0.1799879748800311,-0.8658616763758991,0.11438756178758572,-0.09764955750786518,0.1464571402306904,0.7516982927845273,-0.11282534267648371,0.055540512354576306,0.05024706696536511,-1.4674846303723657,0.12645271770142164,0.6163314092946476,1.4943635074330475,0.0028963532097819674,-0.10033584244888741,-1.0206104339348374,-0.9854701703159778,-1.31560727290824,0.7081372011242354,-0.28649623867561574,-0.7384960045577426,0.2577625301163867,-1.1184137923304351,-4.795763255601159,0.6868603471459691,1.4943635074330475,-0.10033584244888741,-0.2899046112435301,-1.3221554981721886,-0.5497864005397874,-2.408416341145942,-0.3325810144293675,-0.07070158683070046,-0.11757927025044311,-0.9795337147173329,-1.2406876225859258,0.02420120195822581,-2.5986500168243793,-0.09570517688945483,-0.14469969557428636,0.007638332759672624,0.0006680079055161988,0.0,0.6583111993777196,0
-1.787168869506243,-1.5688054848999609,-1.7860756656327068,0.05287942061201314,0.05962983420521969,-0.29445961874240434,-0.7473812140286228,-0.665734569639684,-0.6998056432598317,-0.7906656478717902,-0.6569340892891702,-0.9266921167981075,0.04039196039342163,-0.07958671479638353,-0.7504742903779114,-0.5326659094324492,-0.5274924021342196,-0.5305242276666083,-1.895602218442945,0.03298085939921525,-0.8872884009699659,-0.2007136759675204,-1.5842996091659576,-0.03108452505943473,-0.31952800714378726,-0.8473900237517009,-0.9908120974804081,-0.88868351435533,-0.19317674990063094,-0.9515185299493244,-1.6748637976516616,0.13426041982605752,0.49071541698999727,0.5591341522474691,-0.0016663331044255573,0.38902441429905127,0.4083670476936775,-0.40836705004331586,1.6119466769538013,-0.12721785660213797,0.4932727419638571,-0.20452552331795712,-1.7214409989994202,-0.20404106168860278,-0.8876118710600448,-1.133393516371144,0.9039585672817135,-0.777435669193358,-0.626001457186853,-0.9784583579825088,-0.23903750122181755,-0.07055009192177414,-1.3821568115370302,0.23805502216196162,0.19954831348188545,-0.35778890967873916,-0.8895595741498309,0.7264671281853753,-0.6533446830644206,-0.7675546969422534,-0.03285297712353205,-0.06195641103818652,-0.4103929279466163,-1.6023860470311488,0.14218039457919415,-0.1055867490233791,-1.0206104339348374,-1.097282604716087,-0.8422195439055996,1.5072232612130636,-0.505737967720755,-0.7384960045581509,0.04473289479308969,0.7476325432078166,-0.486914382211869,-1.5918849864056512,-1.6023860470311488,-0.1055867490233791,-0.2899046112435301,-0.48936625680740037,-0.11922456313228716,0.10727664938441232,-0.14563380991451447,-0.46954188331686525,-0.11757927025044311,-1.4135152515430238,-0.5603270709164864,0.08365668392793237,0.052863226529336727,-0.29413276646928815,0.009996995825562587,0.012600611798579395,0.009852567372302617,0.0,-0.41217153820521296,0
2.431228577606345,1.851769830604257,1.9780606914264918,0.9811579395573962,0.9803334688876879,1.6530677493421115,0.4136461783852514,0.31540094515291567,0.11049001898354886,0.36418509325636017,-0.6569340892893566,-0.9266921167982761,0.06464580721487766,3.0843951237972966,1.5200982683232256,0.8145059484814743,0.811233135694384,0.8077909488236393,1.5442304281652037,0.20428354434461787,0.9827374811606241,1.9478750398393827,1.7850719297974171,0.13042365120919258,0.03211174120980824,0.09287199983603935,0.10191659969161554,0.10094485064756076,2.3074305170550793,0.5966918786544929,0.68680658553689,0.02723589669323422,0.8692367542114546,1.203962196811843,0.004968314116682804,-0.681779865710864,-0.5866547268203138,0.5866547253705772,0.39294487437893294,-0.23457274885003987,-0.18968230234765576,1.9575259747934806,1.7194299175308696,-0.3071029069701177,1.089110316091929,1.3284587886841435,-1.552142031973086,-0.7489759298957295,-0.6260014571891179,0.660443137092915,-1.012434319149909,0.3182081670961837,-1.3592354785286993,0.9294363460582603,1.282447363643165,0.49986720884876407,-0.813182156327249,1.1892747180166974,-0.654742158404733,-0.5676375397163709,0.05646093838529434,-0.10840800033381097,-1.732837030777938,-0.4950953590632852,0.2369263513490228,-0.13539171493125934,-1.0206104339348374,1.5094307122626756,1.0650793605116609,0.2453716152136896,-0.576988853756016,-0.7384960045582878,-0.010590739190382637,-0.12746610047364898,0.0745491678018941,-0.41840986102874056,-0.4950953590632852,-0.13539171493125934,-0.2899046112435301,0.009001855722646257,0.013173134174114375,0.18667788067370902,0.0490543592907318,-0.9027575880132924,-0.11757927025044311,1.9353989838584866,0.025382374195292583,0.103471693221387,0.9812281363484884,0.2355733005981819,-0.14007428192811427,0.023096009552397503,0.029257101341337285,0.0,0.6139346360874748,0
0.08899736980925335,0.2402716119420885,0.11288013223345471,2.3070462246115913,2.2914143454561717,0.36935120326321563,0.41391504404458895,0.3533215103402309,0.2793565548833422,0.4078138652744464,-0.6569340892884798,-0.9266921167978677,0.3204457476455888,-1.2180104349799168,1.1408696583222058,1.3130216761024245,1.3096707967450818,1.306894556220599,0.31170836299436067,0.10120142838813637,-1.4684458948663406,0.010573437158076404,0.2730545725577893,-0.012068841333453373,-0.043188068453637755,0.033895620488620874,0.02287559881400928,0.01756430613390774,0.4926836410469898,0.35869916429319393,-0.11762436618338495,0.1191135439113867,-0.3140274965420308,0.2287431773084128,0.009845048939849131,-1.6328302908761345,-1.7414480633822291,1.7414480688122667,1.5210010344139844,-0.2253096612903741,-0.06928430133156933,0.011792839598222506,0.28839854222151706,-0.3543497311964296,-1.7220901367171488,-0.46584695052672703,0.45073356472185716,-0.7774356691932911,-0.6260014571907606,-1.9219281010138045,-0.6948179030950355,0.1882462104642183,-0.3403134323433727,-0.44972833559371067,-1.4685517157337367,-1.9375712113706136,-0.08422200873204197,0.17943684736307192,0.47798927939085073,-1.724085174603039,0.2147997948565789,0.06540259427028529,-1.144913260923099,-0.8764158681048382,-0.13593208831458334,-0.20426677640311025,0.39982906368676074,1.4307642730507382,0.4800199953704907,-0.9608347854479105,-0.5438664895415685,-0.7384960045582278,-0.08349783782588692,-1.1184137923307447,-0.5713148203033442,-1.2556302293196904,-0.8764158681048382,-0.20426677640311025,-0.23799137042075746,-0.22240499618641313,-0.181753925200344,0.10165186394475602,0.003930468355024789,0.3486772592754769,-0.11757927025044311,0.29567903223666947,1.3561158310619947,0.042011899133697544,2.3071749557713095,0.08145052212499714,-0.22419686734430508,0.029960131503740575,0.041953050984102805,0.0,1.7169373283306169,0
0.17797356459618371,0.16049644551844164,0.21320371653184267,-0.43520494165410595,-0.43423826939579596,0.07796247486001794,0.1327718527021245,0.11658494126266888,0.06684412217801207,0.13842537602832888,1.3853889160540267,-0.9266921167982761,0.1238634784528464,-0.46340043097099,1.605435461280975,0.48042801500805293,0.47806861167537157,0.4742574949929035,0.18757095442798075,0.31621749444234043,0.19877498738253888,0.09060865521995846,0.167450625694178,-0.07240833578034188,-0.04169150674511139,0.0222158271270466,0.007612176879365426,0.0019674289534076855,0.18208168965181504,0.2528017915639098,-0.10307383608507537,0.1885526653048566,-0.33484924201477767,-0.7296604322321533,0.18712495341072732,-0.5468198496840632,-0.4520525496788869,0.45205254777052806,-0.7646125874342712,-0.09575966835371395,-0.08473347029184253,0.09445360639936111,0.18118228125192576,-0.15971772137698842,0.1141993769235824,0.8382557165516975,-0.8950949454206214,1.4637167463677583,-0.6260014571910826,-0.1360233838931544,0.4920196046055269,0.20073718690554349,1.231744155328044,-0.39505637000310895,-1.1522053191274146,-0.6752409793500243,-0.6179767981007084,-0.9280531656484424,-0.624441981811871,-0.24530549068579344,0.13282836171767987,1.4364598745193655,0.7125773872574522,-0.0640812044308427,-0.12031831318789118,-0.11174201994350835,0.2538779328798995,0.34184275736266223,0.41011614277085345,-1.7811358779906057,-0.5822366073985868,1.200631362410768,-0.09085844557317595,-0.8620857748411169,-0.12354620593652003,1.0477805531266327,-0.0640812044308427,-0.11174201994350835,-0.09230845720223921,-0.3287924363709831,-0.11067744236171868,0.38336186942663564,-0.04053535291109169,0.36736491324658443,-0.11757927025044311,0.17608524772200243,0.33776622284389046,0.2119451112447705,-0.4350197055101755,0.07399015157749485,-0.12589566270021274,0.24452434591160058,0.3976143841121794,0.0,0.4848180179058721,0
0.8846878893544127,0.4537996522769702,1.0162626937592103,0.31854580410724076,0.3190806034319147,0.5210532125494844,0.20386962416017862,0.18974779349423831,0.06293758767155543,0.21600467774538307,-0.6569340892893721,1.5393634473923044,0.712249518433997,-1.1861225251895153,-0.7504742903779114,-0.09102328761511894,-0.08997200617501673,-0.09380996322788418,0.2930551475660529,0.25098472926735654,-0.6580319249204786,0.2045174413327858,0.24618357840974603,0.8868366864814676,0.15616397037665092,0.20917023351676067,0.2649836656693314,0.2691228060232334,1.3373128330228166,0.3540334749226371,0.8368879166811536,0.28121230856889406,0.9413626283292045,1.0222785377977555,0.007938702559257925,-1.5706978900473803,-1.6517557033390495,1.6517557080758842,-0.6935178760471167,-0.1983858425066542,-0.18968230234765576,0.2097246659660556,0.2603785868430694,-0.28951344796846434,0.2788278458409102,0.5099463105560201,-0.47745848858987466,-0.777435669193021,1.7508387676955526,-0.5361304008596948,-0.15504125797391918,0.31779788700763417,0.8516937217792195,0.5125365889598938,0.28466911413384605,-0.34496350497342815,-0.44756987641808404,1.1408626508566209,-0.22730787854460127,-1.1765829890412343,0.8748193221208956,-0.0837683147690449,-0.4152987535029892,1.4379900812883282,0.0443872655898909,-0.18311378457497815,-1.0206104339348374,-0.11231959140930566,0.6038238091598127,-0.4621278241788026,-0.5685786600091878,-0.7384960045582866,0.004684010126789939,0.7317415026220977,0.04454897703513848,1.1951986618346577,1.4379900812883282,-0.18311378457497815,-0.2899046112435301,-0.05939849427826649,-0.023781771521353398,0.7724053458300187,0.03403099543393589,-0.9847689268231027,-0.11757927025044311,0.5001218270134711,-0.9347742485322045,-0.08380459624537828,0.3184344880411726,0.0977724498509689,-0.21932589259184015,0.024473298281907464,0.03180406687786921,0.0,1.6252832795916812,0
0.3152671100048765,0.37738885948795414,0.35535880544295195,2.1774726481934517,2.6286237271397144,2.110148645328148,0.3490384627359118,0.3007251821498339,0.017313981074317666,0.321869096903182,-0.6569340892887572,0.011567756369860741,-0.37541580263594915,-0.07594685956670917,1.1089591409441117,-0.010066618513511637,-0.00964764965269726,-0.013564338146384936,0.27904615179640757,-0.28541657171386614,-1.383052609138473,0.26827146433373866,0.2585894933223388,0.08908029504496247,-0.0013840950074753661,0.13651129570887882,0.16223038726019792,0.14421188358074996,0.7677534215544705,0.39600168910054045,0.22098091197393083,-0.0452116049604336,0.2771087977616627,0.6525600604372387,0.08266457526669412,-0.751874720567857,-0.6587362079282073,0.6587362067587927,-0.5298500123048953,-0.10895960568167803,-0.18968230234765576,0.26097746640068076,0.26749794510598496,-0.2869424355721878,-1.2629536132605135,-1.2038714521837925,0.9464760637066802,-0.7774356691933293,1.6132537877939366,-1.4195327174247327,-1.1265386846332701,0.3243550155278157,0.8366581750323006,-0.1602346384073697,-0.6632305316135215,-1.255453920354308,-0.3012073774025934,0.6129160502014258,-0.03699109469971436,-1.325871062594091,-0.23322913842891277,-0.06860460184759228,-0.863456434627455,-1.5566313240294753,-0.06627207904994872,-0.17692344000192062,1.4148674993018349,0.33861916153094607,0.44613114968617273,-0.27030754769232934,-0.5173971234658076,-0.7384960045581661,0.003145538384416362,-1.1184137923308866,-0.13792359986606437,1.0202237669049923,-1.5566313240294753,-0.17692344000192062,0.13399570407471853,-0.1420733690876869,-0.04629226714862186,-0.3705622211804298,0.012623117821280108,-0.23177023663099122,-0.11757927025044311,0.379254659154168,-1.1982120214862277,0.0639637880900549,2.1774523233051895,0.09529861377784365,-0.1471597233607541,0.1333926315285687,0.2273513665084657,0.0,0.6824043723778265,0
0.12982454182000178,0.6139314355075185,0.16717608320849708,-0.6011493990023864,-0.6002940488242273,-0.042328601316787326,0.17266403708491246,0.16089139913440417,0.1288442445093928,0.14453522252212841,0.9589364710442414,-0.13778983692598235,0.4698119250336146,0.073289372569845,-0.7504742903779114,0.4621071594707525,0.45981960576209013,0.45599269068188075,0.2533196335098786,0.04946972519808691,0.731931030106786,-0.01309662265597378,0.39257374202849266,-0.04004327001987551,-0.0400585348474034,0.14985511256262807,0.8611258387614575,0.052009365645334774,0.4769728650753827,0.3425369382895498,0.5220752138454169,0.07182217490445933,2.0211086318206886,1.4934244290339291,0.012911272677692999,-1.575047484101738,-1.6575816288678649,1.6575816336490226,0.16847978008843953,-0.23457274885003987,-0.18968230234765576,-0.020367747217896318,0.3846563075504446,-0.17912991868508135,1.2875284851352038,1.262006238345356,-1.4637608961504047,-0.7774356691933368,-0.6260014571896313,0.49369592138240165,1.432606420847864,0.15211819832573487,0.7913048762795031,1.4857937620197654,-0.18924000445018294,0.30630761330197825,-0.3044916900697669,1.5295999444260973,0.3285684141853258,-1.7482161049243887,0.26460029204171165,-0.018318037478291926,2.0110495632614,-1.1590514985065932,0.2535519902175846,-0.20468399831057424,-1.0206104339348374,0.59221127254875,1.7772925300379128,-1.9137066017050879,1.960162477375479,1.1795927875385719,-0.005152839323885428,0.1731235329300105,0.034374619196160264,0.19438841216818312,-1.1590514985065932,-0.20468399831057424,-0.2899046112435301,-0.12248255213625872,-0.07812536618742041,0.17634211807643577,0.02235442738888067,-2.0488828719541425,-0.11757927025044311,0.7067226334846813,0.8693852646073298,0.6063591854536293,-0.60117626858459,0.11286182936534583,-0.21966938689096394,0.035706262398698625,0.05258050576577945,0.0,1.6315464155508244,0
0.39712722882221146,0.4640222116691493,0.3429420636060913,-0.23421944358202057,-0.23322451032202116,0.124266981091929,0.17034020793625104,0.14570141158803382,0.09400832854375024,0.17151150604505183,0.35486629212735904,-0.3305812123124036,0.5436891933645296,-0.3101051598751838,1.489600965276399,0.788653967127364,0.7854258888262388,0.7819511710591152,0.5357497510529171,0.9564257698804671,1.2432667734189324,0.411664955637339,0.5504064178567677,0.023407604040664536,-0.018875024059479134,0.032657964911676086,0.02125265019760012,0.017436918741856138,-1.470124625352373,0.1222748231174571,-0.38279989113193946,0.1998365373684456,0.5458731736919926,1.0009211684474884,0.015303573393226282,-1.0159129391571913,-0.9458218828090101,0.945821882976716,1.523804632833357,-0.2117589972060546,-0.18968230234765576,0.41147848078697746,0.5638756752061441,-0.17707827659308528,1.259583089625764,-0.15921952024364397,0.21155061631879354,-0.7489759298957295,-0.6260014571798396,0.7210856889181942,1.4210922077312134,0.4929594088780292,-0.9981238730965585,0.5395414767969101,1.0729261344791015,0.2761466069681952,1.4943553576927968,0.9335808479933867,0.8722596805238375,-0.34131463798167266,0.6708680391863961,-0.10840800033381097,-1.732837030777938,1.2982027894499617,0.09147742720014199,-0.13311700784034858,3.1893733035037384,0.6586315175389809,0.6239138179905868,-0.2615675210988065,1.9597532911507225,1.5073723902005904,-0.055179436515132,-0.2131583507306394,0.10378746451942777,-1.3706066582015577,1.2982027894499617,-0.13311700784034858,-0.2897970103587221,0.1471494762302179,0.08075527813899545,1.1973814943512255,0.076678413505621,-0.5322179761203333,-0.11757927025044311,0.585477445774226,-0.3030786887542859,0.09862259045886494,-0.23427663711556312,0.11176793246784053,-0.1723361148388786,0.035819255420117255,0.05278942665090402,0.0,0.9516436094888803,0
0.13166423363345486,0.26191611729423775,0.12893096690229963,-0.06760923180732088,-0.0666823610637602,0.09101997540062959,0.20125012270145332,0.16720966580456595,0.12952599634331255,0.19895889360195235,-0.6569340892894064,1.6339270691787644,-0.13536773093069018,-2.3465309187284045,1.5077418643314051,0.4000377925971487,0.3980112413920292,0.39413560385046437,0.27670970941248746,-0.1469963785884881,-0.5545715314439854,0.02738758045170739,0.2544549395558764,-0.051312661667842506,-0.044153218370783336,0.032955320881286165,0.02164245271998774,0.016934884668772666,-1.448430371209679,0.291864951519675,-0.1611101160020445,-0.03256446682097826,0.9223210392382319,1.081797236359652,0.004649693640922359,-1.3823254617535368,-1.393464902743469,1.3934649056180528,1.0170538088126297,-0.23457274885003987,-0.18968230234765576,0.026904009603935117,0.2704274916066294,-0.2570409631107266,-0.2839947975859989,-0.7452820774922175,0.6462484326593328,-0.7774356691932872,-0.6260014571897526,-0.8221141231178261,0.5241493998947044,0.21572554948300035,-0.08172987179339027,0.3925464761597122,-0.044574496262607864,-0.5610507529816013,1.0821740922311607,1.049843832337622,1.0156260480057153,-1.2907828335664133,-0.10893633140467675,-0.06770721985836367,0.09368163598647998,-0.48183288967519294,0.03149800001229187,-0.18496144398053235,-1.0206104339348374,0.3600892147292091,0.5682053917143436,-1.0985591232370522,-0.5564011084689422,-0.7384960045582724,0.020529446008637344,-1.1184137923308004,-0.2428394401623551,-0.8470770073166685,-0.48183288967519294,-0.18496144398053235,-0.2899046112435301,-0.40395057379377813,-0.2527876757446631,-0.15439983917410702,-0.037698176814778515,-0.9632057673213474,-0.11757927025044311,0.32844487582575776,-0.4904259829062127,0.10882008926784205,-0.06780754582327952,0.08556734679876851,-0.20412363461490893,0.022726441920720028,0.028573747629856438,0.0,1.3727659797485023,0
0.1723845511546321,0.3586932682474451,0.2862427910037426,0.7082249828864723,0.6956199507715319,0.2984885614020145,0.1385123887047828,0.13867545383813595,0.036454037979373306,0.16379418241154356,-0.6569340892891344,-0.9266921167980599,-0.5630600506224909,-0.7733132722552736,-0.7504742903779114,0.6327537570485602,0.6298862592666328,0.6262272125967371,0.3698179087966341,-0.9484413963922631,0.8183874059305304,0.5060234766569908,0.2627233003461149,0.05685057334513732,-0.008391954617428928,0.052107524543868466,0.046919923771196984,0.042323592425634035,1.7300564390004622,0.6889951613009445,0.014421351750603679,-0.3277714094891757,0.7879112562094404,-0.06751912380272582,0.035358754896479626,-0.7571440133340642,-0.6642206978074482,0.6642206966603167,0.7973178067911031,-0.15662554930880795,-0.18968230234765576,0.5135189879469738,0.26205433674629447,0.032184328103524285,1.0233536396128682,0.44875667722526524,-0.40477391145571967,1.348369830425418,-0.6260014571882789,0.6661140476407282,-0.41616902621388385,0.2024549073733058,-1.2319743787270308,1.0190198940645125,-0.3396766288514127,0.7805385113585132,-0.7188464246377373,-0.07705167071763158,-0.6641984902022323,-0.2779951514987697,-0.5547499351854039,0.0702040743255858,1.388503027980844,0.40317609989809905,0.2529684265067866,-0.12129868029038308,-0.5402874461538814,0.33399615773804925,0.2551989046715329,1.0648102988784196,-0.5671756364385357,1.3140325470126528,-0.0030115601414994245,-0.004888556843571525,-0.21648702225678054,-0.7431559038300044,0.40317609989809905,-0.12129868029038308,-0.18210074718245114,-0.7216501165285703,-0.2912446340881289,-0.9257946808639842,-0.1444430830612293,-0.8096416428094381,-0.11757927025044311,0.37568607560595413,-1.0781118995620869,0.03698743893730236,0.7084193194763955,0.09488060456940896,-0.14766710445106723,0.0856583856053378,0.14394079244357827,0.0,0.6874173960182856,0
-0.05303133025139661,-0.16767773543560924,0.04712278245994038,-0.32862589370235046,-0.3276293177046146,-0.44928007664462405,0.009847716577839305,0.023109600173339594,0.06631492072123199,0.029801362599305707,-0.6569340892892612,1.6844786485833665,-0.20739193188966257,-0.37157211439333737,-0.7504742903779114,0.24687337912527374,0.24561018657023412,0.24165240846887168,-0.22073271472288244,-0.3237430822970842,0.20248310489999283,-0.64490753919796,-0.26660948890617725,-0.10269591790969358,-0.0812838575743475,-0.012768861168455437,-0.03746700736317552,-0.0437641854695511,1.3240783439511907,0.2779294279626854,-0.5838409556683313,-0.08367225858887373,-0.41314939351547614,0.08274940277927803,-0.07866087802402161,0.4468258310447239,0.46142088640788514,-0.46142088862484415,-0.9525161150873793,0.019795520867323186,-0.18968230234765576,-0.6637549662541584,-0.2701963035220127,-0.0022102657757630726,-0.12297889685193047,-1.3275717846765653,1.0254728798218589,-0.7774356691931307,0.9052040263166103,0.07010556905372517,-1.4746267531571475,0.006473741598384874,-0.5452727710757413,-0.44664789515520853,0.2867135304609884,-0.21561667431548837,0.19563625842355808,-0.0024302927233413093,-0.3710849115229976,0.3250981615751676,-0.17003819371013298,1.165047839181684,-0.7594293805807368,-0.44934464488586146,-0.12915857257981755,-0.003035316423363366,0.7122865563574691,-0.06581432803965642,-0.2797851675244037,-0.2721612029413429,-0.5386372585576358,-0.7384960045582346,-0.09505524362513755,1.5643239622645453,0.19318252732550295,1.126135101640918,-0.44934464488586146,-0.003035316423363366,0.255926143082762,0.14552152626126807,0.03881892263051936,-0.3118622045170425,0.10366659614137942,0.43694761872034593,-0.11757927025044311,-0.13084050959971608,-0.48613444951905227,-0.098355084004717,-0.3284337166783483,0.019419155988226203,0.02232192765841841,-0.05936069064732128,-0.12680913454415801,0.0,-0.4710090881231703,0
0.29920779029558675,0.4018423784615861,0.2957418537707324,0.14053597109005156,0.14128961177773616,0.21211001249398975,0.16836848040050303,0.14687767468178486,0.07708085128940162,0.17335606715340296,-0.6569340892893536,1.5085377872380008,-0.3478730377825662,-1.276228303561356,1.3871412894333892,0.14678496170883917,0.1461157847199282,0.14214119861622362,0.4299725664260332,-0.7001240473357982,0.8515378763770564,0.4055174460377738,0.41106900108020294,0.06852273845563997,0.0019493712252833977,0.11913158858931829,0.1380608789962647,0.0750799505820374,1.9859119230222546,0.33927610103689193,0.2675350776825518,-0.36085022091734975,0.02954452715274528,0.3052271876993401,0.01537387922939554,0.16277660708544964,0.2026151706924368,-0.20261517338508278,0.7771380510216807,-0.1467515691540844,-0.18968230234765576,0.4127247444365953,0.4280586767081766,0.1336133398089562,1.0006990666774245,-0.42471856166351807,0.4208255338832355,-0.777435669193277,-0.6260014571872585,0.8367536042838403,0.789172005367359,0.37304990015928785,-0.7279951102488319,0.12243423383645026,0.8165013516109524,0.5706922397425327,-0.19199001957476614,0.22742282657573842,-0.5906229576809884,0.5349294666125275,-0.32753010327576154,0.032505288822714584,-0.16915840954047257,0.41904700762110864,0.06635114948809648,-0.010300207546793389,-0.6369486097383674,0.38342795175117245,0.3921428326650374,0.2636725769177485,-0.5711497918604729,-0.7384960045583145,-0.060308278643504035,0.5721181380913546,0.023265590900832096,-1.0027163541562338,0.41904700762110864,-0.010300207546793389,-0.1817956337615496,-0.12769821017233635,-0.028335704290498163,-0.7155424134628215,0.007368302188176244,0.026859874136326085,-0.11757927025044311,0.42553887609686863,-0.8573588891142642,0.0445041768909039,0.14073400248245305,0.11371866606372671,-0.03228767395239129,0.03664672140513098,0.05431928640284554,0.0,-0.1842931510794591,0
0.6383402950369856,0.4961431865259253,0.6329233470267235,0.0622516206236814,0.06308077435457574,0.19913522886457333,0.16247286661650906,0.14037371728418876,0.07375966568779616,0.1659941929447441,-0.6569340892893865,0.1945435189618299,0.19552479546622606,0.8002515351664233,1.4815089711478489,0.376031519956059,0.37411328263589677,0.3702209583141442,0.4553407396865341,0.5294613290728963,1.1240498834195636,0.5030059580593678,0.4582762202062988,0.03702786939706678,-0.01179322265463167,0.0569928253673347,0.0534251675177421,0.04918664693950663,0.5888467716873474,0.35934621273597733,0.06596841697141848,0.2820420171338538,-0.11130024766820651,-0.4812622529105037,0.10864909565207442,-0.22372730736966784,-0.14689885114916534,0.14689884854696272,-0.637395352104923,-0.12821243083536277,-0.18968230234765576,0.510467371555864,0.47348974189252363,-0.08131743286113727,1.2116633801642394,1.1216498336884089,-1.275644495760388,-0.7774356691933605,-0.626001457190473,0.9648187813978024,-0.07275097281335673,0.20588663360474457,-0.11480256289623422,-0.1811025617384481,-0.7895403855401727,-0.27542896573369424,-0.131391565489599,-0.653068973117043,-0.4349369895558252,-0.07081741626204861,0.18221175535449363,0.39486307426066786,0.760475250594185,-0.272078602262621,-0.05704275436979472,-0.08603467432677415,0.36160682602718025,0.5743240999576298,0.3792137344607427,0.4779128954495869,1.9592660534449937,0.8713153454408915,-0.08443510821189441,-0.8976316791799712,0.09866258791868955,0.8310822183302281,-0.272078602262621,-0.08603467432677415,0.008484545059793463,0.1037014959662718,0.038431348302275,0.6034549363732408,0.07661931467387428,0.16284688159389943,-0.11757927025044311,0.4624300049839299,-0.2483120085130559,0.008652370696049138,0.062309578700688185,0.11139645110139783,-0.08824060728911605,0.15802944368323005,0.2682163628263264,0.0,0.18339247139438777,0
0.48181242799568147,0.5914289054545421,0.5888051252652744,0.5412922898274527,0.5414627839029557,0.5717797106544199,0.25200010351524965,0.23867932750785775,0.09895486637099304,0.2628409831306796,-0.656934089289287,-0.9266921167980783,0.0021546696752315414,-2.3465309187284045,-0.7504742903779114,0.45597009559413026,0.45370713546492625,0.44987506633189783,0.4530365023621296,-0.0024015997813184747,-0.28426093185802864,0.3248953409091832,0.4007954737938904,0.0387874329300451,-0.007210676310920011,0.06251675363658558,0.06081172485907833,0.05415339885124525,0.9385440164824815,0.3670362638161409,0.08414200363658035,0.052743689631036754,1.02456326820824,1.2367492694048676,0.004649693640922359,-1.3086316355397087,-1.298104681136141,1.2981046833762127,-0.25753032445788854,-0.23457274885003987,-0.18968230234765576,0.3313204999976185,0.4167665550224711,-0.15949445004266868,0.06979812071871923,-1.3201588546283425,1.0207413324853856,-0.7774356691931893,-0.6260014571909163,-0.5510978455176552,-1.2269177442312134,0.1538726104959876,-0.6986483949344849,1.0809186391852066,1.101708076252955,0.5412674578452215,1.0037924099933189,1.21029117349829,0.5945611747518792,-0.7240577505004524,0.06123580724710509,-0.0849117145561378,-0.3559172750166568,1.4708044307014057,0.19466295866808286,-0.15937361233452046,-1.0206104339348374,0.7680863095610265,0.7035438791008434,-0.329519010499386,-0.5193385681976751,-0.7384960045581732,0.08826167666049847,-1.118413792330844,-0.5756589508630735,0.5799037248985296,1.4708044307014057,-0.15937361233452046,-0.2899046112435301,-0.894912215955617,-0.5562895736339706,0.058110051940945616,-0.15598960270384366,-1.078588362432929,-0.11757927025044311,0.663367184739768,-1.06416642332143,0.1501070679124487,0.5414166913799056,0.11378253732742699,-0.1979692580955686,0.022726441920720028,0.028573747629856438,0.0,1.281774258825258,0
1.2329829465398972,1.4080585189874315,1.3100332936219845,4.6306881416276395,4.611887211390425,3.1227109574036342,0.6354277868276229,0.574003198265209,0.15550460725005913,0.6309161421439952,-0.6569340892881452,-0.926692116797619,3.9277940661607023,-2.3465309187284045,0.5233936365894323,2.7614346023659087,2.7650509734938975,2.763475849924413,2.216368741387649,8.488239963834422,0.6571256900739209,2.2695256706792866,2.164946196978545,0.08938998307959864,-0.004005387807820303,0.06650497826777553,0.06616424061478052,0.06329479782965845,1.1745758220783666,0.32992110232873095,0.12603622765883296,1.5301684696114142,1.1972581272960106,1.4604667380245848,0.004649693640922359,-1.4670659958446937,-1.5071885709470003,1.507188574616334,0.03941025559346683,-0.2331498468756534,-0.18968230234765576,2.276218012123115,2.0952086709102073,-0.3233057875836911,-0.3408119110091958,0.4117021675823322,-0.35970679138379585,0.13871236965612435,-0.6260014571905843,-0.996387829081254,-0.5625519751437681,0.6621330753037851,0.1457154366936793,1.131321066033077,1.2053074141986182,0.42369435728433896,1.9818843449927481,1.4507353013887805,1.7300901157204103,-0.9835318985682541,4.389949194597075,-0.10776098350444023,-1.6737605982506711,1.48632475691465,0.1870518128458327,-0.17370088447800988,-1.0206104339348374,2.1059484096161496,0.5896533449272572,1.1037524175488798,-0.48832746606869326,-0.7384960045580558,0.16916982482637022,-1.1184137923301873,2.567635963784513,0.30170324626170214,1.48632475691465,-0.17370088447800988,-0.2899046112435301,3.592052744793328,2.346895006317542,5.58807202654731,0.5626041061071394,-1.2691853129147974,-0.11757927025044311,1.5705573401352897,0.38101771611226987,0.0706943442973918,4.630781734377272,0.17303064165881174,-0.21104859982814334,0.022726441920720028,0.028573747629856438,0.0,1.4823076651557743,0
-0.4817975341091065,-0.460249073920048,-0.3754986740240399,1.6213536495902063,1.6185069398949878,-0.9235647779965517,-0.17061686361093764,-0.12506969907854334,0.036957954256206474,-0.08054011116450115,-0.6569340892880159,-0.9266921167971499,-0.28414805665598447,-0.9484509864387632,-0.7504742903779114,0.10002340941275802,0.09965849405457228,0.09568831110350029,-0.16947198116775916,-0.25671030314012594,-1.0124493338591547,-0.6833972300885907,-0.315312744364246,0.0681102841948306,-0.009425147980267936,0.05544410906296275,0.05136009424609232,0.07362741007122546,0.04868768027039541,0.2349788458743546,0.024483991738489242,-0.0443536907034518,0.6832329689138178,0.7258517181791941,-0.003302924010075859,-1.3755375338790838,-1.3845850633016268,1.3845850661158818,0.3781674157475504,-0.19541751046878503,-0.1140060223635481,-0.6800482758680558,-0.29987253291955895,-0.3229960116882861,-0.6815396393261278,1.7323270641747428,-2.0626720651999824,1.3193891427612956,-0.6260014571908309,-1.1250460996965412,-1.1074386682885247,-0.24089299175972664,-0.6898536535276777,0.4369477366754754,0.18135210324005635,-0.1826317541754757,0.704823759546552,0.7654701895857298,0.4040673959086706,-0.8290419825198402,-0.28330759940416794,-0.04312151809668522,0.25741472305321106,1.486271044497621,0.041369755707329,-0.1654331080338726,-1.0206104339348374,-0.4638865706831301,-0.1745613477820827,1.2054700920137418,-0.5085386012816188,-0.7384960045581858,0.06662589532192388,-1.118413792330828,-0.17946066543151715,-0.13699351877491842,1.486271044497621,-0.1654331080338726,-0.2899046112435301,-0.2657242383818187,-0.15649166881006335,-0.3474434537180432,-0.008155902592996124,-0.6894650424977329,-0.11757927025044311,-0.42768643397593237,-1.1756195057834378,0.05329320134320868,1.6212835682185383,0.007939440226913714,-0.2035673801493741,0.0117227906960849,0.008228680170851594,0.0,1.3643108662073626,0
0.5618685288533756,0.633216439159941,0.5866103378930813,0.48077908867270164,0.48105827116857025,0.9496456985808301,0.27134376611295524,0.23739961720017874,0.06758567569782098,0.2590471053472866,-0.6569340892894162,1.1212953139809878,1.5538130888868977,2.588542285370676,1.0526974619142613,0.28280866688078526,0.2813508123553535,0.27740676241603646,0.42766399819948137,0.4762960659402606,-0.364714856119884,0.46057965352893854,0.41928493722211685,0.036464502650827645,-0.0006470292068509806,0.04369289773609235,0.035771584491410595,0.026763503545980272,0.09651873334636356,0.19501735336698428,-0.22282524651114838,0.12269213905709263,1.5481828463455483,1.5395097983318826,0.005074505106659571,-1.7333972553871266,-1.893048485671179,1.8930484923243722,0.1990297623344546,-0.23451800842391726,-0.18968230234765576,0.4693920302527759,0.43523689043014685,-0.28268624468566,0.19895770016117473,0.5728165802389013,-0.5531995049104813,-0.7774356691933333,-0.626001457190524,-0.5966447100152902,-0.5722452571910835,0.3353849749993104,-0.42399997064102296,0.9274482479766258,0.23870293073941615,-0.1548196059671742,1.5879865429295177,1.532250300643862,1.6813504615307666,-1.569732269798443,1.6503669565489005,-0.06792053200783743,0.8903561323669477,0.7823169690149979,0.11471887428749096,-0.19965322651095344,3.1893742486473093,0.9367717196607838,0.7324010514737704,-0.16732219162524714,-0.5667282148289335,-0.7384960045583019,0.03972596559819131,-1.118413792330732,0.9752837687442633,0.22407272181088575,0.7823169690149979,-0.19965322651095344,-0.2897198588736198,1.924580117706905,2.0873389096454957,1.0907219695468309,0.3192185094292813,-1.6318529702793834,-0.11757927025044311,0.7771359320485347,-0.9322287453260114,0.16516668150733704,0.4808401997398828,0.11515418349033892,-0.23194008574970193,0.02332710639450261,0.02968443118019432,0.0,1.8773937274498043,0
1.8259993748006496,1.7112133859504373,1.7790903901461934,0.10478627512741308,0.10706158780480342,0.8813625792509229,0.3597534486157853,0.30584575628056043,0.1529508450398695,0.3534178801487652,-0.03943086751125929,0.6387072023339038,0.17541223233914913,-1.2893091321004522,1.1973529847731064,1.8072325908473832,1.8051496316623024,1.8029727855917013,2.1547364450067876,0.8306764562785257,1.4437627511537863,1.8853634303018025,2.3520806331885096,0.14156018743207155,0.04689937747815341,0.1672050570938128,0.2053285327179076,0.2183890284095122,-1.577187547619312,0.7607842480933438,1.181075995463778,0.19127022769958377,1.1437314664762392,1.2796732368737918,0.009139281656917147,-0.619667496264715,-0.5238540850216172,0.5238540833471317,1.028981146038698,-0.15524636209042317,-0.18968230234765576,1.8961405526635962,2.121318165305142,-0.024385195404693787,1.0345392704837084,-0.721483182990598,0.6281937747944011,-0.7774356691932794,-0.6260014571877017,0.6829328390955843,-0.2756747784690364,0.3950960606644757,-1.2391858464980163,1.6365636528676908,1.4938933620294537,1.1946293322879655,1.2957816793660728,1.23349888920645,0.7400996628523497,-0.48548647288641045,0.1513984055910388,-0.07118289064627978,0.2985828119422815,-0.4412429448924189,0.4795883435464374,-0.12875417959884558,-0.11990496519615125,1.446399578302633,1.962261336873891,-1.3376131191135225,-0.5477646579556558,-0.7384960045582555,0.04964407564335464,-1.1184137923308703,0.4690709526901687,-0.9227055843017565,-0.4412429448924189,-0.12875417959884558,-0.029686801311883483,1.1318220198783369,0.39810654773157256,0.40301335824645684,0.28671226098903163,-1.2108013389965167,-0.11757927025044311,1.6653985855604174,1.0372372506682954,0.45099552555602457,0.10471431090172059,0.21706107440359534,-0.133641369032908,0.028925682950801935,0.04003951530186773,0.0,0.5541165597128572,0
0.415522934713467,0.5461226770758418,0.34018856936381303,0.2525316898893167,0.2531552603235304,0.3593600081203046,0.20828669702435285,0.17345802669223517,0.090398557915567,0.18845852187157916,-0.6569340892893523,1.2811595489197458,0.34261620042108404,-2.3465309187284045,1.483419612094148,0.6419114167207315,0.6390183549963959,0.6353694574218868,0.5311671995850057,0.9244533007218783,0.9108772354391327,0.631287871068348,0.6442873570650582,0.025810454128438527,-0.010140461734890058,0.05163855162435615,0.04653576843769858,0.03850485639121545,0.15919528178974324,0.25169999598598286,-0.03197970700837342,0.305873769277798,0.7426879707700553,1.1118399249602864,0.004649693640922359,-0.6466852076207614,-0.5510125336669027,0.55101253208734,0.440594591300072,-0.23457274885003987,0.3046122534022726,0.641253347800765,0.659222864891976,-0.13182729984581487,0.8687885818542788,-0.2698008180541243,0.29977851517646437,-0.7774356691719376,-0.6260014571889292,0.5136424996706104,-0.9961928014826005,0.15167937891283548,-1.379544283402331,1.2814203122228611,2.006230995309845,1.3079938642554918,1.4643228844398364,1.0871927644517037,0.6365376327725156,0.14056190578907807,0.45991677217480037,-0.10805711791351102,3.584325808441729,1.5060178500243862,0.35415590808906494,-0.0910645793440806,-1.0206104339348374,0.6132903926283895,0.5348362584979317,0.2899672969449627,-0.5541143807625308,-0.7384960045582334,0.01030743636476008,-1.118413792330856,0.3049045578038215,-0.4821303979944602,1.5060178500243862,-0.0910645793440806,-0.2899046112435301,0.7204299335893585,0.2646788777100411,1.0801615249398657,0.20393362775074375,-0.757813273956609,-0.11757927025044311,0.6651781079966971,-1.1419952639197062,0.10831319660665362,0.2524566303239193,0.12572461049706676,-0.13645745514189347,0.022736293650518897,0.028591963591468667,0.0,0.5800394371763533,0
1.0110947189298627,0.7684648485549558,0.8790104929926275,-0.059822657662804875,-0.07299972223939605,0.15148301994087107,0.45474586405901957,0.3592424047384425,0.35943928822187543,0.43138220237360464,-0.656934089289432,1.2650931516268684,0.0469088903511713,-0.7678640683552469,1.4371358225226634,0.48042801500805293,0.47806861167537157,0.6750061485726753,0.6339332938439128,-4.063087313871661e-05,-0.6440542281586144,0.047465183014649324,0.6789110382595642,-0.017181055654752073,-0.02480325525261573,0.062460832096050675,0.060736787604847006,0.06065534844561209,0.9145025008500368,0.4301455080431644,0.05850124435604987,0.03234360148430258,0.6890256413064709,0.6924133300519896,0.01706027269994292,-1.2018940525328436,-1.1645363712298562,1.164536372632276,0.11881399034329669,-0.1701435689642901,0.801347189348058,0.04978947273663436,0.6285461318121308,-0.24402769719163092,-0.4289938597913724,-0.8058979936960263,0.6877678495736981,1.6111666341886806,-0.6260014571909224,-0.8904882100969144,-0.2095300101961616,0.1709066093599063,0.45339785775241126,0.18719825260553158,-0.45097541982355394,-0.7638909641714552,0.16093628265463342,0.6962439829890169,0.23937832163224682,-1.238625590713762,0.02165055887340453,-0.028923834003546093,0.4760865871704159,-0.8591080804121113,-0.0029519667753104945,-0.18010763665726576,0.2323481327174203,0.7601481963624371,1.2630745609237066,-1.228269790967725,-0.5509549897073892,-0.738496004558285,0.009993624484173092,-0.31184622694835357,-0.20152130743674085,0.22344048693073673,-0.8591080804121113,-0.18010763665726576,-0.13946719665818114,-0.3046643569761354,-0.1541491138972785,0.027825455350617513,-0.01961314758091116,-0.6961717557291915,-0.11757927025044311,0.8412596552894144,0.4995573389755508,0.19813561758387654,-0.06004484975907847,0.1297189732336126,-0.18885656328578665,0.036834086533060785,0.054665671761810454,0.0,1.1562996334961835,0
0.46382430798705704,0.2934494382046506,0.35674106449301624,0.2254285725179887,0.22608599750856304,-0.01282498561716732,0.18223825227654847,0.14751990371851129,0.13191546056987444,0.17335606715340296,-0.6569340892892297,-0.9266921167982761,-0.6913837857887608,0.8493944543622637,1.6132751895268398,0.1509872518764222,0.15029157575549015,0.1463170012129798,0.22518878098639544,-0.685567030007686,-0.5815449446251546,-0.03692205793044576,0.22756190480074925,0.1119344138816618,0.025976460757933872,0.15534134126005178,0.18861190282315873,0.19193181796653816,2.3231312406680544,0.5446376049697328,0.2807284615939867,-0.2692134605404055,1.116981875430221,1.0488013350726253,0.12895253163493103,-1.1189446666663694,-1.0653087969284223,1.0653087977489257,0.40929423023410394,-0.15421253263024717,-0.18968230234765576,-0.0370866247561599,0.23351511844444867,-0.11387524038958884,0.023933598631443703,-1.0645932168860965,0.8559986630910287,1.4637167463677583,-0.6260014571906583,-0.5212700594611286,-0.8952240958758775,0.07892620356025992,-0.7653906802636092,1.3009538616958591,0.8387194343535419,0.7598348955465096,1.0726649613555765,1.0600775724013594,0.643816576568532,-0.7033241255985901,-0.6880858640631188,-0.044573293402610126,0.8251851129411322,0.36592067863455463,0.2775080236078283,-0.15409101435222589,-0.5901683301601798,0.35847084506508736,0.32169455002951053,-0.1888775220868221,-0.49360274718895436,-0.7384960045581732,0.14791263647808284,-1.1184137923308095,0.6115148789520515,-0.20772804780100648,0.36592067863455463,-0.15409101435222589,-0.20495892950616226,0.793406956674802,0.3967388044896623,-0.9391118180496729,0.19389117983687762,-1.1813877908899915,-0.11757927025044311,0.268313045048003,-1.1622153380385856,0.12970525600274213,0.22542748842215526,0.08163229413072964,-0.18160017402232456,0.1578659108031292,0.26795062149646,0.0,1.0631453246587452,0
-0.14758734514848373,-0.019100275442924017,-0.10963737903008743,0.2681199075864038,0.2687233217492196,-0.03543279134873951,0.07541607356383745,0.06850350249786054,0.03343957459066497,0.08737547177513796,-0.6569340892891998,-0.9266921167982761,-0.11937745413677557,-0.10537900491757916,-0.7504742903779114,0.5957996632787058,0.5930409945724149,0.5893420326342099,0.002202495582812085,-0.09946829316049706,0.2105990965003464,-0.026692170933339004,-0.028620878266671368,0.039719862054286716,-0.027527155069856143,-1.6035927355175315,-1.7716408882514376,-0.7845234133399975,0.8846677089124443,0.20378445405796405,0.002261703674473198,0.028938798827791497,-1.417827438979354,-0.833357929986185,-0.2588076090949197,0.10989058866621987,0.15488740236670726,-0.1548874050976669,-0.8610602584235879,-0.05499364154703558,0.7329050222735605,-0.03115605765493428,-0.011093906262928097,-0.36623416872739734,-0.22875178478122557,2.334995717307589,-2.646320530579279,-0.7774356691924086,1.731818348323866,-0.2335970901738597,0.33425798840130777,0.09701452459012506,1.4883294332308166,-0.9079080807389088,-1.2787706127104599,-1.7865799270317657,-1.2128171663151377,-0.7178304194898856,-0.8328539740431719,-0.7713206880310715,-0.10611748313308629,-0.12280052166796235,-1.4325340349735272,-1.479400251215422,-0.2682332182294573,-0.12018750286054292,1.9821369786692429,0.06531922287036955,0.010425618284351497,0.006995895866506467,1.9582903257000996,1.3091078330062904,-0.15517829989091744,-0.17558760459860434,-0.0032523324210726,1.2542107011161392,-1.479400251215422,-0.12018750286054292,0.352069750840111,-0.11247672140851596,-0.024636433113572463,-0.12344072077076305,0.013177176332271178,1.3433436789476663,-0.11757927025044311,0.011580725131108341,1.8659530194357181,0.012482312381873674,0.26812068543934686,0.05007685426716926,-0.04099199571649709,-0.15667228740755654,-0.33626804111675723,0.0,-0.13214478386732334,0
0.1637076994981077,0.08808966632777422,0.19866267393001516,-0.4066745705436484,-0.4056966417384749,-0.1181759050075363,0.11618172219608293,0.10153986472718103,0.08996204233682087,0.11082768023313495,1.6706364897655517,-0.07001027532130988,-0.12811921349177555,-0.9020963161827796,1.7625601972391916,0.7118313671996789,0.7087612985671853,0.7051929039571141,0.0881868431763816,-0.10659038330794189,0.27353224004529275,-0.1302289362116034,0.11341006832816238,0.055909713453078574,0.037216682821462385,0.12456168170194967,0.14559264358918247,0.12179193212455222,0.8082306456999078,0.25307681000164034,0.19971367651301286,0.03447092041501877,-0.30072202822443633,0.16839326074663225,0.4354147386444899,-0.4728914455313665,-0.38019761030341037,0.38019760818665344,-0.850158169146005,-0.123557863918401,-0.18968230234765576,-0.13224448805591926,0.12653102066963787,-0.15824406952715497,0.06979812071871923,-0.7038009758518154,0.6158258079104109,-0.7774356691931045,0.9716361605433799,-0.2335970901738597,-0.5425973946060533,0.044136387712209235,0.60319203095428,-0.369315540408214,-0.16764565236722914,-0.6612686433690215,-0.9802218348148941,0.05926433883322646,-0.7814695189504224,-0.2648394659957422,-0.10142770182444855,0.21743116620434833,-0.6237031927708472,-0.25182435813685705,-0.1132333673314802,-0.11011122963629921,0.49025262923232144,0.29494400125185866,0.13790928150862478,-1.154024098939197,-0.5748393966779901,-0.7384960045583114,-0.08717897097044774,0.11279730704538724,-0.033837010277951995,1.1840343898461274,-0.25182435813685705,-0.11011122963629921,-0.027503672899012472,-0.174446476487726,-0.05192461540093582,-0.12336296806696406,0.0012243746534093543,0.33675651422545033,-0.11757927025044311,0.11256558734291282,-0.643665888558529,0.0822253413864559,-0.40657302476950574,0.06626966727378576,-0.1177750610260569,0.41042263957360586,0.5844272111521844,0.0,0.4151106975333784,0
0.15443438454560215,0.21224631867269164,0.22714739064353182,-0.14940541897519244,-0.15324734166158469,-0.04812682457087675,0.1275093414055234,0.11958693926848434,0.08604358345255521,0.15491283279973417,-0.6569340892893908,1.3369178384227054,0.4543757737523628,-2.3465309187284045,-0.7504742903779114,1.5170171403473665,1.51403687603241,1.5115239181274434,0.4760614785631025,1.3315543838129462,1.4919521585225208,0.02738758045170739,0.2709886873769657,0.052157133696709844,-0.0073319122960248265,0.023553912776090275,0.00933499772959602,0.012768769258310372,0.4769728650753827,0.4626149818939345,-0.34950594616901065,0.3085651217069611,0.8149963164616542,1.0711831282022894,0.004649693640922359,-0.9386588100031675,-0.85909134955076,0.8590913492789749,1.407864399482502,-0.23457274885003987,-0.18968230234765576,-0.0113458315235827,0.2185717810083723,-0.17417876254332537,1.182062576118164,-0.05753726393517403,0.12575717463555494,-0.7774356691931775,-0.6260014571790706,0.7210856889181942,1.78045570919367,0.18349077301861438,-0.2946284495966061,1.0702513912608567,1.3111512453953833,0.8232850139683149,1.6317824374587961,1.0187109754909671,0.9960559708846997,-0.28415664969203264,0.5558775810694074,-0.07782394872656383,-0.36388563103719995,1.1236631773033579,0.2412095530339209,-0.1276415599572675,-1.0206104339348374,0.6554695400433234,0.25219217669491323,0.51663735408368,-0.5820057412109344,-0.7384960045583172,-0.019699844006334788,-1.1184137923308484,0.10515927322901925,-1.294322260673414,1.1236631773033579,-0.1276415599572675,-0.2899046112435301,0.12530855936211702,0.06681172609047618,1.0546946588895925,0.0730687820507961,-0.8406841115877902,-0.11757927025044311,0.2680700848524679,1.6663954769551097,0.0901676497657029,-0.14943655024333372,0.08253901733017258,-0.16517497267697143,0.022726441920720028,0.028573747629856438,0.0,0.8704477754046014,0
4.627637904617851,4.1056958888094535,4.792859532380025,2.7321910620993926,2.7245243850651777,3.4949780963912813,0.5643654267195672,0.4910593359814647,0.07130507614700794,0.5615577024563239,-0.6569340892889567,-0.9266921167977715,1.6867042166829342,1.188965779898839,0.9624124079493268,1.3980917019093237,1.3948683907193975,1.3922039759199243,3.0533755316006905,2.913169518614432,1.2261764812715659,3.7193662224318738,3.0218583050649843,0.3083388736253319,0.509357729787894,0.42300250149047447,0.5781869175647452,0.6496687526143786,-1.5771875476193034,0.9513094779383432,4.43723657193884,0.9218617742663355,0.49010467027303645,0.36225098036533476,0.01185465761938972,-0.8136757995612188,-0.7236968531527459,0.7236968522557223,-0.7813910707367746,-0.18132593704650077,-0.18968230234765576,3.7066976766648065,2.8769508554503735,-0.2288265100513115,1.278278414200471,1.572880038481998,-1.8683656572247174,-0.6571575096775952,-0.6260014571906832,0.7881769839817717,-0.9648886271661703,0.5010770538389281,-0.3907788161954994,0.19933308442230332,-0.33099162204687144,-0.4601981625036685,1.0331380362027573,0.40243660700470085,0.6865304690713689,-0.8460101680793584,1.1946815532801234,0.00978798368363327,0.5853105301317794,-0.7975343416782827,0.019928527571374036,-0.153939045413646,0.5319270069402396,2.858627312985554,0.8571637748806783,1.2291107682200866,1.9599049893109297,1.3292649633790323,-0.05581084028753481,1.662073178717743,0.2216736549039187,1.2318341505827604,-0.7975343416782827,-0.153939045413646,-0.015940756201656137,0.42695441032287584,0.17962392508898636,2.5613646469672773,0.13770381654498176,-0.4688600089646509,-0.11757927025044311,3.616506120924771,-1.2442440546352593,0.04532288409695521,2.732156339811969,0.3456514309418901,-0.15324050787439172,0.033016650593436,0.04760666838372668,0.0,0.743506311719923,0
0.1929195700945135,0.29649807519608334,0.19866267393001516,0.4802673877391326,0.3813003785016565,0.07619261384292975,0.16836848040050303,0.14794830349595575,0.10094114279453753,0.1779175683743838,-0.6569340892891944,1.6813176666203091,0.07372925093882188,-0.9660430395255306,1.3201193624734806,1.2811043851288835,1.2777158039843928,1.2748970305820941,0.42073589746035794,0.2836221883784877,0.7182295600664848,0.1722883729838234,0.3781794223466161,0.09540736984510136,-0.00418633190410621,0.03256410337719863,0.02112962366122448,0.017366167421262988,0.8082306456999078,0.30390369672965806,-0.2202629020337823,0.1193240885476759,-0.18345217337090663,0.07769906889231762,0.005534574849516729,-1.0807354393343465,-1.0202665353527716,1.0202665359209047,0.1687104394333898,-0.23457274885003987,-0.054888150399165156,0.17596135298227272,0.39434341144331225,-0.21468045262348373,0.46034756128339765,0.07726886557119539,0.00034420552111740947,-0.7774356691933042,-0.626001457189679,-0.11264431100305773,-0.1977937486470059,0.13847407231683087,-0.3699667551433306,-0.2936999163057139,-0.33913602992610475,-0.7244716412971984,-0.40306924763106833,0.055645969221513554,-0.47307038941155455,-0.44675620389371007,0.13695357695449795,0.1398996567078463,-0.274665470271304,1.2080259810089236,-0.10245052227298525,-0.14045517063691315,-1.0206104339348374,0.5484720254742318,0.3256555773257373,0.36071643684335386,1.960497237354419,1.4777849696742344,-0.08351361933467621,0.6234341072100794,-0.6685206691544853,-0.008197805357883595,1.2080259810089236,-0.14045517063691315,-0.2899046112435301,-1.2908406474687726,-0.674795733709458,0.23083401043760382,-0.2813166027225129,0.23006242883976993,-0.11757927025044311,0.3504140129086503,-1.0111309018276804,0.03832742945376351,0.4800473398306172,0.08962768903475808,-0.17820142433323571,0.023925644027861324,0.030791265026695967,0.0,1.02133023396371,0
-0.3636410151351754,0.14654951748675663,-0.3577274767812743,-0.414633548585018,-0.4108491278123621,-0.26891792826830896,0.1166235117545385,0.12719224363986031,0.12714172811130847,0.03130445883039388,-0.6569340892894076,1.5179419839679764,-0.07607991040141322,0.38439793537700456,1.7593819723216293,-0.020611164411499364,-0.02011239262632087,-0.02402053948209618,-0.16703623122656058,-0.0710059055278358,0.005316959628998387,-0.30122015555880843,0.11132866474398208,0.0074928559945085715,-0.024661557635768005,0.1538339710107707,0.14617246955722463,0.029037419579667715,0.5137723813586829,0.31298970045088953,0.39201346354632244,0.08113268323182783,0.587766620468393,0.9429058135225167,0.4281536083581407,-0.6104916702535275,-0.5149788211306799,0.5149788194259342,1.376183998829324,-0.08150683223057509,0.7735699755393676,-0.2936251446803147,0.12161822508087694,-0.23211673904953833,0.42590942194092996,0.11075369973178904,-0.032452216857514114,-0.777435669191274,-0.6260014571875553,0.09955965880377196,0.8389929413777325,-0.24292375484943388,-0.7515411905835004,0.5197681669519718,0.9224636974641629,0.15399146563898633,-1.2884445267846893,0.9477177372912706,-0.897506091714837,-0.4821454458163033,-0.05873797717675916,-0.10307295949721579,-1.5190317724864866,-0.45057739563011645,0.12286052877071935,-0.12825756645604888,0.19898633571962138,0.22888675460737395,0.2654703753007175,0.1133323031960899,-0.5624796631775881,-0.738496004558257,-0.011335617100426824,-0.6100755168350089,0.04505962777288586,-1.233399747933901,-0.45057739563011645,-0.12825756645604888,-0.023420053033227407,-0.0625995942478606,-0.013629386051492458,-0.039849844974254894,0.03165834733899937,-0.5800565869611207,-0.11757927025044311,0.2412892596273212,0.8731292831507369,0.11352954816264446,-0.4145401793863748,0.08136846317548788,-0.13266646201766086,0.7462150241292123,0.7906771865152069,0.0,0.5452350681378207,0
0.24823580090271155,0.10229609464057635,0.20724683852202092,0.46339199840204853,0.463701085370407,-0.10235810203638492,0.12405305914763726,0.11153780785752822,0.09422758734092677,0.13246783398913511,-0.6569340892890834,-0.9266921167982761,0.4154703681513284,-0.5452156760532406,1.5677466745889967,-0.05557557299556098,-0.054806635369201634,-0.05868268563158075,0.13563181172523625,0.054178220971791535,-1.3895522650764198,-0.08502998617860744,0.10091831131736376,-0.006506707382616468,-0.05733631463448665,0.018451305095292428,0.002716838873009025,-0.002854033434732252,0.1546496629957073,0.19995707729228632,-0.0003786363531759318,0.06652725010485605,-1.978099385028293,-0.9116549931189188,0.2637156290353865,-1.2922893499650683,-1.2773287124338797,1.2773287145396832,-0.9698308070592199,-0.17161190983824132,-0.18968230234765576,-0.08630711327893603,0.11220953241965634,-0.3704298189146881,-1.1461557372326114,1.4672166144868284,-1.7342018274169078,-0.7489759298957295,1.5203648288874931,-1.4607563866940176,-1.4339681303377145,0.05747547635861247,0.6522158286849883,-0.800254155365887,-1.867787413628353,-2.2731035455778015,-0.6159498739547649,-1.1483857688109342,-0.13031659458851877,-1.537237241328048,0.20504869328785227,-0.10840800033381097,-1.732837030777938,-1.2945947657127765,-0.20127699784618838,-0.1938756074642154,2.0677892613637354,0.36571215362171305,0.17060481824795926,-0.8274344316925691,1.9552501533657265,-0.4064865470566045,-0.17647843549282718,1.3914144613613428,0.024974159342370045,1.5858705836553368,-1.2945947657127765,-0.1938756074642154,-0.1095060003407559,-0.05833829965476786,-0.01722841240666084,0.2506258667657471,0.03383836275950037,1.9597761790580732,-0.11757927025044311,0.1290493936888136,-0.6358817614493906,-0.12114927899164574,0.46324073960546636,0.06784990232181316,-0.1965980251329627,0.4371065403699289,0.6078900036473868,0.0,1.2622260279255666,0
1.5952659824247062,1.3036391725624044,1.4802892022854683,0.6403000529764008,0.6402775192919101,1.420159645156074,0.3116190190399537,0.266678761317116,0.05032194546775742,0.3099864887544018,1.691153779080949,0.4875615000942862,-0.04150851254860053,0.577122261129928,1.1917316886775884,1.242375108675195,1.2389483249028537,1.236077609878181,1.2687181493060378,0.23464970875416888,0.997036904482578,1.7845269331908062,1.4306389987066006,0.38746279171595965,0.30553649895212226,0.4540095302531031,0.6245695085095819,0.7051530812535922,-1.5771875476193045,1.0783786382766702,1.4598658360997534,0.13531137083435293,0.6506285627428502,0.5306575253683067,0.03938384383210269,-0.38597786246797383,-0.29718277738592697,0.2971827750618296,-0.23207621523796437,-0.12092159653013021,-0.18968230234765576,1.7955950878507896,1.2473209658266307,0.01046633124415613,0.8687885818542788,-0.37960492697136716,0.3848552598358795,1.5287297485750404,-0.6260014571902688,0.7157260664014685,-1.105904115774531,0.26852137781702773,-0.9431853282438711,0.9452952812648079,0.7283423075916595,0.899330119803957,1.231098592960576,0.5213164349207922,0.47168660520515576,-0.01439913193230337,-0.014630960573779443,-0.0012874768168479283,0.7291209226994707,0.15312163773028192,0.28904289471612654,-0.08982367107427623,-0.2726574948247898,0.8738142300914763,1.0361144738132761,-0.5077259482444134,-0.5363380538254312,-0.7384960045582795,0.02491703224806228,-1.1184137923308493,0.6383556528985413,0.33835130741006303,0.15312163773028192,-0.08982367107427623,-0.0844534025737228,1.3109153740256136,0.40750454130638636,0.07676098045426358,0.34280582233325296,-0.6520742708883517,-0.11757927025044311,1.0534080967873019,-0.758552797809606,0.10058617475521393,0.6402574047333265,0.17184075052698203,-0.10788794784273378,0.07054744692382975,0.11660877856436312,0.0,0.33395637148483315,0
0.33979435545819625,0.46082472216966336,0.4526525948202968,0.15646450440655674,0.15720122899088634,0.2971139234231607,0.1484903672390489,0.14186232894985495,0.045593292426301106,0.1675855525371743,-0.6569340892893765,1.5285059480514775,-0.2445532576160089,0.11338358733930308,-0.7504742903779114,0.1760357985329677,0.1751850286872226,0.17121184645664422,0.5197044462653547,-0.49206299306386275,1.290381304694933,0.7769744823667422,0.40696007296652437,0.11444796277321938,0.07050342847586934,0.1657888591775135,0.20332935969519011,0.21338685039782068,0.7792695243056116,0.4306936850463889,0.2609463003904532,-0.11600068985663135,-0.024752340010854895,-0.16996342316257376,0.09354307131901587,0.5827103569067593,0.5855637435492231,-0.5855637453893517,-0.5592621253754816,0.03564318671157175,-0.18968230234765576,0.7875011960072528,0.4231330273296143,0.2597059478137196,1.110331563099324,0.035507624801858595,0.03928189274748248,1.623294138863651,-0.6260014571901286,1.2887505388634657,-0.4358547697426926,0.1998778603350618,-0.6782176914919911,0.07093028629167611,0.3847704676290267,0.6239046536300222,-0.9132485719907197,-0.1395742009340563,-0.8447825466268859,0.6497237893583335,-0.21046071925891516,0.17053069261161505,0.4165616584975881,-0.0514130408717147,0.09537937354141937,0.049046379680095856,0.08876385012843274,0.3973482860522014,0.35556678725792246,0.5469533088390667,-0.5813794877564616,1.4677484321082959,-0.06902889464267332,-0.3226065291101263,0.06553509118132753,0.39794706619618303,-0.0514130408717147,0.049046379680095856,0.13628920072575015,-0.014007916117289491,0.001175527192537224,-0.4443508798929493,0.04708649175227971,0.08020158211213116,-0.11757927025044311,0.44111029575569205,-0.9246605095551427,0.02306770373128526,0.15663962999506711,0.12779101143100524,0.05421466853555771,0.1733905392765327,0.2928363380152249,0.0,-0.6090634204850776,0
-0.6968310955623996,-0.40346458096813603,-0.3311539496340917,-0.1368749710301499,-0.1359100074631323,-1.3373648413096515,-0.4002225746487107,-0.1857601506846592,-0.029240865301031125,-0.18295253203116107,-0.6569340892883074,-0.9266921167975412,-1.3015071070211757,-1.3421561320363098,-0.7504742903779114,0.27221910148454836,0.27081760424313417,0.2668691224881656,-0.1646009649035049,-1.451682027733635,-1.3879262740358707,-0.7766070614399885,-0.43848290123493594,3.0749345604819567,-0.008437953761485257,0.031283259475915266,0.020501336978957594,0.02887659004715371,-1.5771875476193133,0.5165695885001553,0.0033181438457475965,-0.7363619573682882,0.4000400251113173,-0.03881474840181425,-0.0009197795735403528,-1.2212487013601645,-1.1887909354571837,1.188790937007159,-0.5551584468098321,-0.16960985593079916,-0.18968230234765576,-0.8008594972987839,-0.4139748391779971,-0.25273381806722695,-1.1846882358465463,0.5245687621569842,-0.49583064225915385,1.2174333048229993,1.6578235540774329,-1.5024451168021573,-1.5189498724945751,-0.21056381492876744,0.049325882560199104,0.222682046334108,-0.2025921950075018,-0.2307101711239183,1.0624366019490055,0.27405630826779953,0.5699114365905351,-0.5755323755331624,-1.5773764345817016,0.03058515917615659,0.6040156509945716,1.5491692794752447,0.00385127739105282,-0.15046226053834108,-1.0206104339348374,-0.5076402627272947,-0.3632690940207614,0.28674589254178323,-0.4208534373019871,-0.738496004558053,0.14603865309863176,-1.118413792330526,-0.5203090299351937,0.8935193772767764,1.5491692794752447,-0.15046226053834108,-0.2899046112435301,-0.3289998644669517,-0.17099541964717743,-1.892515115587689,-0.024725045128509798,-0.3674447513404528,-0.11757927025044311,-0.28490396077897523,-1.1967007525071152,0.04664575677697168,-0.13710450536042446,0.022748221544196787,-0.19053317302598982,0.017639632501256615,0.01916993241564883,0.0,1.178633674076648,0
1.0256863337507025,0.8361330723632708,0.8883189372008492,-0.297894363752621,-0.29121085133749514,0.2827474362306239,0.25101452445885525,0.20764582407562765,0.1422137479566107,0.24447873372401788,-0.1362183274947195,-0.08661199433182375,-0.021548093411188716,0.12239232358333,1.4333529808820193,1.3284101871220353,1.3250794778936732,1.3223236421313724,1.393754769551082,0.7596237324571662,1.5562963775753365,0.9670836580839853,1.665860700895071,0.10359942668583319,0.022663801073874265,0.20159835287475425,0.2541636968991933,0.2738580302512253,2.0459415825399683,0.8097833571927986,0.653111757714959,0.2429867175088628,-0.09159889379443993,0.3441875091440982,0.023718202291467195,0.3272739632308996,0.352312380846155,-0.3523123833168137,-0.023076822486636377,-0.18194275931732953,-0.18968230234765576,0.9780922392888338,1.4571373978036797,-0.09800870138479713,0.9060627749018806,-0.32611261604197167,0.3446175795478247,-0.777435669193196,-0.6260014571893824,1.1021377131056103,0.2587061916810313,0.2992708640221088,-0.46345442872372344,0.0027812485478178844,1.0953920894692972,0.6916325109414927,0.24695588151538594,0.24474898040235368,-0.4541338473070259,0.7946221434519503,0.01925750913204997,0.017724068927300368,-0.6181645000614082,0.7731602147328461,0.03587773846316469,0.03226058589532003,-0.7126986145309111,0.7125718301510432,1.3667676504720236,-1.3826278168724204,-0.5614866461252729,-0.7384960045582822,-0.0658378801588729,1.0504288032864977,0.15071766562032782,-0.3403363259978226,0.7731602147328461,0.03226058589532003,-0.1931717709100451,0.1993001253676178,0.053562159450440926,0.2630448524136496,0.11745631835484942,0.1442561928060068,-0.11757927025044311,0.8329744272361055,0.23346147474965748,0.1618257594495977,-0.297811470272872,0.17804755402495587,-0.0024333458202025213,0.04699978214656656,0.07343757758043347,0.0,-0.34947241551805125,0
0.001215198359209554,0.03090989031629863,0.006872657660604253,-0.002668131463226999,-0.001785894775938638,0.048225047774917706,0.07361631055134832,0.0747464769850555,0.01682565638330828,0.08624064827532969,-0.6569340892893594,1.3782052163370737,-0.07768003961297702,-0.2550797344516123,-0.7504742903779114,0.05224007508219169,0.05220401299887902,0.04824861622577053,0.06914517787422303,-0.08997617953165485,-0.7942367558228466,-0.01309662265597378,0.03207105232592567,-0.01832350317400234,-0.04223076183072611,0.002285558631738591,-0.01817910892583496,-0.026637144766740686,0.6436680721349878,0.23008606618773458,-0.20949258527688816,0.01871643988111257,0.6222156628101173,0.49276988767695706,-0.5089468703590444,-0.4361220740396128,-0.3451679151425867,0.34516791293387133,0.23481965444659753,-0.09303346008428912,0.5078340545236707,-0.013425669591563612,0.043376496534180554,-0.20626742542926968,-0.6815396393261278,-0.12572484226224448,0.184342547633976,1.36131233349438,-0.6260014571909036,-0.8560795498143324,-0.8674066677990416,0.09566334669796334,-0.2207391811284707,0.29036965164581696,-0.4502291855648163,-0.43145376076870356,-0.026844252546648455,0.3969021282503207,-0.06224639145081637,-0.9475829863490712,-0.08060050274534472,0.01710165438841268,0.8473735533677735,-1.3386323167613154,0.07043341464076615,-0.14999201461876177,0.9179491011400063,0.08097715842096687,0.011800531284403443,-0.7296721292511837,-0.5160878664737445,-0.7384960045582598,0.04839062763643191,1.6392039688711006,-0.28413455177659913,0.025742779972525977,-1.3386323167613154,-0.14999201461876177,0.15945624142673945,-0.3416211160831098,-0.10974938788133723,-0.07668661787917797,-0.04742288815842226,-0.6195075138726196,-0.11757927025044311,0.05019796890270444,-0.33203670601651986,0.08902652440613856,-0.0027094550972411213,0.058160922890256504,-0.11364225795981858,-0.3651674527532843,-0.9892766720938091,0.0,0.3807124829856302,0
0.7986538007912133,0.7451999175242114,0.6358795352363815,0.33219715228080277,0.3327124833852278,0.26917929110792144,0.346433914874729,0.2635914008612003,0.2342275001380695,0.3074309501507684,-0.656934089289287,-0.9266921167982761,-0.1964217032384586,-0.5899434203960505,1.5494006932908404,0.6464783370275636,0.6435727340425808,0.6399289342298604,0.6634928594415805,-0.20178652943449701,0.040688077416890796,0.22693575699583984,0.7256961980137502,0.03772148821706784,-0.02245177568013308,0.048646540602211207,0.0423261682589619,0.03790390863186691,0.920498421654533,0.44813748194789776,-0.15232902363280712,-0.0737759020676592,0.5230185288272988,0.49080047211752964,0.01343930575249018,-1.0723601758277792,-1.0105583201155839,1.010558320630311,1.7006154513616745,-0.1914831401414761,0.28878347623273154,0.2321857071507293,0.7374063022443055,-0.18216229589664076,0.1782487238559422,-0.5619616046066007,0.5173593351740347,1.5817067301994403,-0.626001457184793,-0.31108498341551577,0.5360024639744184,0.3516460761398242,-1.194367611501833,0.19796902259601903,-0.4148755231271941,-0.516470949648751,-0.09273791084639017,0.4004384876181012,-0.11910935748294155,-0.919527711964665,-0.16082992362276746,0.011923662103421481,0.6561538427753194,-0.43701161331977023,0.005787526731586069,-0.16333466897130103,-1.0206104339348374,0.7900858443854616,0.782462674576326,-0.23582245988574357,-0.5727701830867596,1.5378396543353885,-0.026553902594216163,1.1252448001711135,-0.023053763188639435,-1.4903073347962172,-0.43701161331977023,-0.16333466897130103,-0.2899046112435301,-0.16553685742318278,-0.06814080129200828,-0.22621933985409667,0.009928102568974735,-0.5062200003655566,-0.11757927025044311,0.8197929256204103,-0.7870793098682682,0.05016848780332981,0.33196801482614535,0.13075673341937138,-0.1774354621124772,0.033029937706776126,0.047631243918523095,0.0,1.0120560000253922,0
0.6507296949134149,0.7017076628904693,0.7473054236436295,-0.47157402307177626,-0.47062509897424654,-0.1965218243218533,0.2952178995281874,0.27311304518644586,0.2877776107674675,0.31970296995375697,1.6765388225223723,1.0983869842278917,-0.5219615297413417,-0.5305246093751365,-0.23035475633861907,1.3229873670894525,1.3196494026283963,1.3168863844005525,0.8621991468502704,-1.0902977112790777,0.3828261175182673,-0.254299151866634,0.7663257679672711,-0.08920609636303667,-0.08606929852601265,0.06587353319291443,0.0653157359256975,0.06289125954006589,-1.5771875476193096,0.7643677310081538,0.1687402691127037,-0.31573779628215537,0.3687660380990547,0.5471576705109386,0.02996637883354648,-0.3380113414604767,-0.25230010861921504,0.25230010619857185,0.7230464464919965,-0.08255385162054199,0.6025586722264622,-0.23415296331784638,0.6696279280839852,-0.19967653462158383,-0.047763872461492066,-0.9126458814158281,0.7556319310829677,-0.7774356691931019,-0.6260014571898768,-0.22104311850476135,-0.30435795196759236,-0.0029151838004478686,-0.45793557021281295,0.1958212630016281,0.41300208876698763,-0.24360517760104125,-0.11151761024544402,0.6981421576646569,-0.2796786090604689,-0.5534159318363636,-0.39045380614821873,-0.07663741291478601,-0.9107905278343463,-0.921213514844383,0.049325761177222024,-0.12326135167371162,0.6534397307933164,0.5676269972469843,1.1830979945533922,-1.4514480001747456,-0.5290049983620372,-0.7384960045581912,0.003249978613723702,1.3998211714297377,0.26436014328860824,-0.6186674827538516,-0.921213514844383,-0.12326135167371162,0.10065382130236904,0.21682779535820876,0.07575759138067069,-0.7539624498896048,0.10364562957349815,-0.33264601556727696,-0.11757927025044311,0.6300121579239525,0.14994130821664983,0.2628102171299646,-0.47151468848193306,0.12864113859550635,-0.10224788987596702,0.06149749194217052,0.1000855685443292,0.0,0.28934986641049115,0
0.236224932245241,0.35124321326749025,0.30458606094962426,-0.08413160402358233,-0.0861052591429117,0.5326572773508184,0.20924363594815606,0.19433563569550946,0.06631492072123199,0.24214993188344278,1.4804860313313695,-0.7887326556455766,0.0528920521278511,-0.9956173122346914,-0.5363232726143291,0.3363419015576221,0.3346118829211198,0.33069487381893403,0.3558962091123803,0.02590979469446385,-0.5509183782834912,0.23650874073864037,0.2689226179720393,0.07819036067532135,0.024816614880067946,0.10188255365552198,0.11426401346321484,0.14536002588314872,0.4717561223412844,0.34997819999037305,0.1687402691127037,0.12037673836833249,-0.13217401994575154,0.25763314071947874,0.02277372887267131,-1.136884307248637,-1.0863378118782117,1.0863378128190788,0.36094615028102245,-0.18384785609077073,0.18943923734908427,0.23996947100659982,0.284431831259228,-0.24571593736655703,-0.2839947975859989,-0.6006907137756005,0.5460870697893829,-0.7774356691932468,-0.6260014571906583,-0.739130246101524,1.022963615131565,0.7572576001191904,1.0876408932756434,-0.30844440226909575,-0.650233552845038,-1.093511077401117,-1.1722019564083768,0.14453795772858793,-0.7954934661033447,-0.8775424419922291,0.06462866291657228,0.07401923705667103,-0.39253059360218323,-0.13350829739929618,-0.10619393541293277,-0.16271315464721395,-0.2692744697262049,0.38484341324119775,0.9642124843540073,-1.6454699263181858,-0.580711883811153,-0.7384960045583283,-0.07604797114067866,-0.08098686450241868,-0.012344552182578437,-0.1613735080639244,-0.13350829739929618,-0.16271315464721395,-0.22695092274658926,-0.12313192512456737,-0.04922400888085504,0.10344363223608476,0.019772746237579884,0.1824129405573221,-0.11757927025044311,0.40733532696646596,1.5444291687099445,0.014335223436917573,-0.0843421001658209,0.09438250276801534,-0.18317362990332864,0.05079591503157066,0.08043231776762716,0.0,1.0828826789380013,0
2.1026738987041207,1.6221800734789809,1.702094168022168,0.8869026018526682,0.8863204456794951,1.4964218626480663,0.40345350343283415,0.3071897053249065,0.11833219997791165,0.355621890422222,-0.6569340892893636,-0.9266921167982761,0.5163434024121369,2.770950404187513,1.5255185322290132,0.7581838876822309,0.7550139652188801,0.751501519439822,1.4112496282224452,0.9130286404347051,0.902891020181222,1.7158686152630012,1.6021758847862624,0.09407225362451743,0.02720307959030524,0.09815923658419967,0.10915452841264792,0.1048900564271917,1.464897182473534,0.5230846879665938,0.6508305914938628,0.2882631447093605,0.5120456893773893,0.9594697584281778,0.00606524106651199,-0.6825365808288468,-0.5876462214058604,0.5876462199598177,0.03877156018958339,-0.234545378502824,-0.18968230234765576,1.6714166498897576,1.526755916677139,-0.3154715101569635,0.9659851042745408,1.3661820705780323,-1.6019872427550916,-0.7489759298957295,-0.6260014571896249,0.5712381677805186,-1.1529399623282501,0.2630818150177773,-1.2845238012439097,0.38888043456322435,0.7972063196234712,-0.012154184028842016,-0.8468855564241643,0.9072061470689982,-0.680344820495465,-0.5234004837529247,0.43653771289864535,-0.10840800033381097,-1.732837030777938,-0.40520244692231855,0.07908983271065385,-0.1329182412774908,-1.0206104339348374,1.4191212907057262,1.068662522838728,0.1332222794593654,-0.589535307294365,-0.7384960045583172,-0.0432423417981962,-0.14104371208895858,0.07859944840579978,-0.019528087741815973,-0.40520244692231855,-0.1329182412774908,-0.2899046112435301,0.01831645262486386,0.016689935207648804,1.0027875565474058,0.05125657018292924,-0.4937109403127784,-0.11757927025044311,1.7746634870693738,-0.1767210693369729,0.08243911136962909,0.8866711727401062,0.2226504357461604,-0.14014710291518606,0.02440493064099341,0.03167762883457597,0.0,0.6146242033151715,0
0.18357117960263591,0.21224631867269164,0.14572195894692777,0.08349597327803678,0.09122612869909114,0.04707406029342637,0.14428394653038557,0.12991760585744494,0.08344158228497067,0.14730149172022486,-0.6569340892893153,1.6896142233515619,0.3409024186495028,-0.44932261484907166,1.6010881617582466,0.3785697465437194,0.37663986087977414,0.39413560385046437,0.2486359607793475,0.4600969197900151,0.5535653702185215,0.10378846124725058,0.23997807230233914,0.0274878672361864,0.01694859486302635,0.04401384903445881,0.02755777778987468,0.022151991653838014,0.2618577834919361,0.31466499140328613,-0.07962872440294974,0.3195320760830283,0.5263981079862246,0.5711556655114879,0.023683231369187166,-0.9190052694616344,-0.8373618292229078,0.8373618288456971,0.5993287077291927,-0.20817883245826635,0.5727693645594345,0.10352263925234846,0.253671832838059,-0.13075350887062104,0.8042855426100634,-0.2023703515669921,0.24683619582807206,-0.7774356691933265,-0.6260014571891052,0.34989304188648956,0.5741053661634912,0.18392348769001732,-0.42406631037023984,0.4370648375748027,0.22966565674577744,0.07682295029403578,0.6774376163682296,0.5140212536590529,0.20757470101478323,-0.4710215959105109,0.36944180927579146,-0.009270882073733252,0.4593159926669389,0.348104968903629,0.07334632740393193,-0.13711890234691637,-0.6541492018085603,0.3439614732782097,0.28204561656807203,0.47600404259272705,-0.5868809476401281,1.4958812010166478,-0.04001829876049816,1.3625976788079621,0.20851678076047114,-0.5160140538217133,0.348104968903629,-0.13711890234691637,-0.23211352596124582,0.38680036548017277,0.17578810759569102,0.7125293091570956,0.12656248650932267,-0.5100452461401631,-0.11757927025044311,0.30654575889313135,0.23310284815896726,0.05510331334669161,0.0833718399641717,0.08653333044052226,-0.16334014019703852,0.04328788733903661,0.06658904888392742,0.0,0.8502802065038526,0
0.8554084002869949,1.1308746628010637,1.3299607977979508,2.165821195802242,2.1607984184756743,4.590865555844151,0.6736501169522124,1.056571223830987,0.07557915246296197,1.1552110502074746,-0.6569340892893508,1.1901478297695878,0.7048431366335921,0.8674359767241018,-0.7504742903779114,1.0222256155484684,1.018742964343932,1.015574179807361,0.6997983316698411,0.27896231024328,-1.4684458948663406,0.42393757171397706,0.4992598653382663,0.9584575278570352,7.6829077677299145,0.49999674140221645,0.6937178225542137,0.7654882719454752,-1.5771875476192883,1.1772586218143979,2.1654232097998714,0.15295011639829076,0.9026098093469426,1.1852887929821294,0.041358496700122815,-1.4032580112369588,-1.421176723515212,1.4211767265797124,-0.7445648592285264,-0.17479201603782762,-0.18968230234765576,0.43044801913378655,0.42539096577295316,-0.3468359328626859,-1.3833557361772921,-0.3697448286022784,0.37799622543183414,-0.7489759298957295,1.5203648288874931,-1.6520366899576646,-0.955311908005601,0.586474328954287,1.6540586767383882,-0.07751369463196843,-0.9055416126203718,-1.553628410050981,0.5855659440173379,1.215968264710612,1.1902064172048057,-1.8699667118209162,0.22130892929042334,-0.10840800033381097,-1.732837030777938,-1.751785697196377,-0.06476609474707455,-0.20797562307375736,1.3198708688304466,0.7137376498823831,1.8851073796696316,-1.8749020687838642,-0.49074870002200416,-0.7384960045580629,0.12532689234055447,-1.118413792330537,1.7655289293265048,1.382468984351198,-1.751785697196377,-0.20797562307375736,-0.0391994022573573,0.6261180214335823,0.4230486794538145,0.2203448794726847,0.15389843498841171,-0.9407735429934266,-0.11757927025044311,0.8227635662356108,-0.12417880365235415,-0.09822441783923168,2.1658308517615192,0.12424317450754929,-0.20584834708710859,0.09851764515283372,0.16689155430703068,0.0,1.399292490999381,0
0.7662483220601654,0.8507499655655093,0.7442812876391539,-0.2756107121774225,-0.2746117628961029,0.25773410775093736,0.23119354110850587,0.20097115296218993,0.12804940497870995,0.2347985721794239,1.466128567111142,1.0983869842278917,0.12781967294420998,0.4565251288688729,1.1881131447676798,1.7069505764489523,1.7045099593872994,1.702223187109626,1.2599175375749876,0.9518597574860065,1.5183808716823752,0.8741305957264544,1.302598466667558,0.09124325965687513,0.028362957562649557,0.08214988443138856,0.08745616118464551,0.08454493115845331,0.9932001055254951,0.501687237042158,0.27742814925329895,0.1841612989441369,0.7333271283615101,1.013126561881211,0.022108776057192702,-0.6261138698803008,-0.5302679821815107,0.530267980529128,2.261762668179199,-0.20097923383540334,-0.18968230234765576,0.8849684983697703,1.2442691023448504,-0.1435442215512747,1.0233536396128682,0.13992640880905108,-0.061282378980670724,-0.7774356691930419,-0.6260014570729096,0.6661140476407282,1.8404917807429053,1.174584076742251,-1.6227782433059796,1.2860759962238617,1.767170719578997,1.3345105019459327,1.7704523795091516,0.9630359027446637,0.9714032174065733,0.1715554499341769,0.2116804266917603,-0.07881978750258695,-0.5069135546453983,1.5450495343730122,0.3597189402971704,-0.08807793680439553,-1.0206104339348374,1.0683627925913588,1.4390657064856136,-1.37474425733602,-0.5544835732842803,-0.738496004558257,0.00911092060477732,-1.1184137923307778,0.06046288860924172,-1.8034994240782376,1.5450495343730122,-0.08807793680439553,-0.2899046112435301,-0.030268140773945046,-0.0017486697286652596,0.5328527736509169,0.039689892398340774,-0.7470604217008693,-0.11757927025044311,0.9119330881152327,1.059804910335313,0.24156299054377003,-0.2755051558064296,0.1500345596026499,-0.13431448511922273,0.046775462509908564,0.07302393854621293,0.0,0.5602763374180963,0
0.4227698014067623,0.48069206742427034,0.4047469054691133,0.3291622008629844,0.32968189288466004,0.5156589675392863,0.22186536048719568,0.18629171229418315,0.07976978189917193,0.21105904695109745,-0.6569340892893664,1.2054321612221657,0.11819675618420833,-0.2844645810422633,1.4238750962116236,0.30384481416941855,0.3022774841468376,0.2983431575654113,0.3906720822426644,0.2323152304948219,5.444366484624051e-05,0.38394150363826307,0.40490536782011316,0.05459190137406058,0.04035579500547758,0.07140482572689098,0.07276150053475036,0.19506757934331218,0.7908247036016227,0.3062234372129805,0.1179583671422523,0.11785017313965138,0.5246251682605918,-0.1293728350210309,0.03671300188430118,-0.9275598309120024,-0.8469592416905075,0.8469592413596265,-0.5809058335174186,-0.14334710006481888,-0.18968230234765576,0.34367268240970295,0.3817686166234746,-0.06618132658714813,0.3358391635031047,0.43042957700321977,-0.38324302423892104,1.2207039172085385,-0.6260014571909359,-0.17185008705639493,-0.3355142631338728,0.28103078868508724,0.2941250021292124,0.5850563182376534,-0.34931992830381786,0.4208475314607846,-0.5906045220847488,-0.14068828416008186,-0.6197562207557694,-0.20536308819540086,0.1949987121156379,0.08861182760703133,1.1415058389048107,1.404464918058952,0.11083576462675089,-0.12292686529711884,-1.0206104339348374,0.5540268594329149,0.5911355104603067,-0.3552157863000088,-0.54370814369609,1.511830773242316,0.004018202695233876,-0.8721898359316083,0.060227225512322805,0.8104984448706258,1.404464918058952,-0.12292686529711884,-0.2899046112435301,-0.0327062176333976,-0.0024256096748747494,0.3841083747691138,0.039019665739504696,-0.5080022849571276,-0.11757927025044311,0.5165137565580957,-0.8015223181778134,0.020742839797787734,0.32919677896598026,0.10674633111359692,-0.16415072931309282,0.06384367735200093,0.1043787128182544,0.0,0.8591590810556569,0
0.18108229074116516,0.08469164456741754,0.24650414721993807,-0.16672407420428675,-0.15805699752032154,0.1012044027324135,0.11078610451367922,0.102960196447815,0.04222501130012754,0.1258340755626393,1.6924526270172395,-0.08661199433182375,0.17134735359726694,-1.1171087940370363,0.07732126458932548,-0.2440785454649539,-0.24171792447583434,-0.24533701933100835,0.13563181172523625,0.13639801954995795,-0.7043486296410995,0.01730826066082545,0.09050234746548504,0.17359617555787982,0.12401686812599085,0.12504149581072527,0.14625904842507403,0.1517445233285212,0.2428153157837338,0.26434102277989874,0.539574888781986,0.18123271266967197,0.8277971937561034,0.4525138422604799,0.3311311641373428,-0.9254708248265509,-0.8444329912480438,0.8444329909049347,-0.08678900299750032,-0.15559107884439496,-0.18968230234765576,0.016951786507252976,0.10321575885380047,-0.20061188609020314,-0.12297889685193047,0.25120270376135795,-0.18079421846665805,1.506131342731028,-0.6260014571908588,-0.5065166291932278,-1.0437259952320512,0.09971421548123952,-0.6378356805584456,0.9928382225085497,0.8155291379559679,0.6708012202137822,1.4321399440276037,0.8336711934008116,0.8361853730517995,-0.4031745970220081,0.21675174999535585,-0.03898828953727855,0.5325900910451253,0.6040390841096157,0.22135837708100414,-0.13368624976352317,-0.6556707008285823,0.009463084712340024,0.14723792483766152,-0.6857144935698729,-0.5069389772096526,-0.7384960045581955,0.08730163943060255,-1.1184137923307262,0.07686137960201636,0.2871636749348086,0.6040390841096157,-0.13368624976352317,-0.2166730858714131,-0.009037850948289163,0.007968030362553863,0.42466907107199264,0.04427054982441383,-0.8553785387928151,-0.11757927025044311,0.1177943242017145,-0.12613326907527614,-0.21594895131520161,-0.1666133255262491,0.0668332185683238,-0.16394373737375906,0.8212423714967856,0.8180636400285215,0.0,0.8568871784447957,0
2.288305419393798,2.0552633998214622,2.4229140522475943,0.6444396239508708,0.6444086151042973,1.2055429473583414,0.30168375641883793,0.27837768828402826,0.06451864441809872,0.32648040442376947,-0.6569340892894049,1.540776536667566,0.18589600582576127,0.26316551082320977,-0.10782026215269683,1.0222256155484684,1.018742964343932,1.015574179807361,2.1079001116873535,1.6206802270776066,1.5382141671614769,2.509029323950494,2.1392977822375374,0.3540052934139852,0.23690345212122693,0.31288923378354716,0.41526621210841935,0.41284271792740723,-1.5771875476193058,1.0569134257978383,1.9912271534335557,0.5245902875415529,0.3467790081602736,0.5822738117711985,0.013052099318854912,0.10495977415792805,0.15028350595105866,-0.15028350868484988,-0.076285354342815,-0.1773070631824935,0.40219125934606836,2.5152194665128116,1.8494553845945791,0.12190819794101032,1.4520390373815586,-0.11749261406016069,0.1788073480520422,-0.7774356691932365,-0.6260014571886899,1.382479322362119,-1.3041280420741383,0.20073718690554349,-1.4628323465856257,0.7980485327194886,1.5993273267631514,1.372337916961124,1.58220793574701,0.5522248115924301,0.5333330364086445,0.7501417113792178,0.2636898838283758,-0.03809766593904144,-0.2235151010657228,1.2075666954617728,0.3298467664617874,0.005009899412222781,-0.8410668623367679,1.3829388535127725,1.0165155709121274,0.25958822159764705,-0.5606770721961102,-0.738496004558285,-0.028220735231034605,-1.1184137923308457,0.45738773240364705,-0.18948555769518088,1.2075666954617728,0.005009899412222781,-0.2258644016028071,1.362711069417576,0.345943789655955,0.9638458819693682,0.4129540431462004,-0.30819621374793604,-0.11757927025044311,1.8016905018020435,-0.6870758422456288,0.08035559946190941,0.6444585080881688,0.2815225801055827,-0.04177135982581699,0.035616843422425486,0.052415170080887676,0.0,-0.12738798645075375,0
0.16990331418613436,0.24566832703460537,0.16521917034060588,0.2625862017918317,0.2757607478048854,0.03392026369588248,0.15924862637575282,0.13244100474011852,0.10027856908111872,0.15467043846001324,-0.6569340892892255,1.5421816916046367,-0.0807735196263512,-0.13553019473431185,1.6252229644958274,0.05954679125331011,0.05945927973280785,0.05550075355971874,0.2673592990024125,0.040049267215689514,0.42854896268153386,0.070755928125315,0.2771857918613044,0.026370369896242085,-0.037253907420175335,0.08017423535451858,0.08462408085949494,0.05586693931380808,0.5510643970662571,0.28845413673426784,0.11150327720304584,0.10668263838426721,0.020154874542774193,-0.029679717714313988,0.1484230850314205,0.5355355568554894,0.542443926040295,-0.5424439280216121,-0.3112562909691679,0.014074556227988234,0.47142439463642877,0.06338240019573596,0.28735486962974316,0.11388118647542633,0.13587919437753415,-0.674647524097976,0.5989730629346369,1.4049580017306078,-0.626001457190623,0.4526019553323968,-0.46330547926942683,0.10689617890925283,-0.2888738305144788,0.05505229855029448,0.1527707032625346,0.3275628469060839,0.5432315009179015,-0.10962968352441296,-0.17739833442449277,0.33449035324459936,-0.06414039587096292,0.14787486684573053,0.45142968437465414,-0.5310850755057456,0.08134478166352122,0.008021105176729658,0.23536857735738062,0.2702061791784133,0.25687488450437723,0.20692173624433075,-0.5374189489236841,-0.7384960045582933,-0.04313405110767148,1.6466276334190946,0.16426438137766872,0.1412445561458129,-0.5310850755057456,0.008021105176729658,0.15047402089137096,0.14409580754609644,0.03723240164400373,0.01921803475926336,0.10621448537119076,0.03612418446584414,-0.11757927025044311,0.24034880624779628,-0.46001060431025587,0.024477533909687953,0.2626748866455818,0.09030824633657233,0.042653791493247335,0.19428759998440354,0.3252141625707211,0.0,-0.5612675070534762,0
-0.4576191478729286,-0.2524097520604047,-0.29554921676186546,-0.7311352538257216,-0.7450001952674655,-0.5861868422339634,-0.039068094911992715,0.00957490723325238,0.05654635106497668,0.01604817699032534,-0.6569340892893737,1.3720595255061832,-0.38402825401011387,-0.31874540140462954,-0.7504742903779114,0.08421131185657434,0.08395321139632762,0.07998649082093295,-0.30169445679748697,-0.9313514769559087,0.2776988565800066,-0.982408827976538,-0.48745894057752587,-0.19190014218274018,-0.17199957565975035,-0.1260256333451744,-0.17835456244432016,-0.1880174897815941,-1.400524091930398,0.040392927587471796,-0.3923638878773029,-0.37291338767101445,-0.45855944755187816,-0.23028617428465628,-0.06161773710370018,0.4505647074517173,0.46497697134862553,-0.46497697355605466,-0.7528549783889834,0.031668675347722545,0.16085442928990523,-1.0130421305108568,-0.5065304161933862,0.04402383283451599,0.13587919437753415,-0.7753897444307544,0.6665120950621957,1.6134180153738897,-0.6260014571909197,0.1654173720034315,-1.3361702641087547,-0.044154910372647356,-0.8072943573886443,-0.493939658111828,0.21683467214994462,0.11103668473277051,0.6074812660678217,-0.30221499446329064,-0.24466095105075994,0.7120197230289146,-0.36047221438708005,-6.569869826647505,-0.11095984315530961,0.2993685097985878,-0.1463816595614939,0.03826668541826744,-0.033767102663986484,-0.13041850491045104,-0.552200823550915,-0.4645523213275843,-0.5382795240082282,-0.7384960045582724,-0.10091446242719511,1.7575551928396702,0.10521883973068354,0.623276503867788,0.2993685097985878,0.03826668541826744,-0.00012311521835596447,0.03590151557072806,0.013203221718096271,-0.866047907301839,0.06484671506167897,0.4769611934629429,-0.11757927025044311,-0.21281235810528498,-0.27400828333335336,-0.03490484708600389,-0.7313251521292907,0.002516005148997321,0.023152774292826073,-0.043037034505454534,-0.09489420856228169,0.0,-0.4748601839046432,0
1.0799287573892578,0.9470983233486194,0.980663647702912,-0.24232225991285655,-0.2413261328973074,0.22651198989876029,0.16339571940517095,0.1435665967094545,0.07013404635952047,0.17052885272534943,1.5711162880860816,-0.45172844153317443,1.007416759359672,3.5150624024486414,1.3541053208031593,0.7483175291650527,0.7451677054865444,0.7416431977249511,0.8958430996392445,1.5530491053831295,1.9136483961888797,1.1956223159968584,0.8859086740036959,0.03425908902159638,-0.016148432309921947,0.04619201438024665,0.03931747576612098,0.034565750285552546,0.508485104065064,0.2104529681393187,-0.2683085128617074,0.5464313278003378,0.4852061178013342,0.9100920633604135,0.005499190122002269,-1.0607188799088447,-0.9972831415046193,0.99728314194689,1.7365622228956188,-0.23457274885003987,0.40474116825263806,1.1800653909166694,0.8797595926056069,-0.1282476751487576,2.3756843156212866,1.0238860400472625,-1.143112000944273,-0.777435668912137,-0.6260014571462558,1.5106454250844805,1.8442242397705868,1.1002241448165724,-1.2666682931626654,0.4093360269672656,0.8945231641984459,0.089735211231185,0.31035270506163687,0.8858475532492033,-0.07266760550743344,-0.4144025227240873,1.172512810368462,-0.1082577711355827,3.5843579747573284,1.2327701012309362,0.056128072360830165,-0.13823433879251534,-1.0206104339348374,0.9258912898534932,0.7111566036592842,0.3982049047077083,1.955592496090522,1.0087871831375557,-0.08039440087073849,0.03754295374539204,0.11049684897447513,-1.5158323948275174,1.2327701012309362,-0.13823433879251534,-0.2899046112435301,0.3950455887534649,0.19880613084548596,2.0712718911193018,0.12427827825405582,-0.46325244744340305,-0.11757927025044311,1.1088882312124013,0.8622831877605441,0.07922602252926501,-0.24220554031535574,0.15418765652783772,-0.1763874575754267,0.023841493520824653,0.030635646016680253,0.0,0.9994532659644608,0
0.6424670739227447,0.7424701161388024,0.7088822271682167,0.2781879236378309,0.2787780541153401,0.24237796671644563,0.4879506835964644,0.43959813802441494,0.37233201086197293,0.5021835076301115,-0.6569340892893025,-0.19112056198685995,0.031845875933287755,-0.2972324071337243,0.5435205418771182,0.6635343531909255,0.6605831293205557,0.6569585759429603,0.6771170688963313,0.02119426175613322,-0.7621517444448273,0.07738470765050068,0.6075855969488314,0.11690180103913343,0.1265080458959007,0.08759106882521621,0.09470884807708622,0.09625436214014878,0.19593989698481795,0.44328907753430535,0.2138851986538572,0.05529014934695735,-0.035403998421849804,0.44526411616207534,0.02972246337372289,-1.1129141273292305,-1.058134453911868,1.0581344546916729,0.9138995208865632,-0.1718789800177949,-0.17929874072270968,0.07421987164110966,0.6096524065667703,-0.28410507538426155,-0.8522720634607027,-0.793646512009901,0.6769949969646855,-0.7774356691932442,-0.6260014571904827,-1.1063274244972032,-1.1429713181284678,0.11851440254882957,-1.0388356809969437,-0.27154087483092815,-0.6128470179063032,-1.1597855422013186,-0.1933018285920195,0.32148626737549074,-0.136314118318096,-1.0197324069934193,0.025800300557456194,-0.015007064074552944,-0.7351651356039078,-0.5728064895654232,-0.0982259756549387,-0.16880512925633392,0.03524215754168769,0.7128767883620183,1.1501605230117469,-1.0289800252690946,-0.554996866935939,-0.7384960045582641,-0.05790901770046075,-0.38948452609223805,-0.6536972438921674,-0.7645134424772182,-0.5728064895654232,-0.16880512925633392,-0.19653890552208161,-0.5920469663695465,-0.2981939359643419,0.049983118262887274,-0.0908605616601392,0.09048474051056907,-0.11757927025044311,0.8523853074123294,0.005950963464085144,0.054533002178998896,0.27824600410279077,0.1325223802134088,-0.18107014381763686,0.05987008335003185,0.09710408342358276,0.0,1.0565515737060402,0
0.5456222962141789,0.4794072222895946,0.6871648263383862,2.553740323367827,2.546945395005967,0.07501413521827055,0.15042842100999312,0.14474013003079697,0.08409130176496793,0.1710200825039438,-0.6569340892882721,-0.9266921167982761,0.32751420928767894,0.8965230373773255,-0.7504742903779114,-0.01608651737199651,-0.015622085328716721,-0.019533964053243702,0.37677305791922205,0.9175988817390737,0.6673237792084756,0.1625718288663783,0.3966849327034186,0.05761210453486186,0.2988883321577542,12.252266781623543,0.49675668852877636,0.5301589947860385,-1.5649201425229478,0.7812353374420737,0.4104125675933102,0.4599362818369628,-0.3581348073871675,-0.903690542107541,0.10215188500329477,-0.4592522746921944,-0.36704863937654275,0.3670486372245141,1.2740131016520204,-0.2066072827853702,-0.18968230234765576,0.16475275217090066,0.30007803587802556,-0.21690543321300787,1.0345392704837084,2.751389943894576,3.884359193819997,1.3218139975834764,-0.6260014571850419,1.016876849618973,-1.1995074507676518,0.08844207902863345,-1.6441458460662042,-0.4072168333637571,-1.0607933594843408,-0.5520819033624912,0.7362101043148507,-0.920962168238102,0.09540968837699987,-0.08847311503153218,0.3366576469636701,1.8055261997243681,0.6861830950697962,0.12824081101546864,-0.1227933920795219,-0.09810837805927332,-0.4405691098447022,0.3833534801113315,0.19611980847299235,1.9232638166359035,1.9589324843843487,0.7048636627315743,-0.09541495644677987,1.2663684137216114,0.2453040286534371,-1.247657861614783,0.12824081101546864,-0.09810837805927332,-0.208607610126152,0.5967832088896499,0.20188464674921403,0.9004762571524586,0.18748646223891205,0.38802159638934,-0.11757927025044311,0.47363936110832894,-0.9312997934262062,0.036059262226500084,2.5536798598477697,0.10898203851075403,-0.11624573716560989,0.19161005361490002,0.3211387421771454,0.0,0.40229987638517756,0
1.5734170606467897,1.356414294818234,1.5032211827663462,0.5151062465913595,0.5158367091654505,0.4179148003988174,0.7387441851273052,0.6263466337765172,0.5721491862049258,0.7071579339169812,-0.6569340892892527,-0.9266921167980309,1.1355609341860335,-0.9309730727185165,1.1273004947041452,0.9310686083281228,0.9276457314865881,0.9243549256277954,1.0142316456415923,0.4323063606508933,-0.6453215571063871,0.16905201461695654,0.9889659411393037,0.01403462481804821,-0.02147330250557198,0.08681548794055147,0.09365215553165389,0.09207428874090477,1.4921835307837836,0.4668304938099352,0.4305236185486208,0.1285832482798133,0.7637083107889372,0.7329591180708606,0.005180688193413014,-1.617784645884121,-1.7196522071619136,1.7196522124213647,0.48865990343446475,-0.22623729605669773,1.0676134170660971,0.171349922174844,0.9899150533745696,-0.2944329248605976,-0.5207297814287906,-0.41964568015439174,0.4142339482877235,-0.7774356691933542,-0.6260014571908272,-1.1438782070869509,-0.939144214213682,0.16872992301584036,-0.4954677519232967,-0.04722012699242238,-1.0825160283136104,-1.3990716412951822,-1.014863231496872,0.7352356554289009,-0.37032123765258773,-1.7117068896695415,0.7719025936363315,-0.02834610738930391,0.5915017268089144,-0.8966561777861298,-0.06454798265558392,-0.2037008644061759,-1.0206104339348374,1.3806483464951218,1.5032331558933538,-0.9117370825944671,-0.5813733679004536,1.5320193391717856,-0.021628217677110595,0.45708938547236516,0.03464698303601925,-0.17258230031131216,-0.8966561777861298,-0.2037008644061759,-0.2899046112435301,-0.059114384879066166,-0.02515894080510625,0.6032322327157795,0.034147818737593316,-0.781896071433242,-0.11757927025044311,1.469997394897776,0.049325953676646994,0.0727786063197432,0.5152082733153005,0.1616349585232182,-0.22303242779257926,0.023485203639587966,0.02997678206448176,0.0,1.694448606377255,0
1.12863974530287,0.9791148859145794,0.9139962620298312,0.5536317838482187,0.5496726146228831,0.6496110887452032,0.32842947002535516,0.25236993265503177,0.1565508251204651,0.2952411559998146,-0.6569340892893053,-0.9266921167982761,0.17081251194198618,0.4338682896891202,1.5430550918660018,0.8812504867024382,0.8778814968231321,0.8745251761467832,0.8823930296961798,0.2603141078746443,0.5759555735557809,0.7394305202566758,0.9788744544492627,0.05024768429640202,-0.009614163443128515,0.07600924118981099,0.0789814231825662,0.07525459256812389,-1.4185474367799429,0.4159246583273637,0.2291764190430377,0.12984514039436526,0.9413626283292045,0.9258170405930489,0.01234783604689494,-1.2000569438417286,-1.1624737711188826,1.162473772508862,1.1374724310044257,-0.2210847451873447,-0.018125988877812842,0.7488145392430795,0.9834970662514931,-0.09621481072280819,0.6798306059659215,-0.7693362205574805,0.6615459428026206,1.5965372599037495,-0.6260014571878194,0.07010556905372517,0.649725235823277,0.6332452333756455,-0.7172090357046481,0.9221067738665766,0.49012284450374227,0.3892009984984686,0.6037672746865423,0.8757799837549685,0.27034567273167653,-0.7229234860532286,0.22162927797696394,-0.033946923201258555,0.7575852620677218,0.7046674525373093,0.1686672757452557,-0.1568952016203054,-1.0206104339348374,1.5234864311397436,0.7636547674559182,0.20934861197267254,-0.5646001427295946,-0.7384960045583158,0.010209726349474191,1.440302019250946,0.18622249908850835,-1.0115333264998947,0.7046674525373093,-0.1568952016203054,-0.2899046112435301,0.26604967478108754,0.15691622140569814,0.31472881143246095,0.09696318308966759,-0.9847956625487623,-0.11757927025044311,1.0728450089964219,-1.043119484376882,0.07153381577835688,0.5536399917130816,0.1474767439545163,-0.18870014124933546,0.03180236413338451,0.04536071974110007,0.0,1.1542321647805742,0
0.3735838113959574,0.2752185804058329,0.33881261276704766,-0.04520350249915732,-0.04429109137605688,-0.04970238037664248,0.14360334140246017,0.13033766146561812,0.10204649728560515,0.1556403150189519,-0.6569340892893379,1.6688048549820056,-0.6343988348756031,0.2932659084110052,1.0512915796981968,0.18983150823448247,0.18889739937267902,0.18492592403477773,0.26268129315412203,-0.9875293669710561,0.3423483745577133,-0.040338295897671676,0.21513878443884155,0.009142028210133797,0.20873867279118694,5.11577838163911,8.385272514036483,0.45555443661285583,1.4377588406659374,0.2556809474735606,0.3692029284897319,-0.4564608073611947,0.7191928067975801,0.6907302455394111,0.12079470131882354,-0.32709465064654075,-0.24219177320130472,0.24219177076046852,1.696255175995725,-0.06889229166649609,-0.18968230234765576,-0.04092945192122627,0.22930883480848774,-0.0799705841118922,0.5900473228811316,-0.6006907137756005,0.544846724885056,-0.7774356691932952,-0.6260014571832491,0.24470946191687387,1.0553913712216647,0.10913545897167462,-1.0815691190926877,1.008674476314276,1.279459916163607,0.8833271332011583,0.6852321169506345,0.8979142233866231,0.06926208618172122,-0.1169707737789168,-0.5698294631221554,-0.06626111311179564,-0.1628344332823534,-0.19789959355647294,0.3222479137127718,-0.09418840282187994,-0.04780302404177868,0.1285709473828699,0.278823837805102,0.17965726569251117,-0.5381072299177337,-0.7384960045582306,0.029194911131203632,1.580111923052876,0.24283171922231886,-1.5071899080042281,-0.19789959355647294,-0.09418840282187994,-0.007559640052401973,0.36705017259344996,0.1211956702217939,-1.1302613017439436,0.14052584370405188,-0.730761140528959,-0.11757927025044311,0.26310180100165054,-0.7710065302047563,0.11875738364883942,-0.04497919532894087,0.08565458395463386,-0.10095357713863451,0.1931959559434113,0.3235552190299239,0.0,0.27927696642868416,0
0.15875892165016497,0.24987242909307,0.26395737548193543,-0.35502411765022196,-0.3540318427238486,-0.11079190061292381,0.12862677712574028,0.13044270734160698,0.1006097958983216,0.095014025069425,1.688719749803915,-0.9266921167982761,0.5058351811199853,0.8106076195109272,-0.7504742903779114,0.1537843667934682,0.15307112902093262,0.14909659807031858,0.07152743005042296,0.10354971437824281,-0.515913607056525,-0.10235522448973636,0.12589386877781333,-0.07572551667151735,-0.05849069214797143,0.02308362551905085,0.008742287856198412,-0.023849340194796696,0.16375146559998244,0.2522512385568879,-0.02724915099780612,0.10141000981532203,1.1277552578512349,1.0894677748487733,0.22081280474526802,-1.129246911356988,-1.0776151346216185,1.0776151355123653,-0.5721795916155247,-0.15217279884043758,-0.18968230234765576,-0.1029802622947765,0.1393298181106564,-0.26671738259132316,-0.14883370902104298,-0.04977966089618856,0.11731808120265526,-0.7774356691932861,1.7378502896186605,-0.6275482942145174,0.08379378486495223,0.03766907831203506,1.1170203249919448,0.30182532300818893,-0.48196925918168404,-0.9045364771947073,-0.5671290219524642,1.156409614553412,-0.016685514066818327,-1.626066122185489,0.17080004812154945,-0.05935874153243615,0.5698262883482867,-1.64467558989056,0.02650797767311589,-0.19580868990489275,0.9149102914354482,0.2659896506868554,0.3322927609066073,-0.8683974424666274,-0.5805583454624307,-0.7384960045583299,-0.002473435392849219,0.7570422868953784,0.07576368403020552,1.1052225438777903,-1.64467558989056,-0.19580868990489275,0.0004759618065994945,-0.0110041718643527,0.008890963702541582,0.2671900655290623,0.043487293100028086,-1.1932239374802853,-0.11757927025044311,0.21576550701807107,-0.03421970840594318,-0.06464683585269607,-0.35520536598316543,0.07653172517158485,-0.18251480696349345,0.5578633949422321,0.6962430233974897,0.0,1.0745884975362954,0
0.28321023823730007,0.35372476872244174,0.24048437706033102,-0.16672407420428675,-0.16766823324585395,0.16655906658239045,0.13918979242588445,0.12291225576734295,0.05748538486526696,0.14621823951679153,1.6690651559071132,0.9329124198008197,-0.0026504938229606327,0.9882282497141508,1.508413074811892,0.4998233751734937,0.49739045750187366,0.4935967151320341,0.27203543467404817,0.2206394098242584,0.8208814536769716,0.3311448886492459,0.2523873816018765,0.07151675264937406,0.0005477581360925387,0.0680137631795066,0.0681932482772098,0.06654647169230002,1.1048370727184793,0.3300364088371643,0.14222150939720127,0.21840891104182344,0.6702262057580809,0.6582463788067051,0.24333559816118014,-0.16297346162692877,-0.09130211671570734,0.0913021140444922,0.5660287496243593,-0.03708229584603441,-0.18968230234765576,0.33670901795138275,0.2666607229812676,0.13211585918043928,0.7775985004792862,-1.3950607456495283,1.0686229826733953,-0.7774356691933514,-0.6260014571875553,0.5524012689407802,1.2841149258383766,0.4976005140897874,0.31671901103830813,1.1718661207883334,1.5171783380111918,1.2699835386403797,0.17517172291429278,0.8163267060780389,-0.35377976099664893,0.21711984210370402,0.026434032167046352,-0.05557290437221943,0.008360471785306196,0.26804162673958387,0.4199652070124978,-0.06110098851857499,-0.3561381040844999,0.37623784112727127,0.30401468519247693,-0.29230160302093183,-0.5393306500634628,-0.73849600455824,0.022984681614557835,1.011443375164586,0.15590484353140763,-0.6379490905108143,0.26804162673958387,-0.06110098851857499,-0.07172943719210681,0.20617247838635663,0.06708097355731762,0.20763308014932766,0.10496912447281909,-0.6746113420087867,-0.11757927025044311,0.24239986850894457,-0.7777422984979098,0.13426220808959063,-0.16689252082874195,0.08409152972469101,-0.08042203556108823,0.39965803831734503,0.5745013737572535,0.0,0.12699867103885074,0
-3.338257317470757,-3.1103596816983807,-3.2644862830892163,3.220166217190889,3.209947759900721,-2.5187452930605896,-0.806642023248613,-0.70527507828663,0.6900897830918503,-0.8355700071115527,-0.6569340892842286,-0.9266921167933376,-2.2605320285447306,-2.3465309187284045,-0.7504742903779114,-2.078827376999374,-2.053551779126545,-2.0519812630054206,-0.5773440939627688,-0.48241824212646656,-1.652052450837128,-1.674868709278542,-0.5194385381049423,-0.039341186940233815,-0.09715419753835862,0.04321726348523833,0.035143467642647294,0.030179999625830217,-1.577187547619335,-2.6137743491173686,-0.7053627491890675,-2.018275949117033,-1.116848530559029,-0.7417055618246396,0.004649693640922359,0.4595355518862001,0.47297337333633077,-0.4729733755220874,-1.1143016463999385,-0.23457274885003987,-0.18968230234765576,-1.7328367069444597,-0.5403064772530914,-0.21832927117800163,0.19895770016117473,-1.7788306817738957,1.3220635589825172,1.529686746658797,-0.6260014571902022,0.008797559118645932,-1.6477925459317573,-0.644047439313111,-1.5466228777207311,-1.2856465404680064,-0.3123352103468095,-0.3445034657927201,0.6815450184490827,-0.9058989774396121,-0.29975227728158865,1.1072133741388301,-2.7925405999750144,-0.22228150479387693,-0.3281874798601312,1.4163260691429551,-0.4093905531663206,0.0845797305868893,-1.0206104339348374,-5.115758062186173,-0.36423714642042626,2.7612607266324094,1.9569665897048425,0.7916981725207103,-0.12552820823877722,0.7601583686550931,-2.2723934063719096,0.9479170947860118,1.4163260691429551,0.0845797305868893,-0.2899046112435301,-8.557689612592656,-2.5363684144324665,-6.7806658192593545,-5.587187768562169,1.058868718783247,-0.11757927025044311,-4.432496509494159,-1.3966588679356013,0.04074005541336206,3.2199450347441867,-1.6220396267855934,0.025139211176841553,0.022726441920720028,0.028573747629856438,0.0,-0.4840098809368869,0
0.09566600152991847,0.23189592500791265,0.08485823934841986,-0.08946999549040306,-0.08852995201246373,0.005850291128917114,0.12784444411469684,0.11410890249860695,0.07547200187404425,0.1355617156315886,-0.6569340892893835,-0.9266921167982761,-0.18821978077495324,0.14307248958589347,1.566921280738219,0.14818660958309376,0.14750857860019123,0.14353398912794613,0.332659102469295,-0.36212638641159256,1.7839744254160326,0.290373979469917,0.337007773911902,0.0808283243052008,0.05505185869862738,0.1924553407738699,0.2411304227411013,0.10415520965601363,0.15919528178974324,0.34854431973343747,0.19808022492593116,-0.11276397487721752,-0.04167035454628439,0.4547754158963238,0.10922064754056518,0.8375063423698248,0.8170406171094474,-0.8170406180146003,0.07711976728898118,-0.06143607818059371,-0.18968230234765576,0.2975713056714614,0.3524220310275203,0.6945970855091937,1.4921355707830186,-1.133393516371144,0.9025939659642473,-0.7774356691927102,-0.6260014571861002,1.7497890122951538,-0.4186169699653726,0.09746471947202724,-1.4276237985804088,0.2482167788285402,1.9875739319672505,1.5102808782786132,-0.30721175841936976,0.3931752624582879,-0.7459864226361477,1.4214178347742912,-0.16617381003779705,-0.05378947283543258,-1.1197006801370752,1.4399536757955254,0.2453557159391027,0.20045639097878262,-0.9698936284601946,0.3718629805175015,0.22784897212743163,0.7036774734845468,-0.5834045934385724,-0.7384960045583145,-0.07101001617337721,0.019528005030281792,0.029032082514581833,-0.7783664872459032,1.4399536757955254,0.20045639097878262,-0.26246137754056953,-0.16233667428872284,-0.03080547795094984,-0.3177340456093625,-0.02379363414607635,0.09655437546652694,-0.11757927025044311,0.2531380536537737,-1.1826967067692145,0.05492377353244787,-0.08939117117161308,0.09799143151951026,0.12771051289830668,0.15066299455197452,0.25617134248009726,0.0,-0.8628238301445789,0
0.40434537644230606,0.22235246328025804,0.31618575064667837,0.500237813905524,0.49485719305213394,0.16340480305868627,0.12349669849380294,0.10825896201942299,0.04365149363434339,0.1268974366392971,-0.6569340892891773,-0.9266921167980674,0.052785206567782995,0.7923868172321138,1.70003160455493,0.1994384761635037,0.19844719978187259,0.19447729461473817,0.1474586474612391,0.3278487397304102,0.16867271976090809,0.16581317003418908,0.1362910467825491,0.04678034128067475,-0.028606153986483664,0.022700580138595456,0.008243381681039264,-0.002082633675117357,1.0362471591938938,0.28116505674547476,0.09110509464346846,0.20923090840158143,-0.6938281696700445,-0.05162099097045695,0.3801315660652488,0.4479179693574843,0.4623100307537452,-0.4623100329683164,0.01708294424512487,0.018806982917827734,-0.18968230234765576,0.1710203272052233,0.14869999539120954,-0.1997656179700254,-0.14883370902104298,-0.3995049919049558,0.4023632379972946,-0.7774356691927755,-0.6260014571906068,0.07010556905372517,-1.3116954919397459,0.09566334669796334,-1.1071500126820981,-0.6658869065556914,-0.1631177288553676,-0.8638662785449363,0.12926884003173322,-0.06815526548279918,-0.2931138918431601,-0.08741423459170873,0.01704509443241296,-0.1591508109265384,-1.4256117438253335,-0.9993854913870597,-0.207212478135029,-0.042845794330236255,0.8271405610475823,0.16279744230154222,0.1557724351587702,0.4327832007190159,-0.5717058633081697,-0.738496004558285,-0.12314034453659915,-0.44161418813103037,-0.04088126147573894,-0.17069641536967695,-0.9993854913870597,-0.042845794330236255,0.160531975696361,-0.16220748747549277,-0.03442682555265244,0.27487615196396625,-0.010922645967337753,0.6829429041640614,-0.11757927025044311,0.13423525220871788,-0.6895157747889209,0.020251923070108445,0.5003394185756579,0.07024975642874881,0.0225676519452046,0.8688599199811755,0.8332040911093164,0.0,-0.4721495446161691,0
0.07389221520310899,0.16341113588344666,0.11928930488176902,-0.4697119509988741,-0.4687620262731267,-0.024730560088346815,0.12605849986354217,0.11544914593330109,0.07987753291335904,0.13890337481348794,1.5220730107516034,-0.9266921167982761,0.018814673841601737,-1.0618032134552093,1.1414502309353907,0.8241387330760745,0.8208503261100978,0.8174203728958551,0.2580014077971821,0.3882499389428169,1.1094388927797647,0.050801112728818994,0.20685279358128317,0.04166997416133478,0.01992740208549228,0.05612681971606592,0.052270103320109514,0.02624085675340888,0.42014538410148866,0.29674520060078735,0.07504835873737223,0.23507743488972757,-0.38102332815587625,0.27480423579568475,0.05392126539296565,-0.2399140730614143,-0.1616836522621993,0.1616836496815255,0.9490653137639838,-0.17171873425481668,-0.18968230234765576,0.05285239105721979,0.2217313908767799,-0.052965120183353774,0.8174344750197832,-0.7452820774922175,0.6471301026868387,-0.7774356691928342,-0.6260014571872708,0.6257155107041572,0.5801966530101045,0.11673115356111786,-0.9320299555710677,-0.4118121817408743,0.5496036605921465,-0.10377790243059629,0.016245334933687162,0.13482266014620797,-0.4764140138602854,0.4013956222786987,0.0693696287415058,0.2215247137796584,-1.1902535498231408,1.0156952356496693,-0.12260103400300214,-0.05108832556159513,-0.7136188792247009,0.5012725792818733,0.35237666973092013,-1.145772371459975,1.9607040142723224,1.5586134216852068,-0.09496905963253749,0.7694458332905215,0.136506008277647,-1.0517795590801715,1.0156952356496693,-0.05108832556159513,-0.23469357263973734,0.1772413654708514,0.06073995184682038,0.3046429444876935,0.09569823737611577,0.40849219171872103,-0.11757927025044311,0.20515404378051755,0.20996153596092448,0.02247179659190306,-0.4698232635561786,0.07871910069431452,-0.0902844091979833,0.09143351274129742,0.15428639628703947,0.0,0.1984470433346463,0
-0.10407205853292709,-0.09539706300427588,-0.09785994795117939,0.12661847520656394,0.1278826910572201,-0.12160355062686137,-0.049577971504502084,-0.06473346945897168,-0.06741181140820562,-0.043721501618839746,-0.6569340892892255,1.1145301046601053,0.026291358081401168,0.7146336658792329,-0.7504742903779114,-0.03271752806170448,-0.03212616855223733,-0.03602384638987514,-0.1427054977267827,0.18557698743572681,-0.8914669196395816,-0.09888422813820208,-0.15259975406117574,0.01946326863231116,-0.08914954884022024,0.11515543936493845,0.13255769038443999,0.13907517752918871,-0.06388456472808837,0.11665676729010611,1.6093817490747913,0.14350479976656044,-0.43706131389329883,-0.12572611948872464,-0.34629785703382476,0.2760884575181101,0.30541038292082867,-0.30541038547717925,-0.4965724720688058,-0.007290471353122513,-0.18968230234765576,-0.1019138186766889,-0.15019097363769204,-0.2522897265019305,-1.1846882358465463,0.5450186871970978,-0.5204859374367752,1.3394026288436418,1.731818348323866,-0.9429353852371909,-1.4298614977621722,0.05472207502355186,-0.465282134912098,-0.47199848576923215,-0.2719757312852283,-0.6165855186224369,-0.38820540363658523,-0.16957800006575346,-0.555164534096328,-0.07456525891736951,0.007480297736220918,7.355472522474108,-0.3451334782700238,-0.8468288094917491,-0.13861753028198784,-0.05594192441866771,0.08169583125244034,-0.1048747261984347,-0.3518918882011899,-0.23151308070329182,-0.48886050748050436,-0.7384960045581523,-0.09753955579362823,1.594465646736893,-0.3409005758653515,0.3401862687806718,-0.8468288094917491,-0.05594192441866771,-0.06746173362415721,-0.2955191524959206,-0.07149541876101903,0.21884449982582238,-0.05752701343876129,0.4580745963792038,-0.11757927025044311,-0.17174243107248724,-0.10136643178046964,-0.042902520786542726,0.1265782327351625,0.015370533024975038,-0.012211444417731428,-0.5062850708317724,-1.771243337697674,0.0,-0.2976827714412798,0
-0.07435060365010511,0.34442821921673344,-0.07593537520033222,-0.3724270805715052,-0.3714387660455702,-0.07099187594437538,0.1228294719581115,0.11948323850568537,0.08626079139540054,0.07912194627899066,1.6657985984825712,-0.9266921167982761,-0.3005350008392004,0.640923192302529,-0.7504742903779114,0.016838779289896792,0.01705773771324148,0.013121788397606313,-0.2746531731065431,-1.2153889129469324,1.3400644663806325,-0.0540343661773031,0.20685279358128317,0.06585097600785028,0.12239215434838328,0.31263792570293536,0.41489796663346556,-0.46231833949602114,0.3846224636762399,0.3532691653992292,0.21934285551887997,-0.44765029662074945,-0.8249950304038041,-0.2951861481600691,0.2861580583945666,1.195530331231612,1.133377985214365,-1.1333779843986755,-1.2336547700301488,0.3307097387425632,-0.18968230234765576,-0.05528984549629808,0.2217313908767799,0.46555292110017354,0.6356780608178957,-0.8243959506184726,0.7001624849577539,-0.7774356691932027,-0.6260014571906418,1.3999908139942845,0.12796855619974434,0.06617229320141424,0.2588346205789015,-1.031231757372083,0.7224081882888931,0.327885604800688,-1.3208298177565774,-0.36141262390626766,-0.9737480205520088,1.4442846506823643,-0.2861004698562703,-0.21723056409222904,-0.8398873547640162,0.7382060004472328,-0.43626648162891185,0.3205185594888223,-1.0206104339348374,-0.07459688298858198,0.25666912581231627,-0.061965954880896415,-0.569313732784426,-0.7384960045583019,-0.13847882847627527,-0.7306554224264387,0.07329188357043534,0.5879604396099796,0.7382060004472328,0.3205185594888223,-0.2899046112435301,-0.0010595988088898513,0.002775639657348484,-0.7752709420916174,0.05946273400130008,0.7979702074538043,-0.11757927025044311,0.2179894246014048,-0.8928220245538994,-0.05477422342880802,-0.37235531524127635,0.09765349643314516,0.27558584053714025,0.7594728782955757,0.7958635858771601,0.0,-1.195495497128243,0
0.8397510443915377,0.6365499203623228,0.798987738709117,0.5819495020994606,0.5517257862155424,0.7232581115678043,0.22900750768172087,0.1912003974017824,0.05863496041936276,0.22684270296746717,-0.6569340892893251,1.472831815029709,0.30191951958231766,-2.3465309187284045,1.4326369714107783,0.4485855018405922,0.4463524855199452,0.44251430883072734,0.5837801560357432,0.49479874357935305,0.5279359804688296,0.7683305289581552,0.5728826243815774,0.07289465777834517,0.0027777581116058426,0.07471639849150531,0.07723302607363022,0.0777991701246691,0.6770366728145902,0.34264894527265877,0.17362198909255794,0.22216141816007662,0.6632167152714721,0.7283617667283357,0.004649693640922359,-0.9309056342417198,-0.850496729919015,0.8504967296053055,-0.2885492917706983,-0.23457274885003987,0.062294249002399465,0.7485226691057228,0.5733714304294077,-0.11486073006547015,0.7910077131188341,-0.3995049919049558,0.40221750897418884,-0.7774356691933226,-0.6260014571904602,0.28639089930773987,-0.5375825680347083,0.2955501179849422,-0.5270423752396535,0.7796367017186657,0.8564567906047719,0.5582575273042372,-0.27648879512360963,0.7703462769675128,-0.4542557899064151,-0.2752682314310605,0.3880484315018334,-0.046691657517644355,0.16618175946660857,1.1216525712516583,0.162163826546668,-0.12690818542268337,-1.0206104339348374,0.6730785390839813,0.5345898748760146,0.42248420035431317,-0.5678684296401814,-0.7384960045583047,-0.012047154940435982,0.5338438065628366,0.0023483035441938384,0.46380056948079135,1.1216525712516583,-0.12690818542268337,-0.2899046112435301,-0.1744866596914542,-0.06596618407651882,0.7402874942342522,0.0064779200067845875,-0.6664837769968424,-0.11757927025044311,0.7295274179753903,-0.30374200068461554,0.08392625340240599,0.5819388403256027,0.12600421141968207,-0.16445583002164701,0.022726441920720028,0.028573747629856438,0.0,0.8625135840885845,0
0.26218899088958064,0.18684044872971697,0.23981620660329056,0.025309841574493598,0.026170252543253513,0.25438323698498316,0.12427568949316624,0.10184399686076048,0.030240816545009343,0.13902290666952757,-0.656934089289422,0.3054500381897969,-0.009804335006005362,0.4019392821095795,1.7475817929527862,0.11998335216874303,0.1194864484162911,0.1155133474070843,0.22988209190641534,0.13874238085757437,0.8020216841073544,0.4422912148857677,0.17990132372296447,0.13902598962435614,0.0642473651888705,0.013070618778113151,0.005267355507350463,0.04631797756794787,2.6445199733219624,0.6245854630053972,0.021834356380824326,0.15001255242794748,-0.3035410561942742,0.0994215248747163,0.35534957833377945,0.08784999876972589,0.13507201396559687,-0.13507201670765429,0.47220348201341034,-0.037256250681073175,0.09333853685146452,0.45119587399064637,0.18457029080986717,-0.1136960532262093,1.0566347842050856,0.24551652793609227,-0.17248589349767066,-0.7774356691931701,-0.6260014571893695,0.9565370841118656,-0.0471075533649701,0.23401377601519163,-0.8378578888363505,-0.36406958062037087,-0.1876100102605698,-0.5480248985380537,-0.505079858764483,-0.04894748992667398,-0.5938693995394125,-0.14159972910368795,-0.015236156865233764,0.34900783778561484,-0.3115714732555483,-0.7636648362342475,-0.1051196392559968,-0.07430554197930715,0.9118062890513912,0.13234600285447706,0.13936027161798464,0.3745487551304924,1.959724015121153,1.3845463406315508,-0.09194707687795961,0.2508562979952228,0.11333454190742716,-0.44010879038481715,-0.7636648362342475,-0.07430554197930715,0.20732613604983655,0.11334849819241878,0.03616998340750494,0.1279399197203287,0.08430177184228155,0.33925002624945266,-0.11757927025044311,0.114767727668031,-0.20436308509718246,0.02811588557977277,0.02515774018478945,0.06662100368873997,-0.044487508097515074,0.4114504580760774,0.5853608035916023,0.0,-0.11069881747128182,0
-1.1694548902922195,-0.9011225133568924,-1.1050681304850258,-0.41978021058469195,-0.41880715994576934,-0.12696668912300452,0.018767150320316242,0.021544600581087456,-0.0025264417028811235,0.027443570393360303,1.6682642567691182,0.37227386211553065,-0.6711175885878166,-0.7624273060733042,-0.7504742903779114,-0.46048060770325866,-0.4560485673055866,-0.4592439281049951,-1.4938739250271373,-1.8352320261128106,1.8724189026740308,-0.3449149062019851,-1.2730170876400717,0.03026790993374178,-0.06898077619168413,-0.14590620789832556,-0.20246035088216163,-0.21391269185183678,0.3645482369063908,-0.8697994179372496,-1.2233876436448805,-0.9541573047443155,0.652126292107064,0.3474192295682617,-0.016277074348201283,1.0530024360758201,1.0096872886549066,-1.0096872885694586,1.5897204258798554,0.2877025940032392,-0.18968230234765576,-0.3346919097549702,-1.3335813511852845,0.6342766841174906,1.9755019456468796,0.6939127525292906,-0.7080893029760098,-0.7774356691932601,-0.6260014571634872,1.8166011005497775,1.4096539512831923,-0.06765871045185903,-1.4033444680161513,1.4796209115485155,1.4812457995594708,1.8384810251420018,1.0392380898788607,0.5606381178724983,0.07396617055902825,0.6255252420553825,-0.5487589515051398,-0.007851994978793716,0.6666672124968968,-0.6085902540333916,1.394697392406245,0.1354195522921636,0.3023514602782643,-0.5699639499420599,-0.45802467230292093,1.2809244945496778,1.9603364272590829,1.3956205141922207,-0.04395651510133497,0.9680838209849553,0.009888870316632211,-1.5211905130245624,-0.6085902540333916,0.1354195522921636,0.6387794340876489,-0.3174692873079647,-0.06105388417898179,-1.6295346707946285,-0.13036483016054898,-0.6537627668253031,-0.11757927025044311,-0.8130811043458821,-0.5209387424593258,0.063749808486252,-0.41994908070863646,-0.2188727860775415,0.20879110054149186,-0.009088496495361111,-0.03043807224222,0.0,-1.0673669773218155,0
0.19916498880752148,0.18801710210290104,0.27339367676694626,0.1062733400813875,0.10706158780480342,0.048800971935866085,0.13727159744445816,0.12991760585744494,0.07643690318055693,0.14249491144216475,-0.6569340892893095,0.25585154103299884,-0.04812527090073023,0.5115183073445378,-0.7504742903779114,0.2669061751870145,0.26553326923842413,0.2615826838721106,0.17814629328282147,0.14577393604323396,-0.2885192329261085,0.020671074324064804,0.1570693585125594,-0.044890712703982705,-0.04731507430350328,0.020967917809796545,0.005988138021277183,-0.003737568960968016,0.7908247036016227,0.15000974283409868,-0.16833431864038473,0.09317825053916949,-0.7988098113272764,-0.35580540155744894,0.333770653623332,0.15405070777382712,0.19483233592880467,-0.19483233862880198,-1.0175575026623453,-0.0028228708181979745,-0.18968230234765576,0.0172954424144855,0.16464195329411976,-0.1214886280996198,-0.552099412633405,-1.1056728301006373,0.885865137306901,1.5131293430740906,1.7061052266544652,-0.5212700594611286,-0.6614922703883919,0.10375713346986919,0.9090651870849117,-0.8057343745758426,-0.35121671964747303,-0.5882238221968875,0.4055134558096206,-0.5383977250201792,-0.2694610295610766,0.3709852702196882,-0.02345635482307047,-0.305658480033809,-0.3631112765935237,0.04042607742057239,-0.2406882586433812,-0.026208460517905752,0.4549888624517874,0.18102614405261752,0.2732171081584521,-0.8304563573550893,-0.5339501285764293,-0.7384960045582614,-0.15179447621589257,-1.118413792330874,0.436284913225953,1.2051294014156864,0.04042607742057239,-0.026208460517905752,0.03272226081199816,0.3778207942731349,0.1023012124766764,0.11164451139039647,0.1635827929843698,0.7749268858494832,-0.11757927025044311,0.18416422839466942,-0.12175295877298199,-0.3993680925078586,0.10624672940687391,0.07756158703594604,-0.03375890754239325,0.36779929352118856,0.5434856842621465,0.0,-0.17560551606018776,0
0.5435950533502588,0.6572728729746924,0.5277570262670183,0.24047788057219452,0.24111669436853675,0.9405735383319053,0.28600495547428717,0.24264291748453118,0.08117169908431253,0.2818096083359068,1.611919282769739,-0.9266921167982761,-0.5314141383396724,0.8942396364879132,1.27179684829179,0.5642055586873873,0.5615472002795842,0.5578155336754919,0.7518457956658597,-1.9047616327787076,0.4273379636027274,0.8599337792087354,0.7419538707392932,0.009463140379625238,-0.015565394057788806,0.052129350419967906,0.04694893114219757,0.04239965769322444,-1.577187547619311,0.46641081556527186,-0.1616263477295906,-0.974131524743011,0.5013906101877298,-1.5677670560513506,0.08917704221491614,0.27051889269747065,0.300435154332393,-0.30043515689698524,2.283125116223239,-0.03879776066281897,-0.18968230234765576,0.8715497555956481,0.7505133587297909,0.5913773603457614,0.19895770016117473,0.7314918665780926,-0.7555133773311123,0.4992561203761968,-0.6260014570721147,0.1654173720034315,1.85472986361327,2.5617467007571486,-1.6064035374043721,1.350868219237146,-1.5046654648400344,2.0254388219858592,-0.7653314725516186,-1.7339011563582911,-0.8289729639339115,0.9836112956831979,-0.59194993337864,0.219797464901099,1.5529335540993616,1.537605225695522,0.6452909613049922,0.045780853967487475,-1.0206104339348374,0.7805839599101395,1.4512337379554299,-1.7501464765687347,-0.43834440034092126,0.987382242756836,0.14357812438549064,0.518135893128917,0.10014778883823046,-1.8164949239253332,1.537605225695522,0.045780853967487475,-0.2899046112435301,0.023718249508788317,0.011251807344008012,-1.4252036868423212,0.05856612091424682,-0.48161842152800843,-0.11757927025044311,0.6318503863205085,-0.16116627392027302,-0.3149311635511494,0.2402865627618221,0.14659284226786318,-0.013234586051457596,0.022726441920720028,0.028573747629856438,0.0,-0.29213519748812034,0
0.9040399646541839,0.8885227215904713,0.7776447955899516,0.014501185495268054,0.013407910238951933,0.5852360602303786,0.26486965174496657,0.21538670109975758,0.10848347484629998,0.25083591557626594,1.5911150141431192,-0.9266921167982761,0.12322194737251368,0.3888177588753425,1.4696629602800444,1.1624977015238906,1.1590186015504846,1.1560399463002584,1.038711392409091,0.49479874357935305,1.1399161281104362,1.0946216685537082,1.1159026260714782,0.04634217233186518,-0.004279679140945169,0.06359180467260458,0.06227551387070093,0.058105984726954926,0.727755425386065,0.4162080799366436,0.07611749181777408,0.17934962072020938,0.7502647345576878,0.9379490907749747,0.0065603530680510315,-0.8222888846759363,-0.7327159877446728,0.7327159868869121,1.5462897716423936,-0.22492778572870462,-0.18968230234765576,1.1005561496818834,1.114520852969476,0.017642854448440905,0.9423349206085243,-1.0782197091597647,0.8672585755979966,-0.7774356691932601,-0.6260014571822635,0.5003880697963118,1.4570709378506508,1.2025323219978679,-0.7758928255793723,1.0711358735707328,1.2568098088457955,0.9364329627125477,0.3561965785797673,0.8892275997234689,-0.1485518559193529,-0.12174650714289606,0.1936345136549704,-0.059721174223775944,0.04027890605060584,1.2235352227266179,0.25862427744088945,-0.11447369086615701,-0.9327960893887504,1.071694756778095,1.3517700761395233,-1.1390878727365528,-0.564173952676582,-0.7384960045582905,-0.0017725514131742349,1.03687827597491,-0.13252360652447967,-1.4080368729538828,1.2235352227266179,-0.11447369086615701,-0.2705953078394469,-0.532607591760227,-0.21762834745455928,0.4214158597967719,-0.08770925175067021,-0.7664999540116698,-0.11757927025044311,1.011306679656713,-0.46724911947703146,0.1452875006373838,0.014536885186392866,0.15324129157522057,-0.1540831235112622,0.02511555975443767,0.032991899371895214,0.0,0.7521542169413575,0
0.31784229672036074,0.3179192141569296,0.2599214573078122,0.015483266532834414,0.01635152369718972,0.21406592120809453,0.15809928479121546,0.1365571511046622,0.06726777130819274,0.15406467098969448,-0.6569340892894119,-0.584989128527935,-0.23337444680338867,-0.2718014503845196,1.5062228764048258,0.046377620123509426,0.04638313491895919,0.042430473371032694,0.2930551475660529,-0.42220910864004507,0.6561491710682736,0.3405038922565374,0.31845823759835507,0.19881762940026737,0.18387435815935724,0.15071765854022995,0.18211629552362174,0.18249796766950957,1.390623688424001,0.3521749509243733,0.744690004875984,-0.11060663447258388,-0.11792909878116946,-0.08963232708210023,0.11452710276098313,0.4364618316870856,0.4520799002674947,-0.4520799025090589,-0.6691607068538618,0.036575865700383244,-0.18968230234765576,0.3458861087033298,0.33397473309596104,0.19249310622284954,0.6054277633377572,-0.5564909731632682,0.5159492000180844,-0.6586994992857382,-0.626001457190668,0.7157260664014685,-0.25473522497697537,0.19169863191194608,-0.02955689560931718,-0.04312951798391528,0.4931741027845971,0.618192235313654,0.09176175916904859,-0.13182244435109214,-0.5170860108029891,0.7633571506287858,-0.2078640264397344,0.2076348174247261,0.2494402167519242,0.4528914332227849,0.027347182544693597,0.042111941360625876,-0.16625005752588676,0.2679183435175179,0.3507688299999456,-0.1630299085257996,-0.5495566302224361,-0.7384960045583031,-0.06368475160728203,-0.6890888486598028,0.1782949769221486,0.5226380286327318,0.4528914332227849,0.042111941360625876,0.0033933080088942497,0.22557665998136356,0.057465903783151216,-0.4236764504165223,0.13059814385225887,0.16904337981287731,-0.11757927025044311,0.299510327191102,-0.7952810261035334,0.0031373943773452787,0.015324141538114327,0.09928102986475709,0.020058446627910738,0.16164255661010538,0.2740683285108052,0.0,-0.4604447256219401,0
0.33849995154232143,0.3185333123411538,0.4526525948202968,0.3773029926754414,0.377751311478322,-0.0928485420567364,0.2236777795671148,0.22467377497575436,0.19035130289203717,0.2573492832922848,-0.6569340892891259,-0.9266921167982761,0.45083852798732293,-0.569942998021421,-0.7504742903779114,0.15238624946700433,0.15168178210790276,0.14770722579550652,0.26969760003053694,0.24165178284778943,-1.1490777720736287,-0.08502998617860744,0.2047808028418721,-0.05216160073464314,-0.055553515848679395,0.028334246194517642,0.015593387571076119,0.009306348094908497,0.5190697095813482,0.2412345038452398,-0.34596812753220035,0.12100826967820302,-0.05796458740818096,0.5593276761783444,0.03587973823962997,-1.2984378220669386,-1.2851168221188962,1.2851168242748556,-0.02695530216748095,-0.17252007265415642,-0.18968230234765576,-0.085245381041574,0.2185717810083723,-0.3171536872877186,-0.8876118710600448,-1.2253439670399022,0.9600166853609546,-0.777435669170765,0.9716361605433799,-1.2986389921574164,-1.635420305399904,0.059309206371889876,-1.0112760192360215,-0.28892471809709197,-0.47758672183346673,-1.2048047178892507,0.9174529281761108,0.47347822851426397,0.7081978182562276,-1.049096714606051,0.4312706343232531,-0.10608001691832777,3.5843853598200672,-0.04656514212724174,-0.10415429256308746,-0.1735028847025505,-0.23123609449173785,0.39579221931249814,0.5070401703659756,-0.6655640215878039,-0.5536961528539766,-0.7384960045582334,-0.05945999765120691,-1.1184137923307327,0.737559412687504,0.35750570429327067,-0.04656514212724174,-0.1735028847025505,-0.2315231760278387,0.5803399832376507,0.3506470146656396,0.5535288911448646,0.1500176296036083,0.11219746315794184,-0.11757927025044311,0.36299691303078463,-1.2367915023266678,0.09069017786833225,0.37712816653775294,0.08911870616185473,-0.1971157730516623,0.0774947993216995,0.1292187665839959,0.0,1.2695775786233983,0
-0.05418744874768033,0.19981061144748635,-0.09195198384967891,-0.5388612270011417,-0.5379550465668061,-0.13905191002544642,0.1099080627469545,0.10245262890634371,0.08843601222497967,0.012029331849470068,1.5793928770550645,-0.4274258807073764,-0.10508997313404603,0.6279186726848409,-0.7504742903779114,-0.03727261715874974,-0.03664615677476012,-0.04053971628221033,-0.10145716798401744,-0.06863594743792012,-0.5864839698332291,-0.1197543912584956,0.09050234746548504,-0.07289120039701508,-0.09708117549992948,0.12470496970848687,0.145791638786609,0.1089725981406164,0.3745648924492925,0.3370128960514217,0.541834895838014,0.07690197202583642,-1.6725932029686348,-1.023405348046413,0.4497270171382207,0.02247463546173712,0.07579460280318165,-0.075794605561244,-0.4714500293330826,0.007949161598959555,0.031135297968509928,-0.12044092550014522,0.10214423904844969,-0.28769604209744476,-0.6160266879547642,0.7672952516778896,-0.8024772822517069,-0.7774356691933187,1.7497789845118636,-0.5065166291932278,0.15922960066684808,0.013959684156331503,1.0579574249579158,-1.344292671057136,-1.2677112574848246,-1.5272130739778,-1.3166869330687625,-1.2483567008797218,-0.9396039611505499,0.12577118709814633,-0.08094851943387721,-0.14897965387075743,-0.8029144765299066,-0.2564704295674102,-0.37974074366344945,-0.05698167547168996,1.1260407945657602,-0.21752902584466882,0.14204913464584001,-0.7874274335919094,1.9606753237820165,1.4353188246657975,-0.23443836746571523,-0.2988762496841745,0.057399605012289516,0.5313301212412799,-0.2564704295674102,-0.05698167547168996,0.03191371780787781,-0.03695433376754145,-0.004110515748916767,-0.057974295829641004,0.03797133731548181,1.6048895014457762,-0.11757927025044311,0.11476736060378998,0.8980392106545727,0.9060517456499626,-0.5386628390870066,0.06661070501763837,-0.05452329946405547,4.731681602185094,1.0180317027465347,0.0,-0.047551284699700325,0
0.056459510419263004,0.19331811961556758,0.06089457365940201,-0.34230530153552596,-0.34131069688341475,-0.004078283248606497,0.12316302979265314,0.1114351369199582,0.0730117518437918,0.1328243718955443,0.3473647317995256,0.2338364371519989,0.19263607539675298,-0.46340043097099,1.5138607270122286,0.34407535815070817,0.3423077658649918,0.33839527067885167,0.22988209190641534,0.37432306304068885,1.2853537672258302,0.12674925523308536,0.20063622647919496,0.007029242767444737,-0.03681763728382046,0.03169419649599456,0.01998978270320802,0.015320382490661191,-0.11189067549707378,0.24052795952465095,-0.016724781411728666,0.1994188245157378,1.155144249530928,1.04129495559683,0.14523612604528296,-0.2195972759316116,-0.14308706139637933,0.1430870587888394,1.3771374798316263,-0.06744886947812889,0.7135904314984097,0.12459843171355332,0.2147784202084741,0.20049923929199912,1.3058378045565038,-0.6804465913404582,0.6019986768332913,-0.7774356691933447,-0.6260014571818427,1.0950425035167655,1.4825894171575047,0.25174719509950905,-0.7665956600973314,1.7239110108113005,1.0403033186233523,1.2963019469046466,0.19830705947542698,0.9837232958641225,-0.13346816429741884,-0.442456318194732,0.12374057743881463,-0.029324495864839872,1.0785969676414895,-0.8832563199516535,0.6292164000202847,-0.11152318845140272,0.1770099628879833,0.19924658317415467,0.25973972301859827,-0.17050372477751424,-0.5822028467872336,1.4954399962220444,-0.0036352125481563164,0.5493216250699253,0.11148933316588552,-1.2477076802529707,-0.8832563199516535,-0.11152318845140272,0.136432270221902,0.18237661844031455,0.06171667770703945,0.45016466039559816,0.09745194425958746,-1.2233105638173247,-0.11757927025044311,0.21323347623063824,-0.036503279988915685,0.10054338805756832,-0.342284631368725,0.07988290264001839,-0.08772305387429374,0.2093150901278285,0.3476826565626708,0.0,0.17960122654938843,0
-0.484361293144198,-0.02454107409611736,-0.38568581439237176,-0.7220256717134963,-0.7208427990135233,-0.2965258799190405,0.059328783973435564,0.07054666944696773,0.07557915246296197,0.03593430427743627,1.5489246221889952,-0.9266921167982761,0.05716597484566049,0.4254730290775317,-0.7504742903779114,0.061005282268968515,0.060907550437926304,0.056948437236737454,-0.25747295050988883,0.3557429282647367,0.42673196019758974,-0.4407994213104591,-0.11681126722576746,-0.20334779089847452,-0.23355352376298083,-0.07720271312620898,-0.1184300308574445,-0.35206303170161,0.33968596809128054,0.04486249023894271,-0.08745215557086235,0.3269763727307169,0.06840548373554141,0.0953521999936692,-0.3862883202504969,0.21234052051590607,0.24734112512423254,-0.247341127766444,1.6916712782991528,-0.05874021627355219,-0.010398217368896064,-0.45070365649509575,-0.11348507314057808,0.043571819869699616,0.3358391635031047,-1.2181695302734992,0.9564292764400758,-0.7774356691933149,-0.6260014571816676,0.3421588307643419,0.9553409933338364,-0.34061153352103085,-1.1779777187789997,0.1305746347868832,0.6410468645811245,0.428724346981302,-0.6103998410053397,0.22035127709759264,-0.7187131174859227,0.3639819303555275,0.07139662442538831,0.036177158402874214,-0.03984174550499215,-0.06907797869209681,0.07454312502625304,-0.021944524804685388,0.16033201968663147,0.0797957855072721,-0.18694298545434973,-0.7821740349921422,-0.5488316154892914,-0.7384960045582767,-0.044617838754000966,0.42307391227106617,0.020681885104625517,-1.5484965596527496,-0.06907797869209681,-0.021944524804685388,0.07908140990313313,-0.10797190410941948,-0.022681725477874455,0.4035882932303839,0.013601733481712066,-0.012188613919104948,-0.11757927025044311,-0.030081398445029786,0.8725925128314446,0.04882920132284092,-0.7221303236602694,0.04216068447438106,-0.02375824513421211,-0.20497498159912414,-0.4569620500346598,0.0,-0.23363975074906243,0
1.8467938090741978,1.3518752190281296,1.7396335539981875,0.6579009447283148,0.6578421538651317,1.651976199140719,0.3644759230527546,0.31478666644485553,0.07024042541753317,0.364046692310529,1.6516359070434958,1.427970673556898,0.9338052933641903,-0.6981538134099589,1.081987750636466,0.5583120582928663,0.555673158724073,0.5519355465060091,0.9137611294793216,1.1932142980908609,0.2295570546039887,1.1001161083227682,0.9889659411393037,0.5449671056770098,0.46112048113922816,0.39643777159262766,0.5386149442850805,0.6019775545543551,-1.5771875476193045,0.8610498090112433,1.9252649288708188,0.5458193018606614,0.9236935229488469,1.0603171459581497,0.013016893875229911,-0.7757767064567554,-0.6836839401902548,0.68368393912327,-0.5345480694209988,-0.1597849687645562,-0.18968230234765576,1.0867534601733058,0.8620872013738531,-0.2446052704015263,0.6798306059659215,0.8299278177321645,-0.8840090878590529,-0.7774356691932417,-0.6260014571908685,0.2361775113074172,-1.0708464827339914,0.30092286989392064,-0.3608074306397342,0.72950082134722,0.5464205373054637,0.07751829433656877,1.6944203978340078,1.0505371350217623,1.3604263577082973,-0.9003370157515638,0.619718510169453,-0.06764472656201628,0.0972762645634844,-0.9434167192418164,0.16579868280691393,-0.155853536508617,0.4383137382020634,0.9644448588270911,1.5803014779937672,-1.2728140538487025,-0.5560110472720895,-0.7384960045582711,0.021184468601009542,-1.1184137923306818,0.9484099742610428,0.9474190147239522,-0.9434167192418164,-0.155853536508617,0.027624738922509533,1.8303420769668497,0.6821186647978824,1.3322985961716374,0.39853692239392696,-0.9647672340707071,-0.11757927025044311,1.1762611747192346,-0.7442436709214225,-0.8984214028028242,0.6577901379575292,0.16888439984138298,-0.1495257884470002,0.02498144581590467,0.03274385666372714,0.0,0.7059121355970207,0
0.13227768319823707,0.34133500494387453,0.19405036272781215,-1.288712412168744,-1.2890746533455217,-2.422032683664523,13.83500419432776,14.284243895278369,14.61769791059928,14.26618169544039,-0.6569340892865456,-0.9266921167982761,0.37914598439496133,-0.34055092330287723,-0.7504742903779114,0.31949918661246907,0.31785251629728334,0.3139261929365144,0.2953883808726109,0.01647752718314713,-2.0888022693382853,-0.1407294923776008,0.2420467642635863,0.16292729679181372,0.009157149491557074,0.04774937014650842,0.0411372863609375,0.030268047352995448,-1.4428690006552847,0.3015715666855338,-0.023041403282005168,0.06970463317782724,0.031387150635462276,-0.34417790951179184,0.051270375118111756,-1.3806272224668534,-1.3913751406671324,1.3913751435274884,1.2512655801637655,-0.17073079452010947,-0.18968230234765576,-0.1448019970997565,0.2563971777490362,-0.3387005222730736,-2.327533575141891,3.020392045667035,2.4289568003057016,-0.4164837946464449,0.7255397337534514,-2.2835379717219,-1.1166640638063308,-1.9906474776433571,2.0526153446442055,-0.3697012640890113,-1.7385365839843319,-1.8701722361971191,-1.4028286088967685,-0.3661243494665147,-0.8093992611337528,-1.7772224269315144,0.12164386456911633,0.21323998209525813,0.7166201291747138,-1.6125146153793015,-0.12046677452433079,-0.20425000397761625,1.5946548256935706,0.44024266088043873,1.4525189215713823,-2.1339220879290552,0.07550755734876731,-0.7384960045557816,1.4715874333432282,-1.118413792330641,-0.02079511979101718,-0.9645394989859226,-1.6125146153793015,-0.20425000397761625,-0.05361862080513951,-0.037129109401842504,-0.004661156774589132,0.1117144014937456,0.038073874363039585,0.02499092487187088,-0.11757927025044311,0.3848513206975709,0.9545629331850505,-0.04613935367281358,-1.2888716913712757,0.09034901614157291,-0.20398241988599608,0.0846856043453027,0.1421923244078112,0.0,1.3706149454590024,0
0.056459510419263004,0.3748903210390913,0.06780860270816709,0.0046861734056448225,0.008013701995952924,0.1483626737202155,0.17406048054620163,0.15321217776908444,0.0931318449170398,0.13878385581770888,-0.6569340892893935,-0.7359023900381017,-0.224004534226651,-0.42148922484647605,1.2722122481144775,0.27487101402091585,0.27345532471876083,0.2695079231088741,0.21109706232259082,-0.3237430822970842,0.5621509675604217,0.23332004328271705,0.3596605226816868,0.0702193845382957,0.010241012047348088,0.10354723205223523,0.11655168682199225,0.025371511483249964,0.497940727560306,0.29736695241895783,0.1828521034094757,-0.05937709279336505,0.004248473635950301,-0.1270013280066262,0.07470366451761587,-0.0187163536566453,0.038992351962160846,-0.03899235471739453,0.2792914809037363,-0.0445034769399367,0.03803743578966863,0.2279633475225643,0.3741320314523818,-0.05166091795761561,0.47724786620583276,0.3168018968123542,-0.25159477493777704,1.5393978591323005,-0.6260014571896628,0.4314259648226048,0.17667604679262913,0.21059722655006663,-0.47507183234967887,0.011391713491161607,-0.021840371148965653,0.20413663289982675,0.4665126320258785,-0.18555445647911634,-0.197026297086148,0.24385260403626882,-0.1925623913010458,0.17500271814045618,0.5147363818405654,0.05427457713458267,0.012402657924882696,-0.049956637085962936,-0.44190565101874274,0.5025008391032367,0.4009780164468001,0.05679429200408182,-0.5644520750657863,1.5351305458249302,-0.058947914197874915,1.3928230429651725,0.012378591243752509,-0.4607190107628505,0.05427457713458267,-0.049956637085962936,-0.15483853282260784,-0.13067052061618617,-0.03090769441620885,-0.34717122341412104,0.008665446994836288,0.051832714014803306,-0.11757927025044311,0.39128915486453597,-0.7134879267066039,0.01637526571310623,0.0049309056069231205,0.10563073524776426,-0.06058181643716456,0.11861750023731958,0.2020839326332632,0.0,-0.008277619104626871,0
1.6548170220886629,1.5232711193841524,1.4531968946610672,0.44908993673524567,0.4331236990326478,0.7689804932030087,0.36592111898600554,0.2936823817224213,0.17352366351107437,0.32824652024946965,-0.6569340892893908,1.678456147000167,0.1719891669079009,1.142543955951923,1.430957926975011,2.8551033844156497,2.8594861866167585,2.857920243695347,2.1228102366209747,0.42767203295888895,1.538027550411,1.8703030304971142,2.662228908979067,0.11682531765266961,0.06127267084187603,0.11292777010667612,0.129478995059255,0.12381502606605342,-1.5771875476193096,0.9476455280744795,0.7935954341798986,0.030428564801174143,1.8593741668210684,1.8796660678538204,0.0132281143816514,-1.3615194641317205,-1.3663166545894154,1.3663166572803414,1.989877856955019,-0.22525510436184545,0.3039496097526428,1.8774200221143145,2.3406718553706916,-0.17217109288113192,0.954211921723075,-0.551035822842239,0.512220673716776,-0.777435669193124,-0.6260014571762896,0.3802774154360141,0.6158159625728521,0.6827382565538581,-1.5145722269682576,1.9480115839935206,1.4744397038941253,0.9169991624679665,1.7550359988817277,1.9252720526460192,1.7351554875500617,-1.4279064623918254,0.10596297751542115,-0.09407594385700631,0.1973211929557141,-0.9160007864826826,0.4050721407316345,-0.1902499253690727,-0.7642486881463559,1.2211232993934427,1.077436762129762,-0.1981378713473836,-0.5478630936503411,-0.7384960045582362,0.0922039653811626,-1.11841379233073,1.109880161124388,-1.649398354811854,-0.9160007864826826,-0.1902499253690727,-0.241626409532982,2.9023877199357897,1.6886037702047934,0.09905629158896032,0.48855000198617027,-1.9166873887932916,-0.11757927025044311,1.3990139729999607,-0.5551113876984078,0.16437813686855204,0.4492112215729601,0.16560893460955073,-0.20239196678187757,0.03366810751167195,0.04881152020278222,0.0,1.3466007639537474,0
-0.14421714182120923,-0.020189284155851743,-0.10021952489832156,-0.17440979490362907,-0.17246984358781434,-0.15478893671173377,0.0638252377690053,0.05961218478069604,0.04651542790259102,0.07205504625220643,-0.6569340892893508,1.5497709553786263,-0.1661666318386666,-0.6000166615314219,-0.7504742903779114,0.09428686753798643,0.0939604728785233,0.08999142496203272,0.03812183693097936,-0.1708012195383021,-0.7017524642961748,-0.12673452020937254,0.011162207643925288,0.18648587842786038,0.047337259669969815,0.08812637641888146,0.09543846253317041,0.09123744072597294,0.39978541734392814,0.2460096051706572,0.15141039402034065,0.02084707126504196,0.291543647023525,-0.8881064249290858,-0.1469147326740004,-0.766932707359695,-0.6741983014191344,0.6741983003128819,-0.3674960203715617,-0.1315923789141485,0.14992210176427898,-0.127948181006147,0.02063984340187362,-0.13826832694012908,-0.4591772631507407,0.729895955074477,-0.7538158946915671,1.056761029056106,1.7508387676955526,-0.771993898836579,-0.784547076459166,0.03489189836490652,0.21371842306855254,0.09743360943044135,-1.3795178057018862,-0.38022638817776316,-0.8492184698158949,-0.9952788486598928,-0.6692191465033956,-0.5877294472080323,-0.13518497434336185,0.22071547385590104,1.259168093548885,-0.37711645006355465,-0.003355629805898792,-0.13900617210075566,0.12981764558049516,0.03530610757483928,-0.11155995177365687,-0.7597187732767402,-0.5320956475531253,1.3020763484492255,-0.008488311053209671,0.6090325800882566,-0.030212420127301066,0.6397363441650433,-0.37711645006355465,-0.13900617210075566,-0.10360006217188615,-0.13364926201455937,-0.04322791790251429,-0.19212934057550876,0.01482066244705486,-0.24754820648881745,-0.11757927025044311,-0.002035348289281867,-0.23216591599709574,-0.04845766960629432,-0.1743442527473377,0.05274003128618531,-0.14864058882404535,-0.20411441501753444,-0.4546894053460095,0.0,0.6970782556991028,0
0.03257393476808599,0.21105965800966284,0.08739358313775544,1.0732407580119216,1.0721650483671448,0.18755409261450273,0.10935969592113712,0.10174260585423353,0.02705871230211584,0.0992591020652282,-0.6569340892889323,0.3054500381897969,-0.03638546863245054,0.8481753412895383,-0.7504742903779114,-0.5433436698131612,-0.5380585015793281,-0.5410653584544335,0.04051181115385304,0.16451367190558674,0.30576628818271073,0.217341963786401,0.09050234746548504,0.02894744267755227,0.032775004513450445,0.12446201972543897,0.14545424270956409,0.14271571868771102,-1.4595146354129225,0.257181589924994,1.1539452218051967,0.16846286858676174,-1.3242267219203538,-0.7329858740951871,0.4379480792317224,0.9450281296678062,0.9137559562004063,-0.9137559566312502,-1.0680043410139106,0.09093814788790641,0.3770720401412228,0.2217843693276794,0.10192991389457762,-0.15342019725845893,0.09217594499202075,0.6526418875074596,-0.6550625554299727,-0.7774356691932665,-0.6260014571908974,0.7931482308427696,-0.637228096094832,0.14684662236358162,-0.0696457069837327,-1.2860158104045287,-0.5236312997651925,-0.9700325329350199,-0.6434381436681295,-0.7955535962676342,-0.7547096207360512,0.5677765761846997,-0.029755800884963456,-0.14992056389401937,-0.99096193390452,-0.5930717964057941,-0.4910289707469138,0.10208962567621466,-0.1998635575610717,-0.6444840792831834,0.13789755031645226,1.003819995192989,1.9604857531989528,1.4923191244385339,-0.17635182606829536,0.49816933187456514,0.048389024321947235,0.6479493461454943,-0.5930717964057941,0.10208962567621466,-0.11114289355726617,-0.053107345878090254,-0.007321095386721278,0.17497011615999436,0.029489972418602753,1.2525144936271773,-0.11757927025044311,0.11374186832282403,1.2891658458564925,0.013086164063061666,1.0730031317566018,0.06659890628871903,0.16556735872741135,6.113592770206229,1.0224210031933536,0.0,-0.9663244157484031,0
0.7019472817376438,0.5578947600412437,0.9124367692057576,0.7712232944193363,0.7709173402887883,0.14960996345877722,0.17301299730403372,0.17235904364197788,0.09192812638916792,0.20147104800063925,-0.656934089289049,-0.9266921167977465,0.03953731557928733,-2.3465309187284045,-0.7504742903779114,0.05370331805335127,0.05365691970534789,0.049700871229362606,0.40686883584583255,0.03769342478804428,0.22810984633417258,0.16581317003418908,0.30402101404612897,0.1475101017543315,0.6988874284425172,0.22385912886304069,0.2860387740629386,0.5525479412523064,1.4377588406659374,0.42932192445890044,0.5661582736449607,0.15756452387393302,0.877536658481633,0.9396045582870185,0.004649693640922359,-1.0362713934318386,-0.9692383474217132,0.9692383477131096,0.17658535960454969,-0.21770957028668247,-0.18968230234765576,0.16937193707936626,0.3165247011284792,-0.16811034790558843,0.9182622177250132,0.43964226922838257,-0.3932596258572872,-0.7774356691932652,-0.626001457189972,0.3265196887505148,0.028170511576151365,0.19385381547060673,-0.43244640673343476,1.0153368754533172,0.9478199530870063,0.6335894851132327,1.5791846800534706,0.9666546043558225,1.0309788978910719,-0.4896959955336036,0.08534675275176279,-0.05761391790814959,0.2702237713285838,0.7818126936792333,0.21270719770642044,-0.14140786685987258,-0.7812541696016534,0.5138011809234876,0.35119772481445705,1.0055357848731032,-0.5676867413905926,-0.7384960045583019,0.0020051972885304064,-1.118413792330816,0.5329727386676233,0.0007988451341674195,0.7818126936792333,-0.14140786685987258,-0.2450627379613664,1.3571513408937352,0.6137301486380012,0.16026047097743804,0.2943464528905572,-0.9121818441797998,-0.11757927025044311,0.6055954218031528,-0.7025837472580061,0.06946915638116127,0.7710061316121903,0.11323371805627212,-0.17418551773228574,0.022726441920720028,0.028573747629856438,0.0,0.9732921873241935,0
0.56119060096739,0.6066384676656443,0.5248711477093657,-0.47715831222869665,-0.47621244821801173,0.10844296293549466,0.15236984053101027,0.1345494404277188,0.07987753291335904,0.1612325283205243,0.9674598879238646,0.39776144299711186,0.028854938602236296,3.51508448644477,1.3911124287097154,1.0970698223348898,1.0935748758004986,1.0905074321107544,0.9897210946155595,0.5640858674866148,2.198332004363152,1.0643285560262117,0.9748371330948961,0.11832207510128953,0.03344567683862054,0.09772831396858565,0.10856383326684092,0.11778523067050334,0.4406680365288315,0.3770814223352558,0.27138097641028675,0.1514814441634463,0.350755374369886,0.7340847628823597,0.0075500694286886405,-0.03334057781291948,0.0259095829704131,-0.025909585722367377,1.942415440635496,-0.20070896554233264,-0.187940021498498,1.0637780393912126,0.9700669187169197,0.06007653206878585,2.0853067863629446,0.5510556430903153,-0.5281555092284969,-0.7774356691925054,-0.6260014571317084,1.7114062446831884,2.3403324214427395,1.9882640319551612,-0.9243153755183899,0.626999359152158,1.4065965860215572,0.9508498292670243,1.4822811007094716,0.6367241543385613,0.5444792365829099,0.4257474216130871,0.06672861295427275,-0.06161927088167301,-0.6216402649486027,0.5491289534780223,0.23284509066891623,-0.0355956965358973,-0.4301722971334854,1.0038798826801334,1.2814511433018863,-1.4505820148604045,1.9587253218708183,1.338394724453436,-0.07028594400269275,1.3814696035018974,0.03950272763399617,-1.6826546337604453,0.5491289534780223,-0.0355956965358973,-0.10849820965190138,-0.1563789409530459,-0.03854193634115351,0.33910999388681456,0.0006066481732843739,-0.3126263704558991,-0.11757927025044311,0.7087789194626954,2.3365259353958834,0.1600268970573828,-0.47717740999190245,0.14610659607226342,-0.0626724662348748,0.02648561175826416,0.0355259485880226,0.0,0.00548497383557133,0
1.3653034551486287,1.234141176552101,1.1940743874565802,0.9537261822118548,0.9540253691417842,1.3974468442801096,0.39744073576669253,0.31699919749102445,0.1240839547386688,0.3670936610494209,-0.6569340892893123,1.2309942116947608,0.5815512586305103,-2.3465309187284045,1.4335911755462376,1.540811785984955,1.5378890382704768,1.5354055632244326,1.4549303717627717,1.483080348302547,0.8917533338234687,1.6261194578313536,1.5603414695777806,0.06326451745045909,0.009643872560312827,0.08759106882521621,0.09470884807708622,0.09165136734344459,1.2389663701411249,0.39560555184360763,0.4003723797488695,0.34185318515733026,0.853469154332137,0.9754087988676542,0.004720504356878437,-1.0607188799088447,-0.9972831415046193,0.99728314194689,0.11352745974842657,-0.23457274885003987,-0.18968230234765576,1.636815204655541,1.5368639008912097,-0.11324807560965469,0.5428387547081844,-0.8430391233297109,0.7108451741787901,1.5965372599037495,-0.626001457190295,-0.03397412547036099,-0.35080381196355676,0.4894742649876586,-0.4703064109450591,1.0533826782581435,0.9632986991999529,0.7335361738410842,1.5144130263571418,0.9095661497005397,0.9171725152343255,-0.3936327323581905,0.7161316792050955,-0.04985755997894918,0.38856180739470475,1.3277428951411812,0.2196350963522323,-0.13716673618591807,-1.0206104339348374,1.961540901636427,0.9788052484843462,-0.013640199040687823,-0.5417637443054735,-0.738496004558257,0.036200654612340684,-1.1184137923307829,0.3876139040229717,0.04850832788321893,1.3277428951411812,-0.13716673618591807,-0.2899046112435301,0.6906171942616863,0.33267097508038623,1.2309548187201187,0.17848894952435582,-0.884723949887386,-0.11757927025044311,1.3606809504484851,-0.7710501576328599,0.08666420395307435,0.9539141489293071,0.17339981864749932,-0.1763930793790911,0.022818420085870077,0.028743817502047273,0.0,0.9995206062489405,0
0.3899204361831477,0.4391528213063318,0.3298817682419043,-0.32059794001517017,-0.3196004657273465,0.2664790490379861,0.17382762843401522,0.14548770662377408,0.07333219405035689,0.17495688209117388,1.2742442752287837,-0.6595744596507895,0.14931398712165955,0.20786531865407656,1.5599022014141124,0.5957996632787058,0.5930409945724149,0.5893420326342099,0.6088773365040007,1.322494423684004,1.3520505030494538,0.7625612586530491,0.6340967442330048,0.04994047738275012,0.0010281281721241636,0.07086929901184863,0.07203934598091066,0.056873597904035254,-1.392226801967576,0.28807351111148716,0.14492284027718663,0.6573090755104231,0.2948885055381979,0.414054000599656,0.04218931137154351,0.40068944300445647,0.41909094265860264,-0.41909094498282584,1.6822340352843905,-0.19787288117138116,-0.18968230234765576,0.7741502836790846,0.6476047088680741,0.31112888559508084,1.0997629648254803,-0.7572771866398343,0.6515246731230285,-0.7774356691933149,-0.6260014571763184,1.0284736934615941,1.2464092706748575,0.6164767130699415,-1.353001941814031,0.8704080544478204,1.7905637491095467,1.7272361667681166,1.3161901951460613,0.4657576203757229,0.15773251187783807,1.0896329779869482,0.23612000727174842,-0.02109249296505727,-0.0881228240669157,1.525047032773748,0.4491503212200523,0.07409000117758337,-1.0206104339348374,0.5304936410437545,0.943317137613492,-1.5173212221790189,-0.542025071829236,-0.7384960045582543,-0.01686333186755364,-1.1184137923308815,0.3944704343413202,-1.6231823610603924,1.525047032773748,0.07409000117758337,-0.2899046112435301,1.0254612817672222,0.23763053327345074,1.0013701868383718,0.3706521525279428,-0.2511889869890185,-0.11757927025044311,0.44159651056598914,-0.17791878606812425,0.16610445386206543,-0.32064374632699133,0.12204371311734277,0.012437010283536318,0.06671883759513135,0.10963097258389166,0.0,-0.4240779919486159,0
0.886119464357159,0.7863297077325138,0.8327003455339244,0.2184124423354341,0.2190783843216063,0.5804778059322232,0.1959081083123904,0.1722492101930797,0.04805562064940898,0.20147104800063925,-0.6569340892894348,1.0670125925606477,-0.045137128644319735,-0.5501368980167461,1.183937697289194,0.6635343531909255,0.6605831293205557,0.6569585759429603,0.7541050247915043,0.13170852794596402,1.2261764812715659,1.173898127382282,0.78865150193376,0.08898245050465312,0.020703781955477937,0.07153024708559072,0.07293066919973797,0.0739175163057499,1.90430885308793,0.5485976307819274,0.161694830834857,0.025319735279636376,0.6425787613904548,0.27633995064575073,0.014776178318138149,-0.5070701302548599,-0.4128924222380665,0.41289242021288086,1.479553210301211,-0.1855395466742772,-0.18968230234765576,1.1866047158653934,0.7439618179901152,0.07713706452054757,1.402260218327915,0.4577745385486099,-0.4140366706555308,1.5629471572781353,-0.6260014571813168,0.9851981649207208,0.051372040755973854,0.3874987610273962,-1.5219405503045589,1.1211252189506347,0.6016648958948415,1.2395168222718935,1.0400529238524046,0.2771755145457493,0.20903662447657267,0.23507957194246518,0.0026832801320080487,0.03488603612407516,1.0052602203513845,1.3105850050923002,0.32749278444959634,-0.07810884115395388,-0.9476603842187905,0.7242693833633268,0.5724326654090476,0.4192691401117973,-0.5741377363955279,1.4614596144696608,-0.02037733358059607,1.450679907242542,0.14383113169590242,-1.4044891957055459,1.3105850050923002,-0.07810884115395388,-0.27016531536473537,0.276060929657871,0.10189553877961978,0.10113685886938274,0.11380763505875104,-0.6428351818497259,-0.11757927025044311,0.8059287901169042,-0.72530234624573,0.048102930696789406,0.21844597958380577,0.1430554307471588,-0.12155181397582464,0.03669825601624131,0.054414560461473596,0.0,0.4471715026750723,0
1.9481305370847917,1.8557959415749976,2.0709550239781693,0.7680936814202239,0.7459536690077007,0.8938258177984322,0.9357004162916641,0.869477442692706,0.6690003891514638,0.9797496151116685,-0.6569340892892839,-0.9266921167980439,1.4585368823458156,-2.3465309187284045,0.08221159427437968,5.1477480777970985,5.180398984858226,5.175968296726531,5.389995419758904,4.261864122852661,1.2597733329514154,1.6261194578313536,5.123495357460122,0.11478614958954969,-0.006134604503784817,0.07994808799388997,0.08431731264616237,0.0813953570717072,-1.4087926254275307,0.4531047659102609,0.42716896032305063,0.2315373646249764,0.43779618605323267,0.7488302744457832,0.004649693640922359,-1.7044400099215706,-1.848631019196363,1.8486310254846263,-0.025594193567443562,-0.2320284561609422,-0.18968230234765576,1.63707203523306,4.726473336786643,-0.33635661869096883,-0.5838649645088805,0.29815538756349497,-0.2321528058120855,-0.7774356691930643,-0.6260014571910566,-1.2010568260049352,-0.6329617795625622,0.3099908188343018,0.4079646512506193,-0.12320880344572917,-0.7563396493382613,-1.328615855696333,0.5643013027025653,0.7301089144063169,0.7453301396181187,-1.4854540166541002,1.6097735038063423,-0.07238737310997756,-0.7241381137017896,1.014437808627079,-0.08008508434530813,-0.19635880275565704,-1.0206104339348374,5.468319565527629,1.907732945844324,-1.0471370383446823,-0.5746576981859532,-0.7384960045582988,-0.03392430100826469,-1.1184137923308413,-0.18133798337993087,0.4744004239216405,1.014437808627079,-0.19635880275565704,-0.2899046112435301,-0.2538452035319122,-0.24360644363781414,1.1460173105996745,-0.0011448057717579696,-0.4097472890447717,-0.11757927025044311,2.0819260500566457,1.1319921008879663,0.09109135728951324,0.7682808957588664,0.19325812185329522,-0.2297255878811242,0.02272677566739734,0.02857436495193983,0.0,1.8293795982755912,0
2.477528824593178,1.1741935430700734,2.3622158988409834,0.6330585031418261,0.6330507180712261,1.8639642144943276,0.3639506542331006,0.3401679738610798,0.0499092394495907,0.4161627586748155,1.5267430847547756,1.1959393230306985,1.3583376251523778,-0.23443790556424496,-0.6357986705437111,2.210806527819445,2.2106450210852246,2.2088288291076825,2.59006778615454,4.222486205795891,1.425132512299767,2.99976894983128,2.1846689681268177,0.06635230116892692,0.0008204718644909141,0.068472445094697,0.06881051867343611,0.06833374181646445,1.0735170413501012,0.47947649972514333,0.34423080070577206,0.42977827747112407,0.46404467095844915,0.8823871057991222,0.03191648129410856,-0.014931593193967098,0.04225988123471082,-0.042259883990580574,-0.7413648925456752,-0.03338368010549728,-0.18968230234765576,2.9983511842230075,2.116787692182081,-0.16422709890189652,0.25928860465982917,-0.29300653263039267,0.3194433950494677,-0.777435669192773,1.7480724594231787,0.2615750529058933,0.050595941107845405,0.7673297397641289,1.0210843852200313,0.1218474623269546,0.0831107438649358,-0.6317923762111937,0.8210225813611962,0.8092541963561886,0.5700169855377175,-0.9555196241243588,0.5756156114102537,-0.08992315902876441,-1.1512905268315483,-1.5860558580802528,0.05014891120027765,-0.13778724265300674,1.3742403763957856,2.0218141183241385,1.6395171593548161,-1.2871866830965202,-0.5806018229311946,-0.7384960045583047,-0.03768077371860298,-1.118413792330885,0.33059113899912845,1.2090586010496385,-1.5860558580802528,-0.13778724265300674,0.41935823462806854,0.45801831632468315,0.13048647676877126,1.8678890845920233,0.1766226889050005,-0.43939119820695893,-0.11757927025044311,1.239983388824124,1.890537958513446,0.020998147383725574,0.6331338503260919,0.20946296737159656,-0.06002831213513537,0.05830583162998412,0.09423567279924878,0.0,-0.011902969669301712,0
0.43862000656658057,0.5317799286043101,0.36158308705221315,-0.08752916533421581,-0.08659025442842808,0.29642702169881263,0.18282444728400138,0.15331991024255337,0.07686614158348248,0.1759430095758438,1.6621363640413436,-0.6846635112746952,0.061333236976339765,-0.40773320659758644,1.525823335468196,0.8294759370308356,0.8261791399881245,0.8227559898434444,0.7653966153580022,0.8100617552994072,1.6352692005421323,1.0753587509274465,0.8960247130256312,0.04745475537588451,0.0012774941940488277,0.07030592699227782,0.07127993250530505,0.06350480542129082,0.45099023679792716,0.39530820950522605,0.12657510462310584,0.3624900349877727,0.2697673396397649,0.2731380330625622,0.019656616569368603,0.26662902265548544,0.2968150461286633,-0.29681504869914904,0.8993115623002185,-0.18003916435417802,0.14669255766408576,1.087582420889678,0.9040647590392313,0.18935498006379817,1.2406214976405598,-0.20676435767517656,0.2502765771572125,-0.7774356691933435,-0.6260014571848981,1.2390641089149692,1.5473567085654365,0.8860157442021767,-0.3508525276638289,0.6283608917648706,1.0569946814246007,1.218495938838124,1.2313767253266552,0.25193192127756836,0.19325212891089003,0.7427653401426508,0.10809685793032264,0.03203481778830167,0.3766327194274706,0.7645776557602302,0.2929845249584044,0.020164239898685928,-0.5886314441188779,0.8162114238456795,0.6068685817613371,-0.13517346404597808,-0.5749079989175645,1.5453445087187838,-0.0453547235690052,1.6221237160933828,0.21895375401620473,-1.105532596235853,0.7645776557602302,0.020164239898685928,-0.1296426169397156,0.5682916875995434,0.14332563175173202,0.5309206998561051,0.225373689614867,-0.22388318873301208,-0.11757927025044311,0.6072800654064736,-0.5788768993306886,0.047863051627178944,-0.08764000288719609,0.14289861514980298,-0.013965965985344794,0.0407040598490034,0.06181750192045974,0.0,-0.28815451984909624,0
0.2634598906945663,0.33083923376546476,0.2318089991039911,-0.36631599350955324,-0.36532618678726686,0.10723369050506486,0.1664000064680676,0.1432468034370003,0.09335088296953,0.16807561618600048,1.512329458900943,-0.9266921167982761,-0.03446423978839342,-1.1482848025059984,1.4807397362081336,0.7073751588982183,0.7043154197944068,0.7007417472125829,0.42766399819948137,0.14811728073315342,0.9700019858323662,0.28406981031307843,0.43365671595217165,-0.0005522906785466458,-0.023684339799633164,0.04947517318626806,0.04435358020230395,0.039446007311334616,0.4717561223412844,0.2882004230997357,0.01759728014526249,0.03595972913802606,0.36220619418417455,-0.0866258149533955,0.037441796643791006,-0.18265335653095163,-0.10932349852595603,0.10932349587501711,-0.18857632424740148,-0.09136379184657996,-0.18968230234765576,0.2892529344314235,0.45059888761648736,0.09683843988972399,0.7084894791522011,-0.053651551464179555,0.1208595703697252,-0.09570484765886574,-0.6260014571900618,0.5460434114500686,0.6447768356599836,0.24753631014330746,0.2530576883143985,0.45746779477998417,-0.2870550678384019,0.49190411437891,-1.0527465567825864,-0.2727189083902988,-0.842586052003426,0.051947939394409184,-0.013602571856146382,0.11970186298618501,1.034646938341327,-0.08680295648338343,0.14942140978340585,-0.07489437084355993,-0.8192214969104253,0.4847592772691337,0.7723859230405579,-1.4180291156601235,-0.567505055780235,1.396341205504802,-0.03288474295621223,-0.3466884601522684,0.06466313896592901,0.0648208491821795,-0.08680295648338343,-0.07489437084355993,-0.24282439720924154,-0.0207520195888034,0.0007416173450947137,0.1020579528259892,0.04263228947085889,-0.3252679529011309,-0.11757927025044311,0.3766208099718098,1.320556745564078,-0.045880152316081085,-0.366385231781224,0.10136007231755752,-0.08297429615858702,0.06310449240253192,0.10302680042658244,0.0,0.14520335973919615,0
0.5591573388117095,0.2576954511408364,0.6923982003741687,-0.7824839352446176,-0.7818361033161415,-0.2911451219099728,0.159018666374439,0.15948077804258856,0.1769440858848117,0.04134325621758026,1.3747386948317382,0.4164356502982718,0.178942375949572,-0.6823636469545374,-0.7504742903779114,-0.7162203040356078,-0.709060403010676,-0.7116389561423461,0.014190002216215141,0.2952681303666828,-0.9878512311583348,-0.18652724338340348,0.15083808855160333,0.1893774364470708,0.05231854038467011,0.13272960506202555,0.15695591718638677,0.13296411380529616,0.4769728650753827,0.3847697679226773,1.2704115022753806,0.2361184301963267,-1.3677264888916068,-0.7432476932782076,0.13252293641228924,0.2111319300055684,0.2464306990153379,-0.24643070165871306,-0.9265280154625033,0.043212315277589855,-0.18968230234765576,-0.19069549919761888,0.1640049917125655,-0.1802002353559164,-0.5838649645088805,-0.721483182990598,0.6272921329354699,-0.777435669193264,1.7028094207774633,-0.3648196638908751,-1.0954919672168364,0.006942271859527266,0.3687382771872194,-1.1934176190637427,-0.8506431450841888,-1.2282867975403138,-1.3682012690301408,-0.8889912839227533,-0.959575170654978,0.22119379189505772,0.1626944008111108,-0.15514570314799753,-0.8789768212470538,-0.3379912916348943,-0.35592459314056735,-0.0350650368921593,1.1408414188791125,-0.6742482350205689,0.6493135195158023,-1.7017231933712857,-0.5735117991048895,-0.7384960045583212,-0.2112587643585431,-0.46239651664795894,0.06333063585083437,1.134306680741283,-0.3379912916348943,-0.0350650368921593,0.15203627295584105,-0.03088052853322083,-0.002511771642833679,0.6875574923506881,0.039979681197749146,1.2944449132443387,-0.11757927025044311,0.2595089930548274,0.25116127153113005,0.07308141495783052,-0.7823103032857402,0.0896908222872128,-0.023960613318591287,0.2561481093545101,0.41326401052078016,0.0,-0.2324890992057594,0
0.19729026103934072,0.2794630711686632,0.11096029337965611,-0.4347378596550312,-0.43377098416590876,0.03164816693900299,0.16074448192791857,0.1352885919151561,0.10226772743260096,0.13033107192990875,1.495716704031553,-0.47119996221625493,0.7332893751962579,1.7328552788105807,1.5911256933227322,0.37476140407079567,0.3728490129831448,0.3689558416139218,0.15691047814255443,-0.01893716487710753,0.13227350612954672,0.03743975762358958,0.2503196357078131,0.196117104961109,1.1847061213908778,0.09237966448073792,0.13273620504982103,0.19177990687636437,0.18669057779909573,0.303045939148009,0.1828521034094757,0.05507797518707487,2.5282388558526776,2.2681293734405465,0.01572536088125344,-1.912391604833737,-2.181496652352981,2.1814966615024107,0.27064445824781125,-0.23457274885003987,-0.18968230234765576,0.04024346435110691,0.2645672606631026,-0.2736831770675685,0.7910077131188341,0.8285304784471734,-0.8832954257508848,-0.777435669193191,-0.6260014571901286,-0.08966753447506155,0.45381662872707296,0.15912758543178068,0.10410262426113288,1.5094721211439466,0.5248763927526398,0.14780456213847806,0.206103756536696,2.382668146859415,1.235257762382032,-2.063314113552107,0.5666210406678043,-0.07657049092004653,1.7366113830904941,-0.6167368339908929,0.21059446124136483,-0.21735004460604296,-1.0206104339348374,0.3157011389373842,0.6538758378040611,-1.2771206064341356,-0.5846236215605931,1.553050647423321,0.033518410097519956,0.940459794408238,0.0753952340092127,0.2138389712920702,-0.6167368339908929,-0.21735004460604296,-0.2899046112435301,0.009489204888125552,0.08797094614492108,0.08946934165746105,0.04560938886529151,-2.3889227379524742,-0.11757927025044311,0.3440632427767348,-0.5226831652632108,1.2418313987213723,-0.43481188120052494,0.083570414648176,-0.2453318688952263,0.035093801633251896,0.05144802911921477,0.0,2.2207969618376846,0
0.6211780334197875,0.41003073994909667,0.7088822271682167,0.1794038721663751,0.18011531187708674,0.1187677004992609,0.19425057061442985,0.17753448564889093,0.11765761670648182,0.20726643675680295,-0.6569340892893025,1.6160438991564676,0.6194210941569013,-0.6407979694789862,0.3679845605683263,0.2642451416244248,0.2628866354778534,0.2589350270046905,0.365179037709539,0.3022531434878797,-0.07781413585507374,0.09390771386713588,0.31020945583327275,0.05516236421762714,-0.013244504165745396,0.06372075949415447,0.06242591575282647,0.05933452807583136,0.9688124773714673,0.3008325099965664,0.08414200363658035,0.1283729162565369,1.13749256339261,1.1843501042897924,0.03428158102617867,-0.7965388282558584,-0.70567642188644,0.7056764209120138,-0.23972537245420505,-0.13710651723785872,0.3652534232252789,0.09411728930984879,0.32566997633329675,-0.2160154752504587,0.23946918271023981,-0.08114270989805837,0.1464460524154031,-0.7774356691932496,-0.6260014571908621,-0.2335970901738597,-1.325562715635815,0.0893461125074114,-0.8438060199248826,0.5347656701882667,-0.026753865225695832,-0.4847954308629155,-0.323646773754452,1.1973809513195233,0.007488003215672644,-1.414708086559061,0.22482621223033808,-0.06536954293236026,0.4451712609006406,-1.6312717465420603,0.10940788521611162,-0.18198141179597885,0.9019396163366845,0.420149441124258,0.5010099526292422,-0.24581741802833107,-0.5741267879899781,-0.738496004558313,0.007509567176762283,0.8659422426491821,0.008517494731792096,0.677033383818869,-1.6312717465420603,-0.18198141179597885,0.10099735665885806,-0.11892741355273292,-0.03783213602483397,0.4931318765593776,0.018616090941956247,-1.2039769732448984,-0.11757927025044311,0.4432832653577536,-0.6114637408165091,0.19358272253394584,0.17954058017559987,0.10132709842248305,-0.15156075057133608,0.06479720856799656,0.10612170224054007,0.0,0.7264006660596923,0
0.517312879093945,0.5233282288218625,0.6144894383682856,0.8953076218001201,0.8947044792619571,0.6948715895344174,0.23594121169975785,0.2205373419102172,0.06822191409388216,0.2552621135942483,-0.6569340892891659,-0.9266921167980674,0.3748604962996421,-0.1393498828393127,-0.7504742903779114,0.6782280673215895,0.6752390745689226,0.6716313555923338,0.5082325137843919,0.6355274281324425,-0.005230164780971727,0.4848649360272226,0.46032684149731645,0.021264283480385383,-0.0259020442003577,0.04774397136167083,0.0411301345620613,0.030907067893976167,1.3705622745771602,0.693312719851438,-0.050344988854883206,0.28245685149632915,0.15146415604886418,-0.18395322621092092,0.04758086534043771,-0.6884096995515462,-0.5935968074207875,0.5935968059970219,-0.8209582220922261,-0.13621275860364154,-0.18968230234765576,0.4933434243566959,0.4481427783303217,-0.20942836004474955,-0.047763872461492066,0.35801398101441984,-0.297163204061848,1.3967997937907863,1.7462597940193294,-0.22104311850476135,-1.1420385755648994,0.18132598700552166,0.09799664217286311,-0.06722611681353788,-0.7842282423776599,-0.647978554415272,-0.0894692390940791,-0.17374456768873467,-0.21723755644720696,-0.6863593872461918,0.2790043888759299,0.13525189097881646,0.7105806797532231,-0.7046730350676145,-0.04152486356222106,-0.14218490320325874,0.6343451535776569,0.5029410468787331,0.4983325778537319,0.09379795875519008,-0.5647303486894425,1.504887329753926,-0.04705577389677817,1.28637226754241,0.014501784554989267,1.2467079009328068,-0.7046730350676145,-0.14218490320325874,-0.003002860349675176,-0.09531996279161521,-0.026649676179819243,0.6532509461965711,0.023781247886512383,-0.09767181380672445,-0.11757927025044311,0.5317449708876679,-0.7980149930332883,0.025685796178998674,0.8955208166574339,0.11165972497444202,-0.1407524102769164,0.08031202800579182,0.13431156760652693,0.0,0.6203671305883183,0
1.8973459384916338,1.9391340011246843,2.013131736618605,0.5217765243099419,0.5219828493030422,0.8180900674829883,0.2684770051586989,0.24381100791283158,0.08095585709329008,0.28406309261360885,-0.6569340892893636,1.6896142233515619,1.0596560799356831,-0.6876147071264561,0.43267670741794434,1.1663031574514702,1.162825732659495,1.1598522364699655,1.367487934840637,1.5237178325649874,1.251165588786919,1.5198545983933445,1.3346408139671062,0.3674485569550568,0.17938072299556573,0.2601891174022022,0.33845721316955024,0.36767374416537196,-1.5771875476192982,0.993215018385821,2.1764989517004976,0.6252254581711738,1.578213442244594,1.3720224909836716,0.007232019835509303,-1.1508610372861676,-1.1032834814756984,1.1032834825147302,0.6542607233293184,-0.20701362686181746,-0.18968230234765576,1.5318778842446477,1.2469395186565857,-0.20760310325441847,1.6829751498317875,1.7206589722624015,-2.048871027572552,-0.7774356691933423,-0.6260014571856218,0.9730256386732756,1.2322242146565314,1.1805145549762444,0.07962914421814288,2.236550371786555,1.2002372578324678,1.4497248465632047,2.065454154468634,1.3959833919944693,1.800681353857733,-0.9142272802789999,0.9365467114564935,-0.043539729110864116,1.3601356734096917,-0.19199622031250005,0.535121332283138,-0.1647018015628134,-0.46170281766546484,1.2739322391631627,0.8598068715998671,0.4541678709449767,-0.5665011945871545,-0.7384960045583255,0.04150939493855463,-1.1184137923306827,0.9421770408631739,-0.437403625616578,-0.19199622031250005,-0.1647018015628134,-0.14932259929696431,3.6539769026995184,1.7027008609950312,1.4980542088525601,0.6232540867913372,-1.6609944623547686,-0.11757927025044311,1.5894749803707622,-1.004577929936608,0.09331946554691478,0.5215740702153933,0.18646894444883014,-0.18441971420884176,0.02661996445840853,0.03577445972012111,0.0,1.0986900743132573,0
0.40303214323702696,0.35124321326749025,0.4775362743322709,-0.043252391033624125,-0.04526583106754642,0.048800971935866085,0.15054252911318114,0.13888756101092223,0.08908968639288647,0.1647714750914092,-0.6569340892893791,1.6968594981499556,0.012833787634114835,-0.5159422728853063,0.09916576199214891,0.6827329511729715,0.6797326622221919,0.6761301497562671,0.4967513100084133,0.3022531434878797,1.2863615947925546,0.25876612650480013,0.4213385230244383,-0.003943392383862198,-0.03552670935928529,0.03880662141622427,0.02932889466483715,0.02395619851681385,0.08335388572193374,0.1730296280102079,-0.0978703046757702,-0.013943742531888523,0.010288391691748937,0.02719753971801781,0.035567166156826674,-0.04646601495579024,0.013743270774104893,-0.013743273521921935,-0.7650169077543783,-0.1459329492320606,-0.18968230234765576,0.2638779648057884,0.43790157327182316,0.0021195940120815296,0.9892269872862898,-0.10931670711646996,0.16857633413386952,-0.7774356691932991,-0.6260014571905341,0.8555042776429452,-0.4505457613200812,0.11316012945438281,-0.3637821450294033,-0.007947966660949986,0.09860551355522608,0.08724732820114764,-0.5095295232893428,-0.013822284169919683,-0.6459574823673102,0.1316977296428034,0.02790834769484119,0.12011299696427057,0.3025286649456651,-0.14199987299995945,0.004292444669049468,-0.060867545085477114,-0.18974995266511538,0.5019048205820477,0.37876242508043306,0.3128547292555793,1.9604041323663657,1.389036131432783,-0.07352514779576216,0.10716502875920823,0.050640643771617165,0.830492934861893,-0.14199987299995945,-0.060867545085477114,-0.0981271272396713,-0.06032216111214057,-0.010817646960591629,0.22974658021387226,0.030879581567144255,0.04585723555943633,-0.11757927025044311,0.4178106255627485,-0.33056653267926067,0.02923056971069304,-0.04325792407691129,0.10871488840396198,-0.06454463603193686,0.06459141088076843,0.10574560904321893,0.0,0.01790339296331507,0
-0.6890144403419997,-0.5240482527037754,-0.6600558817452187,0.12711520531747816,0.1278826910572201,-0.210065826854987,-0.09522688211434091,-0.08449905677721874,-0.09357550229470994,-0.08999738484227994,-0.6569340892891827,1.3341758864743434,0.14920703969608162,-0.005481403089353312,-0.7504742903779114,-1.038944774323907,-1.0279824589791855,-1.0296693591857484,-0.47247616800823605,0.1082454850930896,-0.2810739713010149,-0.19716294423889993,-0.44912365728154546,0.03458034948915074,-0.2494650552150385,0.09267026999327571,0.10127611609242104,0.10210671849783817,-0.10397112649529484,-0.20937687481365938,0.68680658553689,0.1787218484002796,0.5620643501947048,0.0030482612469481625,-0.04003920957016296,1.0023103434612302,0.9647878132146629,-0.9647878133764252,-0.09256979275710464,0.0981153527726911,0.06890811672829494,-0.1968770989688956,-0.4408642767794076,0.0019391637025857854,-0.07244428676780791,-0.1507607314466228,0.2067097593859259,-0.007674537053319403,-0.6260014571904988,0.564998217782814,0.6624784515427963,-0.10790921134580883,0.6383921068682324,0.265019660983228,-0.37196266415769547,-0.4044260822099372,-0.6662103833733906,0.39182438331693553,-0.4949232120126192,-0.8715739980726808,-0.015356590142316776,0.015305303404784146,0.744393786211485,-1.8666620727574679,0.31271308807103004,-0.06449967291961378,1.1301862522512407,-1.0872858551016036,-0.38600507891116426,0.9516223788578684,-0.5654046984890322,1.557462574387989,-0.016344967671354137,0.5416111524129757,0.08048880583094269,-0.03815194766656356,-1.8666620727574679,-0.06449967291961378,0.6606803699513434,-0.0008798353154160166,0.0031790821266717683,0.23670662736487733,0.05660090924964272,-0.5506606117041666,-0.11757927025044311,-0.540024952357298,1.252044707103066,0.04902879923180465,0.1270177466384047,-0.11995460125062173,0.18778303757452983,-0.04780725209837364,-0.10414881007653792,0.0,-1.0203072255904948,0
0.3527596183329929,0.3289904418580908,0.37475789443511265,-0.16624348403970893,-0.16526642903247246,0.07442532459496791,0.12516670219214984,0.12114401910017504,0.06031070702676778,0.14189552165993957,1.6967201718218232,-0.2635429927573626,-0.1868349655325611,0.7190112081987089,-0.7504742903779114,-0.21314352717184565,-0.2110587472244355,-0.2147284153407543,0.33963477784874285,-0.34772612718155343,1.467089860598896,0.3870295136755442,0.244115266156247,0.0626194359371359,-0.008087022332188684,0.04673023727643227,0.03978773780401358,0.03155464475135856,1.3042966699866172,0.3825286845619718,0.019185847269435348,-0.09680866375518286,-0.33417380558742366,-0.2248046881191621,0.15521820859488578,1.054155312265814,1.0105328669351843,-1.0105328668449869,-0.1596903212804954,0.09294432973435506,-0.18968230234765576,0.3955592238933041,0.2591215285621183,0.5995673798751813,1.2967146637156988,-0.0006954262593668663,0.0742149375133485,-0.7774356691933486,-0.6260014571877657,1.6691292175067485,-0.9268010813603434,0.09971421548123952,-1.475657330412222,-0.2917385472550247,1.0190855583925664,1.1034257486731314,-0.0897981478223242,-0.19504238695609966,-0.6919922147001698,1.4942213518071026,-0.16307507952990824,0.6367078248059238,-0.05766156474802877,1.1518179690377743,-0.0372296521300513,0.27642162416098864,-0.9312510430488632,-0.07960255527572625,0.278316229130259,0.348901423887799,-0.5750595160132278,1.5518478744082018,-0.08991981543575872,0.435953237582931,0.03281013872952172,-0.70587795499441,1.1518179690377743,0.27642162416098864,-0.24069227851637867,-0.12197938343736302,-0.020964141623814186,-0.31619542883279944,-0.010525658789384603,0.36675700521007804,-0.11757927025044311,0.2829458971457395,-1.0630112420209195,-0.005145458149201554,-0.16622126578089735,0.11107537762363932,0.2092869401422773,0.32632743841052025,0.49920493304321645,0.0,-1.0684342525533255,0
-0.784354806886466,-0.612716161921952,-0.76966350004295,-0.6759216350733305,-0.6687301391327704,-0.27188077398765953,-0.39760250312897755,-0.3597981398432037,-0.36635671579646545,-0.4207696175338748,1.5861554541990217,-0.9266921167982761,-0.1243880961061396,0.7233633958867822,-0.7504742903779114,-0.7497723451587974,-0.7422346920733317,-0.7447254854118934,-0.30169445679748697,-0.1374819386000433,-1.5557915714651513,-0.12324300248213912,-0.27719010372141994,-0.09153365401592407,0.00777364772054908,0.038891225264196666,0.02944025931629431,0.02423736322373113,0.05298656891089366,-0.047591645830434286,-0.14871043302248846,0.04552438000418846,-2.1106830126815983,-1.4295671183181418,-0.024296683631036303,-0.4393128345102449,-0.34808286145946227,0.34808285925815446,0.45140860303570696,-0.1652646721667944,1.3006313777003502,-0.12508657793235983,-0.2812021170607867,-0.33480862155951446,-1.2629536132605135,0.2106425909826214,-0.1367780681571024,-0.7774356691931111,-0.626001457190955,-1.3787728044657324,0.26534601855026807,-0.11915790330386168,0.7826309715252214,-1.2577405033337428,-1.7311658139666817,-2.046337146886294,-1.3240159689789672,-1.5337635827021763,-0.9113360661219406,-0.5251804787093606,-0.10195793629091272,-0.12680218263261706,-1.1585782048702566,-0.769090356872041,-0.3260131280861079,-0.12508119692572672,-0.32250358605789514,-0.5043135185567166,-1.0389077462390015,0.2104846212032869,1.9595215960487151,1.3150078886591514,-0.2948258281574858,0.055308949950187765,-0.008651754272193354,-0.5520075196649111,-0.769090356872041,-0.12508119692572672,-0.2668139261304412,-0.07673359024299883,-0.017636486701155064,-0.12377523064073465,0.027496429975394775,2.134382977123278,-0.11757927025044311,-0.5940764709105413,0.5172575958780748,-11.57493787682161,-0.6760585556081063,-0.03968211309378952,-0.11399645241896492,-0.024001435123808288,-0.05848215149979601,0.0,0.38363319078501446,0
2.205457589394002,2.412831161946631,2.488644556941364,0.7394332840832658,-0.02770394268503129,-0.37870149626544175,2.158026451472863,2.108467152471853,2.089950840503617,2.298180950280592,-0.6569340892891616,-0.9266921167980426,-0.5909836850285353,0.32947608010982177,-0.7504742903779114,2.5614187908202504,2.5635163030703585,2.5618898849936778,2.5038665410359062,-0.3021772920468464,-0.7621517444448273,-0.27950990085333993,2.3520806331885096,-0.02471229257399622,-0.16879124438795592,0.08031925276816765,0.0848208196811334,0.07826801518911655,-1.5771875476193071,0.9438162813160244,0.6456994818569058,-0.07248570371650703,2.1833154354761533,2.1365678167304054,0.005605341683014691,-1.8196214328861353,-2.028998495658035,2.0289985034609583,0.8114052950005095,-0.23457274885003987,0.18918407793242936,-0.2858246951344841,2.1911411298996466,-0.3439181368646869,-1.2629536132605135,-0.9126458814158281,0.7572731328510598,-0.7774356691931764,-0.6260014571908272,-1.6303146083093532,-1.0130268515288552,-0.027962252688174618,-0.06244515619632868,0.4010231377347254,-0.4822339138487948,-1.1617867543520708,0.3125756959609765,2.2200634842826195,1.5653267819449452,-2.171674180155614,-0.3018839291437436,-0.10133724278834327,-0.13848344157984496,-1.7681017447993208,0.00844670914845503,-0.2205166655688763,-1.0206104339348374,2.530017893892705,2.5119651588726937,-1.5569889879173273,-0.48089082262145477,-0.7384960045580503,0.2880162628594036,-1.1184137923307356,0.15068688021541232,-0.4810792456365495,-1.7681017447993208,-0.2205166655688763,-0.2899046112435301,0.006625589730894466,0.05758633531470771,-0.25957093104487644,0.045365472497414176,-2.16998894069361,-0.11757927025044311,2.216495804632213,-0.3921082146406868,0.1781545121190536,0.7396922879336658,0.1951745488836569,-0.23846119910000202,0.024211575625999612,0.03132004384188823,0.0,2.0312111283478593,0
0.4591715079432687,0.6139314355075185,0.4540704055029014,0.8433659674630907,0.8920840550474074,0.7792471429469566,0.3325592304693667,0.2816179362789455,0.14232869078167945,0.2947072467016646,-0.6569340892891901,-0.926692116798103,0.3228018618516982,1.0786769330276098,1.237803640693509,0.7983767575094436,0.795131360593737,0.7916688242540553,0.4737607110266429,0.12936339609352915,-0.45803556489021763,0.36227107996460195,0.5115433200110333,0.04480413229483559,-0.01916910260354045,0.08593545699138085,0.09245374586881239,0.08373002034849096,0.6603078787074661,0.5964452325424823,0.228629782004692,0.16070948582135863,1.2795486877537965,1.1654281344649122,0.016709089943737952,-1.6367309786301751,-1.747299644662754,1.7472996501388036,0.026103009593322145,-0.21607794848031284,-0.18968230234765576,0.3578827553007609,0.5083270121242145,-0.2690691715643677,-0.2839947975859989,0.16201536833077973,-0.08558166124490876,1.4358624980705457,-0.6260014571907921,-0.8221141231178261,-0.620715891298831,0.2901665196368453,0.07397577824779962,0.6818618126122079,-0.1419358301975566,-0.3455535857463773,0.895463169126893,1.1676040757057005,0.9856167458276115,-1.4527361884050096,0.35515151283821983,-0.043181346450248584,1.0399468697166818,0.3894818901757188,0.07370388485883152,-0.1944339404306871,-1.0206104339348374,0.622007215905019,0.7073909001730391,-0.2818596042428055,-0.5397543526430557,-0.7384960045582724,0.0735413773116425,-1.1184137923308266,-0.1768263717774073,0.3868286161973877,0.3894818901757188,-0.1944339404306871,-0.2899046112435301,-0.31105437691653326,-0.2700241230897667,0.21648439530743882,-0.013136317553767545,-1.3575556102188309,-0.11757927025044311,0.6882096065870016,-0.5013940623441374,0.08276677223489315,0.8431586951001515,0.11061306431679536,-0.22451181557080052,0.039160966353928295,0.058966472218380014,0.0,1.7230863836556607,0
3.364644144666493,6.845551655169617,3.444474801148181,0.9822138189986033,1.005096070645189,2.9023156435209367,3.866108398592031,3.613512257760605,2.8692258943808224,1.8261865725375688,1.3716181718210991,-0.9266921167982761,1.5974227222592396,-0.5501368980167461,0.5155240389981812,2.3090730189214272,2.30949126602718,2.307740609880525,3.0180911359523086,0.2766320472646419,-0.2620738250193378,1.1220532181309684,2.393378964737379,1.2790474309238817,0.5101733557838893,0.8879559261299514,1.2903758782366317,1.07361071672504,-1.577187547619312,0.7904521939999648,6.911764530879537,0.20943958225412718,1.8730898717431435,1.8721307044774689,0.005074505106659571,-1.7743971798378693,-1.9568897050270293,1.9568897122140576,1.372424373045047,-0.23197376575863965,-0.18968230234765576,1.135489052180077,4.9210976996990405,-0.31980948658678116,-0.7827864691757886,-0.44002794718785504,0.428785602268715,0.2434788434060645,-0.6260014571904091,-1.2986389921574164,-0.40420464382337146,0.7156261262287503,-0.6626180318338283,0.7380096834984046,-0.005644636044772558,-0.5892682003166743,1.5553734379872883,1.895768762133088,1.973916612627932,-1.915163000920381,1.071995385303835,-0.08589777152724345,0.6915405240725121,-0.9189854256219799,0.07400545069328046,-0.21186392023194556,-1.0206104339348374,6.0618141607962635,6.974129258900243,-2.379032181095562,-0.49646478350427314,-0.7384960045581243,0.2183181054982886,-1.1184137923303676,2.184598831941992,-1.1066135311297987,-0.9189854256219799,-0.21186392023194556,-0.2899046112435301,1.8805835317184623,2.2627363364572632,0.5735528428745466,0.3100658754848225,-1.9283244601998415,-0.11757927025044311,7.588251154370649,-0.511546029657241,-0.3168894295217303,0.982316520027414,0.43024713010282234,-0.23505866942023432,0.023346956508622244,0.029721137077296993,0.0,1.948418127994031,0
1.0917088789910194,1.3867485535122295,1.302574589167111,0.6258203997508082,0.5743294075151952,1.0111117692541176,0.7482509167819711,0.7356773421774163,0.48293904379129854,0.736646302202875,-0.6569340892893892,0.13763908847902476,0.937136146841563,-2.3465309187284045,-0.7504742903779114,2.955169569161044,2.9604090662670295,2.958842281361448,2.1760025210394134,0.9153138240794758,0.42065337331411057,0.9024334457729333,2.129430336475508,0.07365803659554267,0.0023424428113899406,0.055735775485391464,0.05174880390718378,0.04564884864928494,0.15919528178974324,0.3849729264903344,-0.047200154981697884,-0.004539696578698194,1.3438502750121037,1.4287534725861675,0.004649693640922359,-1.7628325475655557,-1.9386304470537707,1.9386304540869999,0.2476639716690385,-0.23172767229477362,-0.18968230234765576,0.9125696924151729,2.0648862471363594,-0.3277306732362822,-0.7148913554064206,-0.5132820197053006,0.48314279911183544,-0.7774356691931201,-0.6260014571909163,-1.2397461805841303,-0.23982801599575776,0.4383140711194986,0.5152289721393981,0.3755898798562968,-0.27162626105541154,-0.9028000313408538,0.6998113704391083,1.4825581434035093,1.1247625667636447,-1.7502557774767675,0.8444117013279399,-0.0890469556565426,-0.1459796269447062,-0.13870921131153,0.006835980853045565,-0.2061856878032702,-1.0206104339348374,2.6348989246078904,1.898783370109931,-1.2241071011473335,-0.5478993772411691,-0.7384960045582388,0.06302099099873014,-1.1184137923308195,-0.32850385079822847,0.17824541007703806,-0.13870921131153,-0.2061856878032702,-0.2899046112435301,-0.3845930737612769,-0.44686783956063203,0.4431205276533041,-0.024947272057237437,-1.4253232605915802,-0.11757927025044311,1.7448975814371468,0.4615342744440661,0.30072689796854,0.6256254617023169,0.17247621723789217,-0.2341768411791554,0.02272797459741486,0.028576581822697567,0.0,1.9278998066078576,0
-0.6482486420382491,-0.4063500204779756,-0.5582943998458553,0.39813640291084873,0.39855238511520913,-0.3535777443446687,-0.05290426726601846,-0.024213907578853257,-0.02241188247567676,-0.03624750497628066,-0.6569340892889821,-0.9266921167979788,-0.4996551683065745,1.9404836396960317,-0.7504742903779114,-0.01759380786320117,-0.01711795231691017,-0.021028598911845733,-0.2182870330033786,-0.2447593973475144,-0.5606734639113915,-0.29397313323423674,-0.24334618828642635,-0.03606040393567242,-0.07314827837227879,-0.027459180069937313,-0.056141715882437625,-0.07411226879541571,-0.34643940818755137,0.09244783469702848,-0.8233342564815377,-0.03920766744404037,2.2883035207995945,1.8734671098729567,-0.012835952867022552,-1.801960428956983,-2.000450169935551,2.0004501774930166,0.5825704916510223,-0.2281208167709518,-0.18968230234765576,-0.3018107448561376,-0.24575841904484538,-0.09751540262847559,0.13587919437753415,-0.9974571188788328,0.8114536052655019,1.0845611201566752,-0.6260014571901699,-0.612042475280868,-0.6483128529680112,-0.05852180616967745,-0.8252094193715587,2.3777755101857463,0.6275250239463118,1.1321849635358507,0.8349767135757264,1.9115344182772487,1.2044484488713736,-1.727324457052001,-0.49747274032525235,-0.03487277487398986,2.093483098363256,0.5626498213835464,0.41515739753016334,-0.20569780685578712,-0.9107980110748987,-0.057014010038411826,-0.18218463436612456,1.1653069826843223,-0.5187376541266883,-0.7384960045582751,0.18432945174803275,1.7619975561889263,0.13273631846718445,-0.19807365119977466,0.5626498213835464,-0.20569780685578712,-0.27096405586246214,0.10833263968085405,0.19300501029133457,-0.36466130927966495,0.06196663454906026,-2.2421684403235616,-0.11757927025044311,-0.4194697505374627,-0.7127754938698692,0.08100862269863977,0.3980800704948562,0.016132059166374838,-0.23713427609431575,-0.0003089747841514486,-0.01407611779932334,0.0,1.9981994056592254,0
0.5931467094520114,0.5920890800161852,0.5349802045287414,0.27718073235901164,0.29337235467555006,0.28615689130366956,0.2678544691856854,0.21687238392589858,0.1573651480453866,0.2522665726588751,-0.6569340892893095,1.5712068440378233,-0.207498432458698,-0.28870887881062296,1.4788040793413766,0.7669241902880192,0.7637369820743056,0.7602352864356301,0.6975316413194582,-0.3285379335499637,0.555718303024683,0.3870295136755442,0.7277288372951909,0.06500237838355416,-0.0072222248402184774,0.065935511933797,0.06539900253519325,0.07163529541963394,1.4513094941093376,0.4668304938099352,0.12495860563890909,-0.14084305248745896,-0.5053734682811243,0.16612929517582653,0.028781326010807774,-0.1152450286402089,-0.04781601596959648,0.04781601325792437,0.34089579959292043,-0.11552955017758747,0.173197776460035,0.38272142733214254,0.7346239682318246,-0.1280239180280969,0.23946918271023981,-0.8058979936960263,0.6862974386927594,-0.777435669193008,-0.6260014571898479,0.15624422701483737,0.16049522330573485,0.2822784386413049,-0.3578065810803609,-0.5373568632110826,0.3507268132083203,-0.29460059169018954,0.5590094129397924,0.02803740115104037,-0.1722761202119831,0.34995537247892217,-0.1814647446045322,-0.4923140814806742,-1.1728537885501342,0.523334414328444,-0.15744216443547612,-0.047481929482414933,-1.0206104339348374,0.5298683521915075,0.5974228588715524,-0.09059824739249686,-0.564033199796288,-0.7384960045582751,-0.10522270303677674,1.6611767754189455,-0.052730508705839875,-0.5766213238213188,0.523334414328444,-0.047481929482414933,-0.2899046112435301,-0.21284746389648218,-0.05675547141984985,-0.3137335877675593,-0.016033665944712835,0.5180714133636568,-0.11757927025044311,0.6103185598387877,-0.44468036448035636,0.02926934632249915,0.2772135137265544,0.1316741883536503,-0.07405654167699022,0.052737072376533294,0.08400490842169717,0.0,0.08242282338499393,0
0.4254078073377116,0.2229480281884263,0.5429396615876249,0.032686616252075494,0.03354100818070751,0.11693971933095984,0.1416772698875996,0.13867545383813595,0.06832800939794462,0.16930162709801774,-0.6569340892893694,-0.9266921167981063,0.10665042828506044,-0.3760508552168698,-0.7504742903779114,0.04344071004996668,0.04346715234579602,0.039515935134064935,0.20874671027747219,0.014118706623936954,-0.7265256151333424,0.0240308426335875,0.14668285417725918,0.1337411493973014,-0.0018901762963169802,0.050832743988475294,0.045226524239240874,0.04026130908352498,-1.577187547619312,0.8232269516788858,0.08681918504080845,0.10183193809606544,0.9714782360981687,1.0312155650124484,0.09293430878143216,-1.1544783684707411,-1.107394181108556,1.1073941821715498,-0.5920132561218987,-0.15344410011119525,-0.18968230234765576,0.02519014043958038,0.1542307861583515,-0.3055970904347084,0.04705461574859807,1.0436320810476536,-1.1697396416046943,-0.7774356691933096,1.7486026709239038,-0.42023033352532346,-0.7352604667826025,0.12029615145940285,0.5019621223946953,0.5511910731164984,0.15446714166000475,-0.30286313566208184,1.5567368628989957,1.0626058260073008,1.3770365436090977,-1.177728953927373,0.06698339927244928,-0.06318716734842175,0.27579227761524927,-0.8295106422927143,0.08300970711157227,-0.17667623709593128,0.29639720544093473,-0.2658742859381821,0.3376079384822429,-0.7146043740658645,-0.541811917683607,-0.7384960045582472,0.04606217451032511,-1.1184137923306354,1.1676601931881792,1.0733565760022608,-0.8295106422927143,-0.17667623709593128,-0.08149913080622653,1.6363855565247214,0.80481405307285,0.10277020056868312,0.32931286476456556,-1.0188626617532193,-0.11757927025044311,0.2314995098695597,-0.6693145690678789,-0.4380177160939879,0.032726337079236445,0.07795912763200812,-0.1847348198070945,0.13020953142360409,0.22195391083002566,0.0,1.1027125937831759,0
0.25330401173193423,0.35248376624049393,0.31277006659553025,-0.02322812824753525,-0.020864909153346663,0.005850291128917114,0.20828669702435285,0.19030625847537427,0.15329877836860029,0.2210948857588476,-0.6569340892893508,1.6676553436118677,0.006212576723752001,-0.6356574931518616,0.33967388909018986,0.655588553349767,0.6526583441598742,0.6490247842880433,0.3466065469121618,0.1082454850930896,-0.3680514906225342,-0.016490732941165112,0.31845823759835507,0.04965109323651396,-0.03369548506843989,0.11430769718067088,0.13138570331435528,0.13235911716452167,1.9859119230222546,0.7141048738409039,0.22098091197393083,0.11553353332827768,0.5978267895423647,0.7137726131468961,0.056018889646114386,-0.7743988452312197,-0.6821857607783569,0.6821857597051441,0.15001349652175872,-0.13269403180751577,0.9151951736448701,-0.01515985013051237,0.31132379518266395,-0.2045308868745978,-0.3408119110091958,-0.534763113239176,0.4991102786570369,1.5218666055469026,-0.6260014571907669,-0.5661725848733046,-0.481237195914526,0.09521275624606332,0.029120488281683937,0.5127207159956763,0.3812553909305838,0.12056777800446505,1.5160111410370065,0.6514590762397654,0.9771734998287165,-0.5184795996915665,0.01967285576357391,-0.029971934175999047,0.3232497029439685,-0.20501190448629827,0.10538655755576132,-0.13543247813640547,-0.24674594667113456,0.4190829558593509,0.5728727190461811,-0.983399777162957,-0.49877345165345466,-0.7384960045581747,0.06913909271056244,-1.1184137923305888,1.4095409779271026,0.0035764578549476586,-0.20501190448629827,-0.13543247813640547,-0.14867217539811256,1.6923823997303862,0.6332503258121982,0.0971306569618935,0.3748921368756056,-0.5915877668329962,-0.11757927025044311,0.3529057086640724,-0.3135136085530322,0.11347953462239159,-0.023434412811507814,0.09236525953954451,-0.14938818247695865,0.09972117211051858,0.1690232059038884,0.0,0.7045357963119121,0
-0.8096808422967402,-0.6855695165127931,-0.7523369465734607,-0.9268397472323885,-0.9264177198333513,-0.5905936214579927,-0.4032238715739665,-0.3432061990911442,-0.30652237333247717,-0.39716931905403874,1.6865918861533975,-0.9266921167982761,-0.2163375490453279,0.37995477046295956,-0.7504742903779114,-0.5647858953185172,-0.5592749947005506,-0.5622311426099726,-0.5123480272671368,-0.25671030314012594,-1.2758867084813421,-0.29759536571751327,-0.48958997411010213,-0.2748238745507761,-0.15104744168432319,-0.04633964634877209,-0.07994694536331755,-0.08445828977234207,0.2714414106188834,-0.22425428870715736,-0.4410517647507426,-0.05250665956130576,-0.1972467349904509,-1.0988882292697566,-0.03822339042214359,-0.015435505785902111,0.04179316903738243,-0.041793171793166266,-0.05991528631503222,-0.019108999534499828,-0.18968230234765576,-0.30479078865128284,-0.5097430892788241,0.01624345394417313,-1.0702900654803547,0.24551652793609227,-0.17323926115450183,0.5782019443194754,1.7491969088863655,-1.1628239172849213,-0.8018568663652063,-0.15710764307296432,-0.0292818687514177,-0.20168146942605553,-1.2271404219868536,0.15721120815182604,0.14137785928231889,-1.3403001425260348,-0.4258894182004589,0.43874718719100536,-0.19110150939229417,0.7951187310025671,1.0179471785663596,0.5449003431792208,-0.05645021766376189,-0.033196809942273364,-0.9702905183449348,-0.6243655610239223,-1.1119972856640963,0.29256395953161024,-0.4360885045134993,-0.7384960045583212,-0.03134748359109983,-1.1184137923308604,0.4518495460078356,-0.19026896402406038,0.5449003431792208,-0.033196809942273364,-0.27923564012617164,0.26385284754330535,0.07871297525096364,-0.3437047659600583,0.1246617807423436,0.24276045629311951,-0.11757927025044311,-0.6590269082822586,-0.2567991815683618,0.6528679702953067,-0.9266185616970688,-0.06910931352117142,-0.06009324978649762,-0.04233162954698308,-0.09353041180458853,0.0,-0.011478033944618103,0
2.1741194703492956,1.625315290864838,1.7256466427477675,0.16543490081564324,0.162178446039234,0.7801044368254518,0.2569374324147684,0.20311636902541821,0.0756863182402768,0.2380185016607383,1.6229707337965842,0.5320165476624303,2.27889626036692,1.2641659627854247,1.5452431113830005,0.40255100085244433,0.40051334953075846,0.3966395317170067,0.9383700491315389,0.9358748304454503,1.1137245484599514,1.3086946044247436,1.0514761423608825,0.11099014775257462,0.028267247373975034,0.08172508135481883,0.08672897845347094,0.08508902060132326,0.7220806572075266,0.5600567221778309,0.3608713870075611,0.6347743151953138,1.5500519065087897,1.5720352157451376,0.02319356122001768,-1.6341300828221768,-1.7435757199593205,1.7435757254060869,0.7907796427141633,-0.22051284459724402,0.3652534232252789,1.3225656738984826,1.0531421643329673,-0.24384997872037828,1.8555176796799153,1.125265556362223,-1.2805209154226478,-0.777435669192496,-0.6260014571866774,1.0399217494540467,1.6709207188688253,1.812395484481421,0.12058935151539579,1.0844208440680783,0.6334291112436016,0.06467729093016254,1.4425368763009334,1.632519160347312,1.4818346866740526,-1.482510326804563,2.140755020141689,-0.08583484384632245,0.28794362254075906,0.1897048001358214,0.15729746628818111,-0.19550147259243925,-1.0206104339348374,1.4342002124906486,0.9911827865338129,0.3271916588703995,1.9579032624956836,1.2345347028564324,-0.049034182959392415,1.503695772265036,0.10781564834000491,-0.5226708584349002,0.1897048001358214,-0.19550147259243925,-0.2899046112435301,0.23371440656709655,0.2455535392848398,1.8663729793687962,0.08414981175600249,-1.633675050310897,-0.11757927025044311,1.8245405378781916,-0.44172710148829425,0.11307134135393489,0.16546090299665842,0.18188863572863687,-0.22430184608539191,0.044583741720191764,0.06898083157767514,0.0,1.7189837393886442,0
0.9660481993503589,0.7664076372426002,1.166401784456449,0.18589563809086818,0.1865997244628993,0.8233099952925639,0.2607746274009514,0.25437111021488445,0.07365277473242363,0.30018744790137813,1.6222471856482257,-0.3898652595108169,0.7580890425570722,-0.3058025695414673,-0.7504742903779114,0.3155953268232262,0.3139682729819882,0.3100398939402525,0.5219977283448725,0.612498426695911,-0.3218712874114676,0.427001094010739,0.46442762494011885,0.03699033869531041,-0.0048391425223953165,0.06568201520606091,0.0650584611083302,0.06352096460003853,-1.3852171342636288,0.7037692744195934,0.1871997658944002,0.31849783090766204,0.7902018711897685,0.991766944356819,0.018288799492294543,-1.351163845725119,-1.352757743491398,1.352757746091492,-0.709906311691202,-0.21634981606364914,-0.18968230234765576,0.4335504865731696,0.4251857230814281,-0.25974907848008005,0.2980945245356955,-0.13401351957292626,0.19021192939582618,-0.7774356691931764,1.7533515166181601,-0.27187606713383305,-1.1367589159612033,0.19729800836768877,-0.1391269249423618,0.4396118695927452,0.23380581386218227,-0.3198096808677565,1.3743042320218026,0.9700524385877034,1.1051016812334828,-1.025407549341304,0.7691510114938522,-0.07106994966380752,-0.18893213358853256,0.31570768495752666,0.04352516502957837,-0.17341424309839915,-0.4238144615579054,0.6759698970422373,1.37152642880695,-1.4635217042149704,-0.5643903674547663,-0.7384960045582835,0.0006548523720465422,-1.1184137923307738,0.6939683919418085,1.1865521336405915,0.31570768495752666,-0.17341424309839915,-0.21848163406814872,1.1344809507374833,0.692463213419554,0.9616780173671885,0.23687702351022782,-0.8122801464211794,-0.11757927025044311,0.7771374857828696,0.2459139840838565,-0.061146625108405954,0.18598454358319452,0.1218326542405549,-0.20153030874357994,0.04134839108943725,0.06300767805113998,0.0,1.3337500324445644,0
0.5842887326883451,0.5025990617438392,0.43638382660165403,0.635644375963005,0.6356313356496741,1.1520473065672556,0.23484423118153316,0.1795234228692392,0.01555767481699401,0.2168941693021151,-0.6569340892893962,0.8125270766107455,0.527388444218788,-1.395843708864272,1.6187320009226938,0.5452984591488594,0.5427033637903461,0.5389528034455625,0.49445394846450885,0.6217119016370842,0.36437688284466274,0.9474720968406081,0.5340493383688477,0.06230520402274503,0.002700193680291267,0.03515764886234446,0.024531901993331988,0.035160762250830854,0.605188807181779,0.18199186523335328,-0.38431060076952445,0.2876411653207813,0.36024040894041637,0.742881115049302,0.006666426415604703,-1.152217034619961,-1.1048248724847016,1.1048248735327082,0.49864116865415636,-0.22490051095138988,0.12285812558278009,0.9592397236791836,0.5537634550656477,-0.2312275475397208,0.6206367809301768,0.07726886557119539,-9.596957310827284e-05,-0.7774356691927716,-0.6260014571896565,-0.03397412547036099,0.9176385838049012,1.103232255901128,0.24093216814111376,0.15775468452016364,0.28039255581520967,-0.338806595721806,0.5871185677554671,0.6644060081169291,0.20910186770460315,-0.6225318108887488,0.6083885857339567,-0.06810589229900843,-0.7373804218943405,0.8557088243224462,-0.007112592828530837,-0.1510069294192092,-1.0206104339348374,0.8173771817406577,0.4568180024988599,0.42400060657761907,-0.5890759333197394,-0.7384960045583299,-0.050747299332957775,1.4270879944150208,-0.10381386082070039,-0.3624337191755618,0.8557088243224462,-0.1510069294192092,-0.2899046112435301,-0.38338813031852764,-0.19108822918682525,0.9490946480689184,-0.03884630567198357,-0.3231309919129549,-0.11757927025044311,0.5810862719693851,-0.887293404747658,0.06979665660548796,0.635461776953049,0.1093931090235133,-0.18452444426675466,0.024882027165968438,0.03255998328664114,0.0,1.100025882951744,0
-0.1340859156984271,-0.06715789374802734,-0.09431672029801563,-0.09868261828096596,-0.09773729595224832,-0.1974302981952991,0.043377799745646255,0.038819639678184525,0.03574928391930272,0.04145171770738508,-0.656934089289294,1.6688048549820056,-0.14144318110288923,-1.3688946257485277,-0.7504742903779114,0.044909638205838064,0.04492560516490863,0.04097365941069015,0.009396709484991089,-0.14461736273018336,-0.9392583045428,-0.13722643039230392,-0.0034862457081243337,0.026505405564489225,-0.543934176198742,-0.33914489150288907,-0.42987956376037617,-0.908205042995614,0.14559015297586356,0.1906576044032716,-0.060294222343053476,0.03234360148430258,0.37741960067637054,-0.28275951353541784,-0.041638441930039745,-1.0198000822797895,-0.9504005426983833,0.9504005428901104,-0.511834645518946,-0.13547700933959117,-0.18968230234765576,-0.14156915071858836,0.006528700290762876,-0.1775243083584347,-0.6815396393261278,0.9723599300775778,-1.0740826952591187,1.0013506195500048,1.7309454254310361,-1.032583615084382,-0.9856174199059378,0.02793467595327078,0.22931177704374686,0.2663940736827479,-0.8099502606525231,-0.059527067158451574,0.9892616282103581,-0.430535643801058,0.42974007991958296,-0.41261247449829047,-0.1107746317057669,0.13739117947862803,1.1290853094371407,1.0110449898907687,0.024586205698729626,-0.1369710355213933,-0.7361480230408192,0.31373015556547224,-0.16071726023093125,-0.5563524646747993,-0.5002064862000373,-0.7384960045583145,0.034917683090922476,-1.1184137923307644,0.7461117582653709,0.7942574353594563,1.0110449898907687,-0.1369710355213933,-0.24965040548788645,0.7337626420453143,0.34114202684920863,-0.15089273674573628,0.1880589253834478,-0.34223296918267565,-0.11757927025044311,-0.04083905142025709,-0.20868947129299487,-0.04951561247514066,-0.09864237482541119,0.049406964442121434,-0.17269126795775175,-0.05294974450462078,-0.11419067482602997,0.0,0.955778434766724,0
0.0558601067045747,-0.24030043993223574,-0.05202862632585551,-0.9850642879189793,-0.9847478766398624,-0.915580024161668,-0.050909505444623485,-0.04458970019329617,0.1787165727804397,-0.07711108596375693,-0.6569340892892185,-0.9266921167981043,-0.1836391545675719,-0.42609834073062375,-0.7504742903779114,0.03755554533067882,0.03762412066047539,0.03367594464770502,-0.1038794949500732,-0.17556535172870333,-1.2134331221499814,-0.5458277050822066,-0.08947882785584231,-8.71435670777161,-0.023553091271669786,0.02508555312079043,0.0113517171299269,-0.04904591909361671,0.7792695243056116,0.4150732687100734,-0.029877649168833117,0.01850334883320775,0.6889534338182396,0.8251201880670209,-0.018754625032919303,-1.499528743754706,-1.5513947360857387,1.5513947400748354,-0.39002730749587056,-0.19425811397537956,-0.18968230234765576,-0.5613731247587741,-0.07627972010690731,-0.2980663719991218,-0.7827864691757886,0.010304482494412103,0.0649142403309204,-0.7774356691932743,1.7121557359202213,-1.2397461805841303,-0.7540445690153099,-0.39611517407378394,0.6550474921490046,0.2864709710493691,0.024546153183534713,-0.5301354925073434,0.7049465827340624,0.8815723917431296,0.5504080977081879,-1.0770021622908221,-0.15985619913788468,-0.0673196112041011,-0.23521591013415155,1.2521216451395223,0.003275890457149686,-0.17806593111054783,-1.0206104339348374,-0.12265704820011851,-0.6745668464575741,-0.7620014258853448,-0.5117652067404405,-0.7384960045581676,0.06263795405759347,-1.1184137923307975,-0.007678205488998453,0.8079134497869919,1.2521216451395223,-0.17806593111054783,-0.2899046112435301,-0.09257256569434298,-0.04718327668552209,-0.2055140083953291,0.027672248091142413,-0.6960394765063854,-0.11757927025044311,-0.1953204643800246,-0.799713001852265,-0.06338121416250987,-0.9849652857777025,0.03604870013698194,-0.21366617593107876,-0.01424518744355223,-0.04009523228898953,0.0,1.5259720782470176,0
0.702642506540772,0.559204823086364,0.7216574329708948,0.29481900858120685,0.2953867409950213,0.6973637785113733,0.20220207427176784,0.1753289992880962,0.038876837047264086,0.20587838026634553,-0.6569340892894333,-0.9266921167982761,0.2036563870132447,-0.18211532012846562,1.2892214732163023,0.12565294735453678,0.1251191287033603,0.12114548492262345,0.6020367746705878,0.8581459284366791,0.8373498665006368,0.961486032903788,0.5810516027916366,0.1982418514345805,0.08471158652058286,0.7536764576985296,1.081537222165997,1.2602713632999771,1.1490837500089486,0.4689227011662233,0.46469219575200577,0.40758634400773003,-0.22409433533173748,0.27223976269634864,0.04488696524909593,0.4290866418297825,0.4449568408331328,-0.44495684309311445,-0.8132197498941129,-0.09095303828557921,-0.18968230234765576,0.9747197765041185,0.5965664746270252,0.06401240224465322,0.7365566064764159,-0.5784665307660719,0.5281799830571312,-0.777435669193132,-0.6260014571908272,0.9007960265304924,-0.14288169398766898,0.37787411690040795,0.2801848460389056,-0.2361996201219929,0.567273678386529,0.10132766419896623,0.5934642243796323,0.13651929227797796,-0.1709914768182856,0.4176208667076587,0.18914915232933638,0.09355560087091301,-0.6529963562564047,-0.27349778591202045,-0.05048081722535274,0.004461255252683905,0.4802674079144105,0.5030682850235115,0.5579616093420435,-0.04625286133827654,-0.5767808911200735,-0.7384960045583145,-0.08158584440730762,1.4053665201824754,0.11713183821391554,0.8926974568602731,-0.27349778591202045,0.004461255252683905,0.20336003972396785,0.10408877377024107,0.02940044700261503,0.850182570755067,0.0887232482655689,0.26737682820364533,-0.11757927025044311,0.5705914887837248,-0.4624177426247874,0.03178499191240735,0.29479311106569145,0.14365273109669208,0.018467087590347986,0.07669076193649801,0.12776301446085753,0.0,-0.4529531718610097,0
0.16928327168734758,0.25287891704465704,0.11864771649466757,0.5690709912817613,0.5676475019385203,0.5844423396959249,0.19377737549641882,0.15774743122292872,0.04579808234825624,0.14633855019932676,-0.6569340892892795,-0.9266921167982761,0.016999004073706688,0.9145278025803053,1.5768636528200703,0.5357922187790083,0.5332298518885027,0.5294699941598193,0.18757095442798075,0.05653203896346093,-0.31104468854195083,0.3248953409091832,0.275120273918466,0.03093600354258193,-0.010117599144004744,0.02815862315461803,0.015363856378709467,0.008400915013231909,0.6436680721349878,0.1943966748982119,-0.1254077208566616,0.014453660251029787,-0.4233872282707784,-0.206549582302237,0.14334237813773965,-0.11142309664528975,-0.044515767067459945,0.04451576435321329,-0.38747633403550974,-0.15309971701982567,-0.18968230234765576,0.3297343900804037,0.29006812377378277,-0.290399928174874,-0.6485848310921296,0.7218656690470533,-0.7439934025305138,-0.7774356691933396,-0.6260014571910347,-0.7228628216198432,-0.14692140914703827,0.34068015243346805,0.6687229489496015,-0.4689354015891803,-1.09352944687216,-1.4138039549380086,-0.8475686165484131,-0.22026546104891745,-0.5608274972771478,-1.0218464664654143,-0.04371992057738973,3.2076957073668066,-0.19864242159067882,-1.6017078853627855,-0.1380938483106195,-0.14525844328337045,-0.5101466986134507,0.23740187775643054,0.2765535183473853,0.03771902153112605,-0.5808893437407503,1.53547205773667,-0.09748047300036747,0.7632642864177177,-0.16658577920910478,0.2629561379749287,-1.6017078853627855,-0.14525844328337045,-0.24652551880249174,-0.24238474879860655,-0.06567439451672533,0.031715251852781186,-0.02560492638390247,0.4459109976878791,-0.11757927025044311,0.24610051337922376,1.0791498243734525,0.014935592894347767,0.5690175523071167,0.0849453405909279,-0.07355093287992248,0.19744205375925766,0.3299876031595672,0.0,0.07893148253726588,0
0.21419667178734678,0.24266896164253268,0.24315844551349342,0.44551679675702327,0.4458560060953134,0.9560119718827975,0.17487581381085548,0.15149012161766515,-0.01253132508105012,0.1629396953378349,-0.6569340892894333,1.2054321612221657,0.10686423741648815,-0.5354095397532717,1.4018724141972674,0.04050001708272522,0.04054747956259962,0.03659775759030292,0.19934030487629076,0.011759582449589462,-0.6797944635868657,0.346733099705628,0.19649085380679734,0.08376294085444623,0.019989958200865847,0.04013572874810497,0.031079166674696103,0.03624936582709666,0.2714414106188834,0.22820172757119978,-0.016724781411728666,0.017224696326326457,1.1864856990255388,1.042700668433162,0.05986478168273134,-1.179691627808337,-1.1377424669006535,1.1377424681424748,0.20545477965990483,-0.1807360807970968,-0.18968230234765576,0.35283545306639935,0.2111939617146465,-0.15132043175910392,-0.22875178478122557,-0.8182138484578988,0.6935194449737513,1.2778131335608869,-0.6260014571907606,-0.7228628216198432,-0.8573717582168024,0.2710280823477505,-0.5361880199383569,1.0349528152421352,0.32186671522870713,0.29079099928082003,-0.4157152591154675,1.0415978448433483,-0.26992452254467286,-1.0446870333473177,0.09352773938719802,-0.03449138903931461,1.0511232709469083,-0.4572026659951036,0.199370612213919,-0.17118173851802646,-0.4648444127410789,0.28627574831560115,0.3349722104157163,-0.17940014952197184,-0.517191146559061,-0.7384960045582388,0.10832475534018787,0.9803522881006209,0.12143100490261387,0.06329626121151452,-0.4572026659951036,-0.17118173851802646,-0.19817766353469404,0.05080402172344773,0.04220395698454592,0.1351601777760858,0.05584843375586462,-1.2574971223785476,-0.11757927025044311,0.2820323494201592,-0.7875795335331167,0.47095446198021235,0.44538967096851667,0.08261060988192018,-0.1869388866724581,0.09482836226194503,0.16033917843033,0.0,1.1311399536460822,0
-0.05938467696150536,0.21878160421233547,-0.010268937376952234,1.2570957537971146,1.2554771174073733,1.6443425302168881,0.2054199219789733,0.19086500954551716,-0.05184195801898,0.13758937389485235,-0.6569340892892368,-0.9266921167982761,-0.1971672950704314,0.6678504291491092,-0.6276109536852368,0.12706806427069192,0.12652507137438931,0.1225513115035975,0.14272952854141494,-0.32134598910139334,-1.2367199820204797,0.27775700527505814,0.17575191196343012,0.32730669664897805,1.3492880511654866,0.15280684857320015,0.18504992337846723,0.15730028618477285,1.317475106975697,0.3070749805684171,0.4288461494255957,-0.08474846065850629,0.1856750370829222,-1.6443748089103956,0.3427293711238078,0.3825899816856197,0.40255314335425463,-0.4025531457173555,0.8563585311194363,0.012986444914580285,-0.18968230234765576,0.2761025728340014,0.1890145591072463,0.391094222349952,-1.507367597531658,1.594356124141527,-1.8954161451107836,-0.32754586575033584,-0.6260014571906771,-1.3585663469113625,0.2808842754212301,0.8396379713392444,0.4779750030503298,0.5789011970802757,-1.2749739874589863,1.4133845273030037,-1.0128301486267146,-1.5679439703217377,-0.8935648091920397,1.0132952865610627,-0.1762179830433884,0.3290559858904031,1.3330074893442367,1.3149241895560457,0.29829154158394267,0.06295468166971697,-0.8979879011390646,0.19630417078000045,0.2809875809467364,-0.6349899273238375,-0.22492624179132475,-0.7384960045582291,0.435578794856882,1.278105350845118,0.18068027392736305,-1.1560136974639665,1.3149241895560457,0.06295468166971697,-0.23996225074358032,0.015079867379400359,0.00858101596554207,-0.32690808990137343,0.05660916517465543,-0.13362880251560466,-0.11757927025044311,0.19994012881881945,0.5580083942353475,-0.32854413013505956,1.2568638620348065,0.08155110434898172,0.008670277521652949,0.3361778895765236,0.5101403818973368,0.0,-0.4056431176158456,0
0.9349744051864204,0.9442611602573773,0.9735689912434403,0.789491134756975,0.7891431470743371,0.8601183102520453,0.394240773738539,0.3451667307893769,0.18642303251055498,0.3979486034149772,-0.656934089289257,1.0544365984655508,0.4154703681513284,-0.21813201784539157,0.9437745099407953,0.9688897787322525,0.9654360573498466,0.9621956051631892,0.8082363688532456,0.2766320472646419,-0.12809321522348663,0.521085730224675,0.7845933460664118,0.044675647558470075,-0.002606671679929236,0.0758194169994704,0.07872461741101246,0.07627060454873891,0.6436680721349878,0.5722580866097325,0.22098091197393083,0.20693523933552202,1.2929910877735171,1.3935000474928474,0.011044086561387785,-1.6432408731815848,-1.756878519551083,1.7568785251026875,1.1533879899823607,-0.21955994701078446,0.5318687751275055,0.5281407697215666,0.764793934215913,-0.2574405453897925,-0.047763872461492066,-1.1473544646461646,0.912334200153927,-0.7774356691932275,-0.6260014571892673,-0.6275482942145174,-1.0356437443030397,0.22084302485719173,-1.3216165273054405,0.8723478432696213,0.6141296674826427,-0.05346345904678247,0.8189199729866904,1.4611394037639531,0.8163092863128671,-1.3223354191860475,0.5335771396971235,-0.09304057036259834,-0.45079285487130866,1.3737772544884577,0.11195110690231078,-0.18966815770785375,-1.0206104339348374,0.9764281161030591,0.844574046638561,-0.007019568945792079,-0.5421372013463918,-0.7384960045582207,0.07013146605565362,-1.118413792330866,-0.21046416813766725,-0.9167775447587777,1.3737772544884577,-0.18966815770785375,-0.2899046112435301,-0.4035737399970243,-0.3660915843977144,0.3618734293640384,-0.031322443620702946,-1.3718268554256898,-0.11757927025044311,1.07486212285828,-1.0843344963033323,0.12479467953143632,0.7897028534532389,0.13634938040948344,-0.22501059373279544,0.031876797695009604,0.04549839763277913,0.0,1.7328839330258359,0
0.7529127332587016,0.5356866246910852,0.6700088731004326,0.13158685644558182,0.12292150137144986,0.4519719618364101,0.2192113367129855,0.17676203247961317,0.08647805664931717,0.20852950326810368,-0.6569340892894419,-0.5162784978526579,0.05641802427155561,-1.2958691600788348,1.5520271850847405,0.8241387330760745,0.8208503261100978,0.8174203728958551,0.6453089623257772,0.3069087644278398,0.907842618120173,0.7452213076057077,0.721630548877109,0.10279507779119555,0.04334367545211945,0.10548885115015512,0.11928079289208629,0.12009474070996791,0.5510643970662571,0.4998284023076063,0.2675350776825518,0.14350479976656044,0.5966435947829929,0.7380936287920502,0.00903338755563809,-0.5812109230852224,-0.4859328604833492,0.4859328586822183,-0.11823255826019251,-0.2047930576830001,0.9937112878556751,0.7555234231896847,0.7137333685199717,0.013806024183053612,0.7640553466490329,-0.9710656254909803,0.7966169669707285,-0.7774356691933486,-0.6260014571903074,0.5136424996706104,0.012220644358215012,0.327627731626715,-0.24665376149568763,0.7441128556453376,0.7795372799445792,0.6140741504875487,0.330805687853658,0.6421980552455802,-0.154602897754132,-0.15049929140869062,0.08457369092531161,-0.028221062215021218,0.3449501146752275,0.26227018260253815,0.19372222696332062,-0.10713497165032308,-0.566524502016251,1.248025348352718,0.7124663423188456,-0.4746455120082669,-0.5654206166661746,-0.7384960045583087,-0.01390265932784779,1.1129077688200444,0.13720341263218203,0.20315590533741504,0.26227018260253815,-0.10713497165032308,-0.18900386964067792,0.16732219822267566,0.06817940335258944,0.26761876172667354,0.08713872273703978,-0.590173180850959,-0.11757927025044311,0.6183708076089919,0.47610983378599303,0.11396867795008625,0.13137823334103646,0.12231934493637377,-0.1295684630424033,0.027824877771205077,0.038003242329712646,0.0,0.5173206586474637,0
0.4280472937863477,0.4525237588748853,0.36781793376565375,0.5248561778362365,0.5102050454888009,0.45720547128576927,0.3594914156824707,0.2727548062832863,0.2141363886236507,0.3147034057905126,-0.6569340892892668,1.0038534088926532,-0.05388778244355027,-0.42609834073062375,1.5480711556805706,0.5262503523328691,0.5237214586164542,0.5199524092094849,0.42073589746035794,-0.05679064421399636,-0.7701361199714926,0.15608161490483327,0.441865702727309,0.08064523494369209,0.10932333668614497,0.15621591159776904,0.18984179620923625,0.2007814442846275,-1.5633110626899176,0.4209978194267216,0.3038668608107475,0.07605556340136106,0.2583943776765624,0.6315308692597527,0.029617917724755534,-1.0699402283745967,-1.0074938162839338,1.0074938167818865,0.7592263497936885,-0.17786929928299539,0.5468200513483993,0.16045861438178785,0.45796310918641664,-0.2798926268990685,-0.7486402194856226,-0.8430391233297109,0.7094151254085349,-0.7774356691930053,-0.6260014571905402,-1.050850278094252,-1.0753934906427176,0.158252612847999,-0.9298099759327672,-0.03506863961380512,-0.05579996047783437,-0.7647663695602427,0.8349114380704757,0.6500240923399672,0.540780861263763,-0.8857027375409314,-0.03781592587846885,-0.08556247239628433,-1.2212924572680988,-0.3600540003215644,-0.04649423569102287,-0.1616840635541464,-0.5293788315505944,0.4349707889184684,0.7454772468038066,-0.9105496015453044,-0.5331729593500297,-0.7384960045581941,-0.01318476908266211,-1.1184137923307802,-0.008580904173340018,-0.6428218674438538,-0.3600540003215644,-0.1616840635541464,-0.2407927433727089,-0.0962772916429919,-0.03352750458581573,-0.04083710937285658,0.025274207428106713,-0.21148110300975154,-0.11757927025044311,0.5036455709271701,-0.8573453468361145,0.08343527870401221,0.5247658177508971,0.1037404291005418,-0.1772138343740987,0.052165903257353645,0.08295401938639849,0.0,1.0093825420134777,0
0.2902415160685232,-0.22915933955028955,0.1340868170173635,-0.41369751685293765,-0.4127221401546144,-0.5447279841205083,-0.07315585149810445,-0.06464928828677152,0.007709693854990467,-0.08142042411635945,-0.6569340892892384,-0.9266921167979304,0.27450962724631034,-0.1940178344223135,-0.7504742903779114,0.3376325572587406,0.3358962374606188,0.33197997145655395,-0.2697423083695394,0.531770802551794,-0.7225977705460859,-0.4333663538227425,-0.24123231022770197,-0.12498596882677873,-0.10051548474071095,-0.09957122296388964,-0.14624143850234958,-0.16356433224804695,0.4769728650753827,0.09135280993509348,-0.23869469328330306,0.22070225554411405,-0.08754741763960859,-0.03779621604090178,-0.05945434487244138,-0.2352928050111037,-0.1573889844110327,0.15738898182397054,-0.6682621461621522,-0.09403601518618744,-0.10321362396409196,-0.4396004431046715,-0.23568745720896597,-0.3028066136427882,-0.9233499903803594,0.3504312047797402,-0.2884890389734883,-0.777435669193358,1.6778196579855762,-1.0144295233406448,-0.008525695569194493,-0.3479020450656748,1.4254889217060167,-0.2099984501362351,-0.06731005726073723,-0.5828778582857058,1.2999217187298457,0.23920411523551147,0.7021491247135269,-0.3962757271632841,0.19167067883407266,0.02108726232295522,-0.5822905040557793,-0.8022291597269886,-0.06574791400211229,-0.10908683671306077,0.8341301583713057,-0.11149758490054557,-0.5599590836667161,-0.48051636867747494,-0.5055621321932242,-0.7384960045581593,-0.040741156062028744,-1.1184137923305772,0.9166177886554496,0.968385448648333,-0.8022291597269886,-0.10908683671306077,0.12087650007889837,0.7344188042188614,0.221570759107488,0.6247246937476086,0.23116623058437666,0.14037312976012534,-0.11757927025044311,-0.21255699231163158,2.2036782434410345,0.038750636460917254,-0.4135015076198447,0.018177133764310568,-0.08969374680236564,-0.0699031548130104,-0.147816372592052,0.0,0.1940825452599442,0
0.36902017231247125,0.5474290406139699,0.33881261276704766,-0.48645906954699625,-0.48644868007089137,0.020356757078636687,0.1465556920188659,0.13033766146561812,0.09061689988840643,0.14826524295528973,1.3636608444994478,0.5044975471239492,-0.10594303382853319,-0.5354095397532717,1.3888503841909883,1.2041020447356603,1.2006457137500686,1.1977233862783931,0.8554627984563784,0.15280321408088796,2.3665611116039997,0.7220253609603626,1.0353537694713775,0.02648611752908809,-0.015116137402068453,0.07543998209709617,0.07765209536396137,0.05650072853492515,0.6326243830257651,0.3165717591145828,0.16494569666096895,-0.09853254999510155,0.16782205597714792,0.6581591575139941,0.02081309462515187,0.35914417633000517,0.38150329961768925,-0.3815033020278195,1.216104563077333,-0.1509816202849908,0.12090732714695046,0.7306900907713384,1.0337807110164976,0.17589702561877052,2.0903097173254723,0.4373483791502786,-0.38896012744486097,-0.7774356691919635,-0.6260014571711356,1.8306204649323683,2.2790850007364116,1.032237059587116,-0.05281480405558955,0.5568748297351626,1.9233365999698482,1.4275403972317273,0.7418749666796497,0.5531747469610763,-0.2507955083845798,1.050051703585611,-0.06705604464928076,-0.07178502364676233,-1.062489524547504,1.5083566498180103,0.28200276859166495,0.06400484936445434,-1.0206104339348374,0.8367483697080275,0.7707247233420323,-0.6582173783604527,1.9595579646213173,1.4576944168186992,-0.07168409947367839,0.6198527796576052,-0.06062153970293315,-1.3901230529680204,1.5083566498180103,0.06400484936445434,-0.2899046112435301,-0.7339899938345289,-0.18626789118056375,-0.000961051485383123,-0.2519851549665613,-0.11484948951680382,-0.11757927025044311,0.6155194532952512,2.3654883403909865,0.1049479923096719,-0.48651700877699233,0.14772914229587042,0.003898975584697691,0.04372278664151594,0.06739185096433077,0.0,-0.3818441840100386,0
0.6624556930059952,0.6432243379346566,0.696139741718228,3.677692819109933,3.6648751914673663,0.8760371445338198,0.31635131196182087,0.2753840110453896,0.1154122279953335,0.317539347825886,-0.65693408928807,-0.9266921167971985,1.2346120499590127,-1.025510111543455,1.0491752807907055,-0.06938916830695048,-0.06851119706616507,-0.07237304248953641,0.4253550312017243,1.2272678285843674,-0.7728030379793306,0.290373979469917,0.42339195014076286,0.09189157724620504,0.5475141336509771,0.19305477040753327,0.24198381398396704,0.6723990243415687,-1.577187547619312,0.6902263629442554,0.5181274698634797,0.8085910757931449,1.5271693621702038,1.7127391720760976,0.01421342579830279,-0.702300016543499,-0.6074922694965141,0.6074922681253956,1.98755850670205,-0.19485122659810622,-0.18968230234765576,0.2972516655326667,0.400932504119948,-0.3169766222638016,-0.14883370902104298,0.638385501748972,-0.6368982070793158,-0.7489759298957295,-0.6260014571799194,-0.477329730044433,-1.40736762441177,0.15431099760277203,-1.6910427849713332,2.479324180377022,2.401466948964759,1.7649167993278085,2.263876901074478,1.7215426981220756,1.9871873001245917,-0.7049570913298152,0.9090196307093766,-0.10840800033381097,-1.732837030777938,-0.7166738424187096,0.7543838647320329,-0.14359005511045841,-0.36363458976718904,0.16113521298374775,0.32796770350242865,1.163174092787978,-0.415328673825546,-0.7384960045578111,0.4226804878383538,-1.1184137923294732,2.843735423851093,-1.6663657954147904,-0.7166738424187096,-0.14359005511045841,-0.07972669531787725,4.050571710736783,1.3759398430506988,2.0710450382498675,0.7693971118530265,-1.6112769345842926,-0.11757927025044311,0.620982146352572,-1.1469374552294818,0.09512905016327196,3.677535569147001,0.12029733230177582,-0.14216910362467353,0.0362249081944407,0.05353944017457488,0.0,0.6338860770129917,0
0.07449505916525719,0.3259113965717157,0.11608285331748436,-0.5910215198470177,-0.590157177313792,-0.1404925839207566,0.1555747762260341,0.14292712227074977,0.1343100725354604,0.15685378135786984,1.4882512303458095,-0.32467106826999464,-1.7867821645307822,1.6162451095585393,0.38091656974638466,0.38110530621405647,0.37916383084812844,0.37527492668217943,0.2486359607793475,-0.38614386244138854,0.15563821505392778,-0.15125584183869706,0.23377085168335668,0.6692708761333204,0.0547422589356936,0.14826750898866686,0.17857970188525304,0.17438506825930003,0.05298656891089366,0.17880716714779166,0.9058399871129971,-0.11902238231844933,2.9469826094373084,2.644111713004232,0.005817621234228073,-1.9627732608550705,-2.266827429666436,2.2668274395945462,1.5738975385972274,-0.23457274885003987,-0.18968230234765576,-0.1494762550195664,0.23813923789093233,-0.34745481059605443,0.8042855426100634,1.4319479764786012,-1.6885941213424436,-0.7774356691916133,-0.6260014571884155,-0.1360233838931544,1.6033030703775157,-0.1566119608617697,-0.2922933820873785,2.8559137712868026,2.0208546776205556,1.3525854867677038,2.040720422312201,2.827111700992491,2.5151395081446393,-2.0940512844460657,-1.739969592369418,-0.10672222141082816,-0.5446888536232043,-0.030395449612345613,0.48391368670359436,-0.21849849414875763,-1.0206104339348374,-0.19264109671468815,0.7963506824229378,-1.3501835835976466,-0.5499917498697867,-0.7384960045582263,0.12286378524629966,-1.1184137923306245,-0.17383667798795638,-1.2645428314858953,-0.030395449612345613,-0.21849849414875763,-0.2899046112435301,-0.6251391038516565,-1.5934430673470439,-0.5969640571404011,-0.06499256115096388,-2.5870615411292,-0.11757927025044311,0.40907520556181726,-1.0469493808652406,0.5000169879051213,-0.5911440495670746,0.08776527442012351,-0.24900790884810137,0.024487862962576844,0.0318310034173226,0.0,2.339913303710233,0
1.643820137200432,1.3051415251893863,1.349109153511583,0.3382693059837721,0.3387758558530891,1.2124082484133885,0.40800753855320543,0.30829017617750776,0.154111000390328,0.35934660806831825,1.5573444541870594,-0.28514240069630176,0.8639753887672323,-0.2718014503845196,1.5361692453368276,1.6261158165368284,1.6234231730393318,1.621042803867843,1.5072429692089386,1.4875970705852763,0.972491706548047,1.5770305726366736,1.7135756425347686,0.09540736984510136,0.024158871413574565,0.10459896362968941,0.11799803937070551,0.120030966393741,1.6028037269809339,0.5252829549863287,0.567857171210951,0.4619859052234937,0.9263757401095717,1.2612405014013208,0.008185960802569696,-1.1501832644227028,-1.1022559684135154,1.102255969446563,0.8626939198514793,-0.21556147663999328,0.6022451174418832,1.5881315495344155,1.6806989164902226,-0.26977908961096975,0.6652715700604162,0.12382907889582924,-0.04541196145696471,-0.7774356691918262,-0.6260014571891717,0.0898268983160887,0.7989993578989808,1.0339310661498482,-0.1749454315506692,0.7237439941489092,0.8349770297221523,0.06398885965010664,1.4824911147050708,1.2166961336842426,1.1452036991871883,-0.9115483935927424,0.7704894939251695,-0.10390759616967923,-1.448906421505555,-0.18684841604930638,0.1250387472206157,-0.16456294178546158,-0.45290316839699896,1.3012087803238463,1.7345810771530357,-1.275713029718723,-0.5717608722279937,-0.7384960045582795,-0.0005317600970036849,-1.118413792330804,0.41666700131532663,-0.7040791717349517,-0.18684841604930638,-0.16456294178546158,-0.2038611474638364,0.8086369289657137,0.414644165154645,1.219102184818948,0.19500398219917003,-0.9677867565893283,-0.11757927025044311,1.391491222464916,-0.665737280614739,0.30429609233280097,0.3384702017118787,0.17242982228299936,-0.18435267516985554,0.02690468198747128,0.03630110473909903,0.0,1.097835601738024,0
0.3918847966113253,0.3599365141586985,0.4547794984512252,-0.22992674535181756,-0.22893252515214907,0.10421548877337106,0.14473791908424585,0.13233571644731612,0.07343903890462043,0.15116134000777307,1.6625779034346146,0.25585154103299884,0.19787861978163365,0.22402217535757163,0.732000476533239,0.8602327971980905,0.8568911102978152,0.8535074875612692,0.3373099881008429,0.31156354669335956,1.0583421956621548,0.306097035269506,0.32258157489391165,0.04283481268570479,-0.010306161488556363,0.047247581698111815,0.040472685765636215,0.03008463997409176,0.5457068948581103,0.24851688520414356,0.060633754811516234,0.07372747816900875,0.15110851067301542,-0.1626463102995878,0.07582798760957354,-1.1013339658677839,-1.044307311623988,1.0443073123258844,-0.8508598934662278,-0.18529780465101514,0.21626992238467407,0.31097490137336253,0.3393682015361416,-0.2456270864636008,1.1720479666161978,1.6898770146115927,-2.0121016506994707,-0.7774356691932716,-0.626001457190776,0.5202057563102994,1.0736741714533153,0.3349772378781728,1.2606174757324644,-0.07161395693057615,-0.7262998501991551,-0.665106149932918,-1.1494936096622523,-0.09776441978967026,-0.8072177599851016,-0.7015382865100411,0.22523103450820692,0.11886403841993891,0.6383759244557403,0.2948812835688796,-0.0554297897713091,-0.15358912435879035,-1.0206104339348374,0.9417836045687733,0.446218155436953,-0.27174320805372776,1.958380511952354,0.9465706866683051,-0.07838062915672675,-0.6345663821988592,0.05792413743093398,1.2245268466503496,0.2948812835688796,-0.15358912435879035,-0.2899046112435301,-0.03783184063000159,-0.004808600646272914,0.3641599700250781,0.03790138685502693,-0.0972846887733936,-0.11757927025044311,0.37907769007520087,0.9492663169922202,0.015285648685461072,-0.23008540664481647,0.09212223111856353,-0.18003989071608037,0.11956292783892429,0.20371673664973172,0.0,1.0438126131447854,0
-0.047823463600840346,0.029246524122641525,0.011791658238998639,0.01302826114130646,0.013898447982866094,-0.41697015282847444,-0.05830340363076178,0.01193809369061996,-0.01224992381924864,-0.014474273288733634,-0.6569340892891189,-0.9266921167979661,-0.7064492699183768,0.6568767589751974,-0.7504742903779114,-0.10502449248867742,-0.10385941984043685,-0.10768088868739309,0.002202495582812085,-0.8070501374127235,-1.3620080226599356,-0.19361495671918855,-0.10208994668397285,0.41505674669653153,0.03792626832230825,0.08475256189960896,0.09084389961993097,0.10208028293820673,2.7519758131418515,0.6947742990895074,0.4232566105148758,-0.24981209201962865,0.5507483683146065,0.4066350315846229,-1.7062735125371347,-0.2676338811938733,-0.1870124941876599,0.18701249164690192,-0.5914593057239821,-0.05451650966341179,-0.18968230234765576,-0.19906097515963794,-0.051278600886387124,-0.21031865837719027,-1.22362079152711,-0.3845574371670224,0.3898920203453479,1.3193891427612956,1.6228933179725278,-1.220344363206981,-1.317300876183963,-0.005267840517705176,0.6327081912577263,0.22624156405200976,-0.34216320943930884,-0.4854941388559296,1.075449489267418,0.46309960801788996,0.7672010386917137,-0.9215697713796337,-0.42803542151235896,0.00222909277120609,0.6127028186752911,-1.4211143860620021,0.06418465836427142,-0.14372709762919464,1.1468241685184353,-0.15066850990019887,-0.10817173366991252,-0.7252228275482453,-0.4339416133034221,-0.7384960045580656,0.16286706426872258,-1.1184137923304913,1.1132824504714613,1.0193628783149493,-1.4211143860620021,-0.14372709762919464,0.27925416069839637,0.5726646206175086,0.17810298859052298,-0.8526560392179918,0.19174251345080287,-0.5378190886386813,-0.11757927025044311,-0.003267526462895826,0.272749135866302,0.12914107094403626,0.01316537673719991,0.05010736219710858,-0.09372012016037322,-0.42650052177446857,-1.2771782063940582,0.0,0.22405855865281865,0
1.2112569515316642,0.48004959188594226,1.04409477828736,-0.1030428293902157,-0.10209506432938345,0.6659751079221238,0.23911484653020731,0.20878097530628673,0.07472237380750534,0.24202065666838468,1.0042993725357965,0.18137553576079227,0.6129837583654687,-0.8396769376376614,1.1302859254939943,0.8262748391521633,0.8229830528481205,0.8195558203338386,0.6475831011342034,1.3519335490247888,0.5361828581826049,0.7278325749072174,0.6198243208168334,-0.011169153466592004,-0.020077328936560997,0.042294222731659,0.033925119244961804,0.028277791651497845,0.18669057779909573,0.08345758375171232,-0.010929224063510164,0.19231526144644495,-0.24096410126347262,0.06799412605787077,0.0437461127599394,-0.15591085815829114,-0.08514487096816788,0.08514486829049094,-0.9210176151192547,-0.031624011209597735,-0.18968230234765576,0.7382977407680191,0.6333643366816082,-0.24718191576095616,0.023933598631443703,0.27636186185772316,-0.20754189290287156,-0.7774356691931775,0.9052040263166103,-0.11264431100305773,-0.5591711137693329,0.2781172929009417,0.7023114629176452,-0.3434184312841474,-0.37111088758059774,-0.8503655606861293,0.7194093182584839,0.09170135979716085,0.26410273257986017,-0.5256356214202341,0.37925167076854793,0.13751187250490407,-0.5496666537450732,-1.0488482990136045,-0.10247428045839355,-0.11447374061880229,1.1886530235018973,0.5393751081171092,1.9474080091029715,-2.154884670227712,-0.5854527850688762,1.5548338908003485,-0.08479460224008568,-1.1184137923308906,-0.15673186399669606,1.3526902015816094,-1.0488482990136045,-0.11447374061880229,0.2235500111854628,-0.3597807083203339,-0.10357275084706562,1.1789409900947723,-0.06261352520531155,0.2827461129413553,-0.11757927025044311,0.5572923753136229,1.2116983849245444,0.046106096822189815,-0.10310347287390023,0.12424609317575153,-0.07949354000694693,0.055730985233155735,0.08950879706198803,0.0,0.12042379399027994,0
1.2540146600246318,0.5298279794127304,1.0945065325055146,0.7316255425246027,0.7314086291656001,1.3371547827546348,0.3209676010305911,0.2743078343318075,0.06642072896081791,0.3301503219529218,-0.6569340892893962,0.9483981825386453,3.2931053418504312,0.03139858227658359,1.1901848539318243,0.3734906184543181,0.3715840883437202,0.3676900731547845,0.4022432384583394,0.6539394803278867,-0.9194826207638227,0.3529542705385465,0.3473070314555108,0.012522535542766309,-0.0166129402424231,0.050898020536742306,0.04531319713684942,0.041480444425820336,0.4665494816537865,0.33587685653701466,0.008074286248243951,0.34763444225741014,1.9637163211817668,2.026169992576711,0.011608008169584306,-1.9040510255480556,-2.1673947940164866,2.167394803038953,-0.5424272440899981,-0.22683769822227212,-0.18968230234765576,0.3610344420527248,0.3677283825587588,-0.33003125764272745,-0.4591772631507407,-0.3213388587676367,0.34244200295892574,-0.7489759298957295,1.716359717074716,-1.1438782070869509,-1.4196175939971425,0.18392348769001732,-0.2793459318627252,1.0343952646163979,0.5899998626777794,-0.22420847195823132,1.7908770822361997,2.0747075874954413,2.102117719068044,-1.8602903338103907,3.738741252215976,-0.10840800033381097,-1.732837030777938,1.5491692794752447,0.11914125590236128,-0.21080309890688298,-1.0206104339348374,0.5265343649450009,0.9890337294114376,-1.1717503065917305,-0.5239891171093244,-0.7384960045581566,0.15319716545749976,-1.1184137923304132,0.5387937604487233,1.1419581956654439,1.5491692794752447,-0.21080309890688298,-0.2899046112435301,0.5569839245966319,1.1240923449271218,1.5105803171447632,0.12722323870867636,-2.003255358964637,-0.11757927025044311,0.6135657891192013,-0.9705774223523986,-0.08258377024313902,0.7316644531538885,0.10195804632615187,-0.24472720119473265,0.03229016956569452,0.04626298861381674,0.0,2.202602271194779,0
1.8427917660078579,1.8364871181067466,1.9619164766018653,1.8590146641004623,1.8552655187098166,2.4680993462172762,0.4224009396207669,0.37916720500049006,0.04344748616153299,0.4366682520636115,-0.656934089289143,-0.9266921167978588,0.8071599593302508,-2.3465309187284045,0.6068195157758826,1.8617634878916336,1.8598955523858802,1.857775371916783,1.4592940646815404,0.9815301095795315,0.6152990758863477,1.9029054832151349,1.5144844222042764,0.26111195164917306,0.5167265992540367,0.3525040221639604,0.4735305694906473,0.5254751604759444,-1.5771875476192896,1.118132908342708,2.5766078800399543,0.3259426797753326,1.4925102060255335,1.5890216369048262,0.004649693640922359,-1.6362106595178922,-1.7462355979299096,1.7462356033975976,-0.16041591565918487,-0.23457274885003987,-0.18968230234765576,1.9130808598838738,1.3448315508067918,-0.28246454329128123,0.7365566064764159,0.5669392876724582,-0.5469881232785496,-0.777435669193115,-0.6260014571905053,-0.05595284577960697,0.12840290897840131,0.952635445295449,0.6108024673271958,1.1705534409121743,0.8777591242739554,0.22293972235165535,1.3678211006892234,1.6299333288938043,1.3267966925042278,-1.3675059053756817,0.9133061882505543,-0.09465956989145718,-0.3205297301317964,0.9397339239728497,0.17548105258070082,-0.19126604785125306,-1.0206104339348374,1.1565029964672642,0.8055928373413359,0.458825850371059,-0.5438914431238843,-0.7384960045582248,0.08012524526741391,-1.1184137923307829,0.6469914926621548,0.6008231047065087,0.9397339239728497,-0.19126604785125306,-0.2899046112435301,1.0774707482271992,0.991016618307536,0.7034146648163827,0.21197903315175765,-1.5769998344031546,-0.11757927025044311,1.4291836171128192,-0.5303031609683726,0.10100435465843753,1.8592818259638657,0.1585795636351046,-0.22446010591245666,0.022726441920720028,0.028573747629856438,0.0,1.7220748279053568,0
-0.8329784739404847,-0.6627821943419503,-0.8330175368244243,-0.9770162694070706,-0.9766847727916447,-1.5091020793108767,-0.5945670382514702,-0.5232713666251995,-0.16092111951465451,-0.6151807076682052,-0.6569340892884683,-0.9266921167979281,-0.8658346785380073,1.049264946222496,-0.7504742903779114,-0.3539425879378969,-0.3505601016554255,-0.3539779875254899,-0.17921979720961226,-0.4751866917962914,-1.8278420558881086,-0.3926536557887884,-0.29836313462230374,-3.0451562931876213,-0.08488216235495012,-0.023096808786285394,-0.05061063017991064,-0.05647553342290573,-1.5771875476192767,1.165159677993887,-0.980246012152239,-0.1458172540272006,1.4398267503387445,1.2167620770217373,-0.04211117550932803,-1.0818392318566503,-1.021288801782565,1.0212888023563451,-0.21439821997867722,-0.1591739782190744,-0.18968230234765576,-0.4018655390984678,-0.17726661480359604,-0.2889815412140839,-1.507367597531658,1.5586937162202947,-1.8508947163349931,0.8799762692366422,1.6271146942715196,-1.6958341435733628,-1.406009390163475,-0.3761376100711359,0.8168718532359974,0.7042386357890311,-0.3882477688381235,-0.4204344768611747,1.5658774893174616,1.190778019435324,1.6875977630248191,-1.6020717443181711,-0.4501972943483992,-0.030430886691441235,1.3763536110299632,-1.653168100481396,0.12682481019023942,-0.19426558723732693,0.8137293515170153,-0.6925634248477364,-0.983448458961694,-0.3371137216097062,-0.31412825026739677,-0.738496004557765,0.8203791768221845,-1.1184137923293187,4.656360940652515,0.7203020968608748,-1.653168100481396,-0.19426558723732693,0.052115299451041895,1.5920999487414293,0.7384256519556565,-0.6379218138669415,0.3287686315134548,-1.524061099310385,-0.11757927025044311,-0.3898689459631546,-1.1199363877649373,0.0995728702013694,-0.9772019890802327,0.007377798990056862,-0.17828158267428396,-0.03551227911856771,-0.0804064254001545,0.0,1.0223039052301168,0
0.3938500038617483,0.5051843512525993,0.4159661211905236,-0.46505536052332064,-0.4641029767665113,0.03505803759302852,0.13873814226830306,0.1260418222290654,0.08041651021258904,0.15019516858655696,1.3999026882533958,0.5794291653676467,-0.0422555946402887,1.3858322902083968,1.1157708753252247,0.49377841853154725,0.491368132839148,0.48756890561424276,0.7111270385205888,0.2882812064236304,2.1237675065534494,0.6106032222398298,0.6524374823644904,0.138543902594258,0.14365592771244753,0.10793480590860137,0.12228071554327584,0.13388672304536034,0.16831820633564884,0.4005312523845632,0.256556740622423,0.17662900212224866,0.195980144802103,0.7258517181791941,0.013615276347971852,0.22364734261612332,0.2578040961489262,-0.25780409877734983,1.657424538049101,-0.23457274885003987,0.13226227736141585,0.6191847761538993,0.6660273689732851,0.22334763050660167,2.204892689969147,0.4510201268829645,-0.4070853209440585,-0.7774356691886872,-0.626001457146817,1.92871496614154,2.1096834802013515,0.7959732460692417,-1.110964447545406,0.5568003318185917,1.9575975771693617,1.3071169505248523,-0.751355026425044,0.6409117019255677,-0.8199412461263577,0.9157359770998338,0.008123671576371335,-0.09865198663635989,-1.5302280149450305,1.4368596706605101,0.2517826266338689,0.03334735916568557,-1.0206104339348374,0.5359480724521224,0.685622868432286,-0.422474695525601,1.9587253218708183,1.3956205141922207,-0.07532391707097237,-0.6446267026522577,0.04756435884975557,-1.5941025767364645,1.4368596706605101,0.03334735916568557,-0.2899046112435301,-0.11491127539244726,-0.02443020854204168,0.21334844732456112,0.011035689389025135,-0.1445744186869851,-0.11757927025044311,0.605386938148185,2.149487066560811,0.10590671123946567,-0.46497042083042023,0.1410855679561876,-0.02176401674936501,0.035243257369568126,0.05172439016572187,0.0,-0.24492655585812179,0
0.28321023823730007,0.29649807519608334,0.35397706967888926,0.3554899497723156,0.3559711893285865,0.18627292935598602,0.21307810039032876,0.19736734271789674,0.12329262720913474,0.23107201694692459,-0.6569340892892469,1.6375887316642856,0.24549991952941483,-0.2972324071337243,-0.3788278649809709,0.3272876220199094,0.3256021507654316,0.32168004542154155,0.27904615179640757,0.08005468180941007,-0.9068413349135528,0.034092023408925656,0.2254918701717083,0.021654795957853353,-0.02928951512556152,0.06852910339157531,0.06888678051737349,0.06566804058865681,0.5888467716873474,0.2855275141580896,0.13574270637163793,0.0876859526427639,1.0983497309477244,1.1378470170505057,0.05756496008336057,-1.1815167785194627,-1.1398020025083175,1.139802003762398,-0.668775557341962,-0.1626295756100798,-0.18968230234765576,0.03648618190675365,0.23982001359521377,-0.25695216590531605,-0.7148913554064206,-0.5564909731632682,0.5149222218058571,1.518323996237613,1.6871496353377375,-1.1250460996965412,-1.4380799504650363,0.09115300352482122,-0.06480279067555093,0.5686556677746257,-0.009094678863625114,-0.39137310693469707,0.27293934399231273,1.119570578329509,0.39233816999297116,-1.3343582285173308,0.13493537873458794,-0.05670385210710739,0.5867840020920342,-1.0937543945601715,0.08498586799631883,-0.18395050875192837,0.4165222538425445,0.3440345607109816,0.5047883923846014,-0.8228964827876695,-0.5109405320803491,-0.7384960045581912,0.11136550164250442,-1.1184137923308786,0.02826801700381824,1.1897210375899845,-1.0937543945601715,-0.18395050875192837,-0.06401315675718587,-0.0638002793397356,-0.018835376002772783,0.19499131463589733,0.03254031014700215,-1.1607789556119181,-0.11757927025044311,0.3338322479082999,-0.9041090844558738,0.18584312167494374,0.35541291158205957,0.08736684311126461,-0.18708486547968692,0.08584857490075393,0.14428244584383518,0.0,1.133041029137338,0
0.037931917715785475,0.23070131206499309,0.07979486507064143,0.0258014445879235,0.040425532575065606,0.4519719618364101,0.16999202011339676,0.16830308341199085,0.042632205021810574,0.17261791658572634,1.672357047749373,0.6291236114435488,-0.20920242468689726,0.3055058597590387,-0.7504742903779114,0.8348029663689757,0.8314979727385764,0.8280816298401633,0.20874671027747219,-0.23281450864138273,-0.7768085357273334,0.15283272097560924,0.17990132372296447,0.06434294926827108,0.006612825233660961,0.02709081013523286,0.013968837966127903,0.0023748118203984364,0.3947208956472231,0.32668004741861206,-0.15749555320953573,-0.007530901676851603,-0.3796386856304748,0.1834142998308982,0.16434509456422725,-1.1102377862712807,-1.055060719831781,1.0550607205942013,0.9065761034728098,-0.14292521672572042,0.32208799703033286,0.15715220722104611,0.19493587135092705,-0.2766107325235367,-0.9594866471167764,-1.010751850963484,0.8205999965280055,-0.7774356691932991,-0.6260014571906266,-1.2592624462225928,-0.21592316160529748,0.28269419020576486,-0.10291334668888272,-0.44117600623268316,-0.5865372474938163,-1.1137758337881285,0.15581575254178565,0.039897310495715765,-0.05792894305380205,-0.6970970436589574,-0.1814626603357972,0.4818494967730128,-0.8024663705070865,0.34953405648167685,-0.13325978103845293,-0.15358711252883214,0.015010863665076733,0.22962816849025924,0.5096231386454787,-1.4806764380488473,-0.541446525595373,-0.7384960045582374,-0.09102667413269547,-1.1184137923308703,-0.5662004228972272,-0.757208187704818,0.34953405648167685,-0.15358711252883214,-0.1957167116196363,-0.4804010983505651,-0.23687233836161423,-0.25412883327366736,-0.0633249911704863,0.40718061322679117,-0.11757927025044311,0.2402842459927409,0.6311520840803542,-0.0030013326103508547,0.025984397497244512,0.07897959066486278,-0.18083384312677994,0.24572908903987106,0.39925554853150286,0.0,1.0536207118604757,0
0.35211044090926863,-0.04781703841747379,0.22049983137809387,-0.7347772696102148,-0.7340664415097854,-0.4539193241667328,0.025122736656690164,0.02800639281958736,0.08398297890455032,-0.003175433111419134,1.6891342670699954,-0.9266921167982761,0.0625086518761677,-0.46340043097099,-0.7504742903779114,-0.32025967623702256,-0.3171972654944657,-0.3206801715960418,-0.1402751234687121,0.17153697545197458,-0.5618958528241821,-0.3926536557887884,-0.07687439822213722,-0.19928442705429905,-0.3044054835933901,-1.5518016838303783,-1.7195542176349439,-0.065071245913742,0.15919528178974324,0.1161277115106733,-0.06552497474409064,0.1205872536809403,-1.457064389115178,-0.9199194424113364,-0.2504142539190894,0.49571219891909063,0.5062210919251064,-0.5062210940166094,-1.0636972229043777,0.08497963102631272,-0.18968230234765576,-0.4014857257562731,-0.07100982345111317,-0.36115421105856665,-0.6815396393261278,1.7145576240530804,-2.0414941295191626,-0.7489759298957295,1.6511582231163622,-0.3512293716409572,-0.3783644870140968,-0.16206850406271292,1.3612823865475008,-1.0464714434115272,-0.9837821631672515,-1.6147302049758112,0.6300414055409542,-0.6542188727026733,0.1290319935926234,-0.3695621105824664,0.0007154975138222517,-0.10840800033381097,-1.732837030777938,-1.3151787966865207,-0.3379736153919158,-0.06430201687977491,1.924482034242962,-0.0383839642196204,-0.5691170499256495,-1.3682490611488383,1.9603644869923817,1.5577512833866212,-0.19137968647383902,-1.1184137923308366,-0.40457742248065764,1.4810901777977692,-1.3151787966865207,-0.06430201687977491,0.5271091784926266,-0.46094226890474205,-0.10789409487309529,0.22813368706915693,-0.1432511732844565,1.3819500149929147,-0.11757927025044311,-0.06502786799375225,1.0675277655651727,0.08022741286748278,-0.734838518080657,0.031677559536630526,0.03330458266449249,-0.3054886919012812,-0.7611910360214497,0.0,-0.5207791955051823,0
1.2344834272790748,1.2766525877005486,1.3158398350315221,0.5979345201178947,0.6124211665818815,0.8189593881757712,0.3828136351357051,0.35080816991315494,0.18179417302068726,0.40118520985292466,-0.6569340892893238,-0.9266921167980546,0.5749006938793373,-1.3488210370036846,0.1577229994078628,0.8433051871922439,0.839987478048151,0.8365820344069286,0.9941798714861527,0.47166863076039944,0.1875784357178361,0.64307453376256,0.9101825667541315,0.06876312925529342,-0.0002394197528277161,0.07795758095597043,0.08161910598032213,0.07876252683418306,-1.420277466398324,0.3482127498786327,0.31490711624010476,-0.04070833106349533,1.160642559367761,1.1931287376933872,0.004897515728506815,-1.4822621770128808,-1.5277002304474254,1.5277002342643924,0.1911780479053315,-0.22610085940856947,-0.18968230234765576,0.6528475219531816,0.9050437609647132,-0.2211765985999616,0.39058570289720546,-0.026837662429203917,0.09760849419066765,-0.7774356691933031,-0.6260014571904153,-0.3648196638908751,-0.5481055255499069,0.3141025912731714,-0.501814669057055,0.8851362096412823,0.46193893984694556,0.08399234364847935,0.7220833160076091,1.201497693656913,0.5999606936854982,-1.131601710977701,0.6473403976206624,-0.06297579050084089,0.5321700176643951,0.7592384272101852,0.13010754552475737,-0.17999003334802677,-1.0206104339348374,1.6211977891930294,1.1136459051119165,-0.23379596116140988,-0.5595531219071221,-0.7384960045582878,0.03144014756901203,1.6874331958232547,-0.15888940589366182,0.1291502146653429,0.7592384272101852,-0.17999003334802677,-0.2899046112435301,-0.417968128166994,-0.2965638284148232,0.6492865615264832,-0.03820124195679145,-1.2293203181572467,-0.11757927025044311,1.4428472129811323,0.03006957526056558,0.10123515365850592,0.5980299822653613,0.16442672925537025,-0.21226624404111225,0.02310824076528243,0.02927971804336807,0.0,1.502453533504442,0
3.274650461450834,3.3831709351846433,3.7550474214244653,1.6670763585066968,1.657006578590695,2.3154420213746505,0.43824529767013587,0.4132996556970948,0.06832800939794462,0.4757426243808332,-0.656934089289197,-0.9266921167980621,1.473822353970602,-2.3465309187284045,-0.7504742903779114,1.4166004322678156,1.4134100328355634,1.4107695989997928,2.5921676505945097,2.589264736188101,1.2435312086416968,2.954025263494617,2.3265028560924237,0.21329133377365112,0.12896149008981164,0.1809861591259646,0.22483242676272425,0.23800634722541356,-1.577187547619311,0.8007398915659865,2.392039551654586,0.9680031296682403,1.4765989451441968,1.4674167776423872,0.004649693640922359,-1.2428157305945473,-1.2151491603151927,1.2151491620278423,1.7560984571011433,-0.23457274885003987,-0.18968230234765576,2.953481026783534,2.246506013655277,-0.20537691510169406,1.350536696279799,1.2256796851969032,-1.4152672867443021,1.5692646513615245,-0.6260014571747592,0.6994674109567444,0.5478006818085719,1.2446780305283822,-1.4590924461093349,2.424728683570557,1.8378270548913789,1.7582627411751361,2.075583163156113,1.4771363016206671,1.6966755105930358,-0.6392576364388816,1.7100673478482575,-0.06826535553534278,0.7969637128509462,1.386166106888587,0.5651100313572478,-0.15398678999358095,-1.0206104339348374,2.667878166201409,0.9690298624946402,0.9828429274233518,-0.549136620238241,-0.7384960045582668,0.06894868792681116,-1.1184137923306416,0.7102753017007206,-1.5111793588033797,1.386166106888587,-0.15398678999358095,-0.2899046112435301,2.337417291473972,1.218459545168605,2.6057861125575856,0.4250391278045064,-1.5611152824659993,-0.11757927025044311,3.3770406540892,-1.113270876154727,0.09264300671867354,1.6670551594506609,0.2929236935099653,-0.1923970771863883,0.02274569744648245,0.02860935202812182,0.0,1.2038453210811049,0
0.18917736577737065,0.1944974719677187,0.23981620660329056,0.40932920974217696,0.41074384063657454,0.13348353496056364,0.1308652980997935,0.11917221475040825,0.05540052429871759,0.14309462048353447,-0.6569340892892028,0.4875615000942862,0.5143060441955997,-0.6823636469545374,1.2028961371816962,0.42256395704524125,0.42043952387073974,0.41658067190588316,0.2369184099985994,0.612498426695911,0.6576136038362229,0.2396951529516517,0.19234468103659141,0.01993383461065651,-0.013860279758942188,0.04285421313293405,0.03466417133428924,0.03659307974786794,0.09212026981910511,0.2207367822944155,0.02024511611206745,0.2608676108725937,0.5794559663397928,0.26605965378083335,0.12092861875780098,-0.4210825062748489,-0.3306047078594162,0.33060470561437716,0.12662190971253617,-0.09800031364388431,0.3792949168006723,0.24320838271809322,0.206552584327387,-0.13741863683511119,0.6054277633377572,0.6837990327367132,-0.6938098288757049,1.6024654490767531,-0.6260014571902499,0.3802774154360141,-0.9466375563126674,0.11181943113261789,-1.0176482508563316,0.27870566392550544,-0.6456260806977587,-0.3970166458769766,-0.2616302126078603,0.1539015067993754,-0.24299544354916255,-0.8825418774050753,0.2662207939329796,0.05097327588003772,1.0193706830984237,-1.273061188345084,0.06812158263672406,-0.1458220652344539,0.9075936445160484,0.6596969590033416,0.20268919511067218,0.7817619398701984,1.9605086784428913,-0.2438018338993315,-0.04477974747382614,0.5944252000872561,0.12998172914697473,0.15145370938497654,-1.273061188345084,-0.1458220652344539,0.1638330280186717,0.14039214118274973,0.054127572989834026,0.7442129557572862,0.08319113668413697,-0.5705455459235765,-0.11757927025044311,0.21891688745817803,-0.1345096700371912,0.04142909725529466,0.40924071808797285,0.07964046503790043,-0.11193895549891,0.18954198835158456,0.3179761731566417,0.0,0.3667371064332199,0
0.13411868814282088,-0.05750386273789799,0.03839824329685753,0.5634080415914231,0.5496726146228831,-0.28113834888028094,0.05839006594758905,0.03966422522658739,0.07066609823906028,0.0499464834952104,-0.656934089288955,-0.9266921167980641,-0.0012623637721889138,-0.21813201784539157,-0.7504742903779114,-0.1841266373074429,-0.1822955932527118,-0.18600997426653643,0.04051181115385304,-0.04731984518779702,-1.136960912536543,-0.16533072844901758,0.01743704107479001,0.03276255341732846,-0.17749077652418319,-0.02130813576823924,-0.048339273828366724,-0.059307989133794085,-1.3660545436291718,0.9250532326450436,-0.23613708184363522,0.07690197202583642,0.8743572453427538,1.0259568190973543,-0.142802690820905,-0.9722313162637638,-0.8965619329179338,0.8965619328324048,-0.1156168895582336,-0.15024076880590406,-0.18968230234765576,-0.16858861816577547,0.04251167233929965,-0.20315043398221783,-0.5207297814287906,-1.7620282137810712,1.3098315222315344,1.5692646513615245,1.7444180676539305,-0.7067047537882568,-1.4501024149303752,0.03211145019682157,-0.6589438754270895,0.4615256586027587,0.07892131141095958,-0.37306215814641636,0.32401605965093266,0.9733745582110832,0.2925057700072475,-1.1353434925918833,-0.02284896633403634,-0.05935582038192386,0.22817354561458597,-1.0635420396911537,0.07543188340728456,-0.17156785387485704,0.4621604492144173,0.07188407040434219,-0.027714820947242962,0.12435655695710868,-0.508316566980788,-0.7384960045581747,0.09067634243816676,-1.1184137923308703,0.508442495080806,0.4894400116613668,-1.0635420396911537,-0.17156785387485704,-0.03602206088339475,0.4100155547537915,0.19245464056889694,-0.006299649821170343,0.1295915171593159,-0.9085852764271545,-0.11757927025044311,-0.026227436393599604,-1.2700660677080224,0.09630124987991337,0.5634891854408313,0.05083624175786224,-0.168317347845435,-0.2898118445865909,-0.7079483984300019,0.0,0.905577995919148,0
1.5058454924781648,1.1367311391295634,1.2308737796847038,0.6454746916101688,0.6454415585914941,0.7655668441273652,0.26151839131118304,0.20424705635127702,0.08149557246611826,0.23905031708967422,-0.6569340892892951,-0.6090181020406267,-0.2200646342787276,0.3932144524342736,1.5623594593794101,0.6327537570485602,0.6298862592666328,0.6262272125967371,0.8823930296961798,-0.41258720037805374,1.0233212415595785,1.1983335326683509,1.1219375281600423,0.1765678290714851,0.12468544208361622,0.14865930974608846,0.17922823104305233,0.250027586181841,-1.5771875476192896,1.119449994739843,1.306023551782746,-0.09637773095579495,0.43522775368767064,0.35634375423036696,0.023123596551142312,-0.12801953225631604,-0.059612459533005396,0.05961245683110766,0.028990913093111335,-0.14097509182890292,-0.18968230234765576,1.2116159484489941,1.0087610136868848,0.0033826534389227608,1.3766507503713683,1.0618048769478927,-1.195004941465431,-0.6586994992857382,-0.6260014571885558,1.129955071970148,-0.9897248633175161,0.21657921218748488,-1.2633056476051363,0.9196420143045966,0.9911028055564954,1.3688690189102493,1.8283737837934888,0.2843402990858938,0.8757186829529098,0.6207280935422762,-0.20477903872519557,0.029544945333346204,0.6554886322769629,1.4538451746854502,0.3285052855434412,-0.025494907443145712,-1.0206104339348374,0.7082114242671098,0.5969719317347093,0.41614040955991144,-0.5446005343579163,-0.7384960045583003,-0.0054079760883680335,-1.118413792330732,0.7509255795890492,-0.24514054042366368,1.4538451746854502,-0.025494907443145712,-0.2899046112435301,2.080574571191109,0.5634111054214397,-0.3694286035805554,0.5344483519859359,-0.40690551988757206,-0.11757927025044311,0.856675214104149,-1.1732344964978878,0.047835756326977445,0.6456872501164396,0.1604337586751847,-0.07578616244802519,0.04415183786693282,0.06818376026568317,0.0,0.09442037508711772,0
0.5490027838958033,0.6841521830264418,0.5931978942967499,0.2983498136191901,0.2989127180411899,1.1433688964592172,0.31379177229809996,0.27957692479447377,0.08138759996424973,0.32743118623085765,1.55091096919854,-0.9266921167982761,-0.3313867856922243,-0.4399971333364391,0.7727856447578526,0.8026870537515606,0.7994341700143242,0.7959770547940594,0.8891193088386201,-0.855750698764559,0.38723360403387375,0.9586855218859991,0.8089352291756831,0.07255489290995866,0.00846471960049159,0.0689655993604165,0.0694744055369026,0.06818654021561005,1.1873785344882757,0.44222389181489524,0.13628236890382034,-0.39640341707182225,0.669122601222943,-1.600068601206678,0.04720118083755655,-0.0265778391201139,0.031986238194909575,-0.031986240948525396,1.4899902936080576,-0.02317233838225163,-0.18968230234765576,0.970501685205523,0.8197601028115292,0.37402468067056865,-0.07244428676780791,2.818478200135227,3.884308314368521,0.4064381157441199,-0.6260014571879121,-0.06709130557449756,2.0303147474268477,3.737825513819508,0.6966338972978305,1.5466141960297284,-1.2256523985746266,1.9074250343599237,0.11530361939846404,-1.4149600568360814,-0.4832315655661405,0.6447939176025791,-0.3343267370153461,0.16568246134851433,1.6062380811428727,1.225153253525861,0.6201628676915755,-0.01583193645135113,-0.8804975092969818,1.108378855541916,1.8285463736993264,-1.903917283055721,-0.4383799196889522,1.2959190016798388,0.18229033294710253,1.462155340062242,-0.036361139884251055,-1.4672826800836205,1.225153253525861,-0.01583193645135113,-0.23421008285846823,-0.16214581074848766,-0.04013191066147117,-0.6956803003538885,-0.001357855719334391,-0.6732703754333258,-0.11757927025044311,0.7506663745044979,0.26018855324668694,-0.37265421996855413,0.2983742732640697,0.1514830179148078,-0.061700833428021615,0.023305617494076756,0.02964469539704401,0.0,-0.0009248903836998881,0
0.40828731915082694,0.38426899320991054,0.4875323012184869,0.008120225943446305,0.008994234031249892,0.5249144224457124,0.1621269845475505,0.15009326127581926,0.026166672363612198,0.17767058080127898,1.6240458729486875,0.3527027353375722,0.015824179143532735,-0.47284546644920156,-0.22410900568093242,-0.025144130965935603,-0.024610811774614636,-0.028515120629994117,0.3999298276133987,0.27197087070666276,0.6339304889538351,0.6607100389613519,0.35348453898473176,0.21650126828385097,0.11090819098932643,0.43924135113871726,0.6017191377542174,1.2864057552465844,-1.577187547619311,0.7108912465834623,0.534491525649679,0.1586129543379268,0.17782643765322723,0.4699354244333141,0.047028572736438456,0.5709574385744297,0.5750207245648186,-0.5750207264404714,-0.5196075665211778,-0.009858641200891959,0.18483348319886167,0.6650094466733671,0.3457941496852583,0.11492409295015406,0.7225955183469116,-0.9126458814158281,0.7554386310254388,-0.7774356691931567,-0.6260014571906005,0.9481793437842417,-0.6981801947505473,0.22297213238292066,-0.314997517534811,0.16901239891362144,0.6486419569746202,0.16761589366527163,0.06736836132344973,0.4570096584298111,-0.3539740324091811,0.007200212834880689,-0.007183277800979773,-0.034782039506931636,-0.4975107722601561,-0.9831169681495162,0.14069603242572734,-0.021618264285668893,0.8388992480042761,-0.010683866309562414,0.45772454140641566,-0.42803978269091064,-0.5623089435110705,-0.7384960045582822,-0.04329774438310408,-0.6806822404286821,0.15921431754593765,0.6319737460594608,-0.9831169681495162,-0.021618264285668893,0.45074309051604533,0.17267889071707737,0.04308038834315098,0.21179353430795983,0.11804496175504352,-0.1253459216093682,-0.11757927025044311,0.3622240345760237,-0.038122693046477196,0.25666056716457236,0.008060835126228695,0.11324355352949315,0.05129512833198893,0.08756072001976098,0.14735526221289771,0.0,-0.597223150771331,0
0.14949852607256495,0.11028592761494635,0.17828979542630113,-0.3432480015635616,-0.33234914733965937,-0.010645260312342525,0.12294064557949325,0.1073392583900523,0.07418738289317645,0.13163636835460416,1.6582625816145427,0.40402757522102595,0.006319366374502662,-1.025510111543455,1.7149145565942274,0.3543477765389029,0.3525309497902796,0.3486246754783042,0.16871337528174227,0.18557698743572681,0.3514718765692206,0.010573437158076404,0.1404484103932523,-0.08410388939308655,-0.049699808798954546,0.015041997831487727,-0.0017067884827595334,-0.0063296672848560075,1.0548392031596592,0.32282898061135107,-0.33888860282888555,0.16657745518837463,-0.47792201379696175,-0.13156568476769068,0.2569430291989164,-0.032828816022474915,0.026377172226635968,-0.02637717497871249,-0.6236238281216284,-0.06211705903291724,0.2596752638047748,0.00972709600962715,0.15401814712957643,-0.13817888826145844,0.25928860465982917,-0.16773526662000302,0.21867752198678347,-0.7774356691933475,-0.6260014571908173,0.1654173720034315,-1.1308699451885609,0.07483491387330281,-0.5287396110990235,-0.5050658969287426,-0.37841343106118674,-0.6328780536946783,-0.9291927201563202,-0.2812343054732029,-0.7858996644717073,-0.048866887631450785,0.008609314112307661,-2.4842803631000696,-0.19252297428140003,-0.4929346849265395,-0.14858104443567216,-0.07423657416918318,0.6413145775246065,0.3553594358843607,0.1997541725618039,-1.1656028945559154,-0.5808480522068904,1.5309670258810992,-0.10183266494586954,0.11279730704538724,-0.036183787876364656,0.7745985161149059,-0.4929346849265395,-0.07423657416918318,0.06542948854164106,-0.19242365982093546,-0.049087670068676585,0.1791125614696139,-0.011095867665830478,0.4940811070414159,-0.11757927025044311,0.13690295660315183,-0.7183773064313408,-0.47181162085402295,-0.34337760568155506,0.06986356697170039,-0.06260227493677556,0.21979404864207824,0.36294146122713306,0.0,0.005021121430280046,0
0.8689608372784897,0.884312556990396,0.876685788236085,-0.20173400470754121,-0.1983530917574837,0.24104964199796675,0.19958584591940404,0.1757697215284731,0.10127260958242286,0.20992019031574372,1.6090611521425195,1.2534660740612673,0.12600194357626515,1.2225242747465925,1.1517699778799033,1.4887563200961496,1.4857115648899941,1.4831632122911824,1.3148643626448313,0.8260963517440016,1.801046562227295,1.1056064668755567,1.2725387191569328,0.06939771477182065,0.008841136252290842,0.0783273309662636,0.08212005505200579,0.07778243506806555,0.3347443194087453,0.639086500049446,0.20788629826195382,0.26979838296530506,0.42405787820691576,0.6823537156083337,0.030488940130256572,-0.569324393064826,-0.4741374986493901,0.47413749681028683,0.9454066953947687,-0.22383700787765456,0.024484613809954772,1.1187326323130546,1.2417889811995728,-0.06245128191875348,1.443871591932729,0.090801950754589,-0.014937915188510327,-0.7774356691931661,-0.6260014571855617,1.1926392285183183,0.8797883634822578,0.42727045678713516,-0.9739822698153441,0.6128524472080046,1.0942206327413004,0.715078680131169,0.948490767754078,0.6339256560433879,0.167928078371531,0.1476769042984454,0.1962859093256519,-0.048520516094246194,-0.2568665032404307,1.211951835209978,0.15495546591431864,-0.08712198324048609,-0.8733313108844699,1.1037995962609914,0.8807208560276387,-0.21173886494404057,1.9603162265235665,1.4923191244385339,-0.05420303437641623,1.2228244143270712,0.08089042072482515,-0.9759341777840059,1.211951835209978,-0.08712198324048609,-0.25724766325747667,0.05788624817196099,0.029503761376084785,0.5194870171940754,0.06137873474973493,-0.39439448323901505,-0.11757927025044311,0.9971017534911322,1.6718772837967646,0.08844737302600585,-0.20175596599222304,0.1598378865161654,-0.1283070091781721,0.058320820551858416,0.09426317101944325,0.0,0.506086230112709,0
1.8172138197412833,1.7246903691027111,1.7922814007336685,0.8407467554007252,0.8340082619031879,1.5196748727832403,0.3556958157460074,0.30486907966981003,0.0762223746295831,0.35824227570973427,-0.656934089289392,1.3056118741294112,0.9373510421634569,3.5150762788757985,1.1443415541978565,0.9820622680753968,0.9785998242978772,0.9753770097121798,1.539881817909848,0.8764484093713126,1.0066797629099413,1.877836053173477,1.5184736064457138,0.09922855873853884,0.01777517831941412,0.0883795015256948,0.0957835475544117,0.09918951358039862,1.7086423205406778,0.658762001967789,0.541834895838014,0.23403634801038078,1.6656590965672957,1.5478795655105035,0.0072673621106864195,-0.91650667935283,-0.8348372507886661,0.8348372503993337,0.8440150403526957,-0.16380035454774275,-0.18968230234765576,1.8769202822808786,1.465410030574886,-0.1553409995052889,1.0566347842050856,1.0364260476097331,-1.1607082651344904,-0.7774356691933553,-0.6260014571886746,0.6198073022029272,0.4343415712838193,0.8957917413039618,-0.647248990992809,1.6953477984257228,0.8410119436759953,0.7603540946225866,1.5568747264534026,1.5522090420253725,1.4581122525669183,-1.3025848975157663,0.463897146835772,-0.05602155392288338,1.2640111075491651,-1.3881019941255286,0.42915418883185125,-0.1785021414052786,0.3387810016863407,1.5012595285653498,1.0800514322251162,0.1636382933132692,-0.5699473889524377,-0.7384960045583212,0.03883884514647713,-1.118413792330835,-0.2898407789261116,-0.5819419842049346,-1.3881019941255286,-0.1785021414052786,0.06202337060325195,-0.912939704977267,-0.4135493928806976,0.8949808441415977,-0.18851244814785792,-1.743867335676338,-0.11757927025044311,1.8540111511179986,-0.8861258772838867,0.10654481778077834,0.8409181154259362,0.21628276005133135,-0.163102649453196,0.026359592174731217,0.03529285404345779,0.0,0.8476879426691044,0
-0.08924592654958685,-0.0010697063390464048,-0.10610950426333796,-0.5564283091469335,-0.5513739890752124,-0.07611707851223282,0.10552987627598395,0.09739560254574307,0.07034682014477919,0.11561043306355018,-0.06331124169598643,-0.3047640691367258,0.5791913533074695,0.073289372569845,-0.7504742903779114,-0.019102023702907815,-0.018614721575221118,-0.02252412420703778,-0.002596480515237647,1.1886720324266202,2.259509868212696,-0.057466115418757006,0.006977956518851718,0.002429319852928055,-0.05329996705830504,-0.006218200328359378,-0.029093631656117894,-0.04025618897608917,-0.7186697133639133,0.09699295557153297,-0.20281832781301834,0.8812756144049584,0.7571101282514079,0.777544300265524,-0.31662807766934864,-0.39793176963030213,-0.30879612132689954,0.3087961190295875,1.9140087585239645,-0.18941066755978353,-0.08734278116250953,-0.05669397659584647,0.016300866084237167,0.11587635156098036,2.85011398424784,1.2264438467956698,-1.4165352312995012,-0.7774356691929439,-0.6260014570776266,2.2148449326622943,1.4433661712160477,0.06799885862600795,-1.665119694906888,1.5651367963573224,1.5192165422636126,1.735531025466382,1.5274652814026821,0.7104545011426843,0.6019396022895049,0.39985866387988195,0.7355044167341868,-0.02465867860275686,0.6289047657517381,1.5470884956570594,0.5115010334745396,-0.060340635086738974,-1.0206104339348374,0.09794236998221056,0.039196107887498,0.7890692583164524,1.9555596401447715,0.6698627324279252,-0.07605346647653059,0.6790683962061265,-0.0018824646832228318,-1.666997246086868,1.5470884956570594,-0.060340635086738974,-0.2899046112435301,-0.8506465288907168,-0.2907986775193048,1.9857571306261683,-0.21212031240178916,-0.774372279348699,-0.11757927025044311,-0.027431544928714482,-0.4675394567724145,0.07203934863415362,-0.5564687694922908,0.04749040571545338,-0.10928047462389825,-0.5259867927497848,-1.9222326718438798,0.0,0.34515312125130204,0
-0.19607929947161423,-0.049972521135534395,-0.1388611631244246,-0.5286783399180324,-0.5286916216053966,-0.08932244549362386,0.06592313801329829,0.06753236801140326,0.03484441136924465,0.10283055470140184,1.5172700854872612,-0.9266921167982761,-0.014822330352430038,0.8803817899572602,-0.7504742903779114,0.40255100085244433,0.40051334953075846,0.3966395317170067,0.08342991315992947,-0.1018420384985287,-0.3669386273815623,-0.08502998617860744,-0.0034862457081243337,0.011105352979692257,0.01390611387043533,-0.028091770149392094,-0.05694279266178678,-0.03113411161511679,-1.4726640814520802,0.13440373017596272,-0.14560745233765598,0.032556357089735914,-0.21100655242131108,0.309077549536372,-6.702930920845371e-05,-1.5778646076298235,-1.6618197252389173,1.6618197300523716,1.9021451141484877,-0.23457274885003987,0.37484329046683523,-0.0880773393893264,0.0023987614690964467,-0.3770088546867513,-0.07244428676780791,1.3015928330019249,-1.5163684834368747,-0.7774356691892041,-0.6260014571832679,-0.7067047537882568,1.7833796450816841,0.014426806542790783,-0.3583795427432938,-0.4139179991151394,-1.216763501054138,-1.7805723537727358,0.5173690447236042,0.3414382607664328,0.7985463055160122,-1.581670887978572,-0.013550262093111888,-0.08530763257796671,-1.5802417762914087,-0.6216450045121129,-0.1295488947319626,-0.19858440396922902,-1.0206104339348374,0.03176482256131047,-0.20693614985985406,-0.9730512247881786,1.9570110807426007,-0.2948787258414362,-0.09242582944326361,1.6447811818272593,-0.3466186339180225,-1.5832428094942954,-0.6216450045121129,-0.19858440396922902,-0.2899046112435301,-0.6320200941722537,-0.5364417869605731,-0.0755114124828139,-0.08093496455722707,0.2554287887338936,-0.11757927025044311,-0.01919673719944188,0.3212436669704853,0.05635881870517973,-0.5285842704620255,0.05420559370294665,-0.21988619424198844,0.0164266170714394,0.016927483448722448,0.0,1.6355144527555165,0
0.5126097862000336,0.6338829363621538,0.5176649531603741,-0.1469971963818126,-0.10451504004878633,0.3550946523496866,0.3414949151914534,0.29186637259911213,0.21437847801192264,0.33928752981186794,1.6222471856482257,0.6528696881877017,-0.7463348190889153,-1.2631997314348213,1.1727701096567547,0.885435380293111,0.8820612791267993,0.878710420458925,0.6043173036700111,-0.9337924771604074,-0.3153675614271793,0.20772711399006888,0.6687314826365335,0.0801788091634275,0.016123758343017207,0.10293754487108868,0.11571359823486863,0.13373752027833236,1.3306909207528976,0.6480074662999346,0.3154594964238531,-0.2607088785555841,0.6208284353792978,0.9929615327821795,0.008221280003833173,-1.2579761375826586,-1.234297317382014,1.234297319214339,1.7846507843608703,-0.23090751859090225,0.6339970575880528,0.21037745914799283,0.5826560970439049,-0.26463159466785285,-0.2839947975859989,-1.0308179867044998,0.8345640679981547,-0.777435669191825,-0.6260014571862405,-0.7067047537882568,1.2794575414050366,0.7486045959315567,-0.4893020174557295,0.26273709889936037,0.24613228784000363,-0.49615767792446985,-0.35368144400757445,0.9488611636391519,-0.253103055814066,-0.9929591103034048,-0.6979753675160718,-0.09637117059929291,-1.2460882770242967,-0.03217295069841471,0.010688197825460922,-0.170324694703271,-0.8203142983691993,0.6179205779259032,1.5676482763591089,-1.7817529833280867,-0.5422368900502688,-0.7384960045582137,0.014731639988744558,1.1803612978464828,-0.11637313546417549,-1.5255656333693992,-0.03217295069841471,-0.170324694703271,-0.26910815947146294,-0.23179150288610606,-0.1185717944851211,-0.8636824967672435,-0.00259188084096094,-0.6179366915398028,-0.11757927025044311,0.6852350025085652,-0.6340123104139963,0.19337560573838564,-0.14678581358708265,0.11633401765878695,-0.19368128231245182,0.02764305368469154,0.037666907826507695,0.0,1.2214579694723815,0
0.40368871307274506,-0.1207381337223803,0.16717608320849708,2.6763624343463523,2.6689721640332884,-0.5899651594985585,0.06131324149806161,0.020349674307162953,0.16987674416405177,0.025625143634935402,-0.656934089287862,-0.9266921167977131,-0.036598935572731535,-0.3101051598751838,-0.7504742903779114,-0.0663131024584829,-0.06545952196864886,-0.069324602640337,-0.0724295325379639,-0.01893716487710753,-0.5790794474595594,-0.5344900789279174,-0.0034862457081243337,-0.01058411452886739,-0.08889902668120707,-0.00879478528217935,-0.03239064534849994,-0.038632675323147694,0.03158832295375462,0.053921427408002834,-0.4695572232751557,0.035321700062326836,-0.7368080194953167,-0.39680476892558725,-0.08017554750554555,-0.32883023145468676,-0.24363521927443027,0.24363521683644218,-0.7552681505026603,-0.09532216649209063,-0.18968230234765576,-0.5496666990165616,0.006528700290762876,-0.3161355433165052,-0.4591772631507407,0.3529660409767554,-0.29146572060122733,-0.7774356691929282,0.8441436469091901,-0.612042475280868,-1.400582195426498,-0.033190510456637706,-0.34618337096936846,-0.6544803282857983,-0.549497049147196,-1.194377063174654,0.6758259243642911,-0.11614469342854977,0.20712170691793994,-0.4727382443865876,-0.0371759982585056,-0.1589578141899639,-1.3793030048077828,-0.8148956464956864,-0.18637442375368207,-0.11780492442614218,1.0899583785442162,0.06036664050943712,0.038148879573662434,1.3366064775208621,-0.5823391752418446,-0.7384960045583101,-0.12387837187551866,-1.1184137923308577,-0.547126193316895,1.0782465810340185,-0.8148956464956864,-0.11780492442614218,0.071044059371446,-0.6828606693416934,-0.22274953411720044,0.02964889927273923,-0.16103157603724358,0.7205412849629151,-0.11757927025044311,-0.11840372866702932,-1.2509132870793165,0.03768677640689849,2.676603258524511,0.033877067390566104,-0.10114939185849768,-0.25603651457963894,-0.6010979896595202,0.0,0.2807970435444961,0
-0.018729299584788712,0.1962674183951468,-0.002936704180764373,-0.35549486951418385,-0.3545026899820001,-0.07355772310724798,0.14360334140246017,0.12426697048094643,0.10714809276109151,0.12760693721006702,1.6751182691756568,-0.9266921167982761,0.17231007492215736,-0.040160683649991855,1.5833386740773765,-0.16653400327880968,-0.1648543798689406,-0.16859451361009883,0.14509435621732664,0.3324997988397963,-0.0383081833048568,-0.07467078152185339,0.18404991987246835,0.19049287412371743,0.06454154472195024,0.12814604839713853,0.15057430188718635,0.15018328290550792,-0.4692003571758823,0.3041484611681033,1.3649217044651492,0.36846933382441216,-1.1999493204922647,-0.6384604683554816,0.16279259883964908,-0.2370800131206401,-0.158820331120899,0.15882032853595385,0.45265759516154663,-0.10287745391360234,-0.18968230234765576,-0.07429193206597996,0.19535863159741013,-0.23429507254321352,0.04705461574859807,0.15575650529438334,-0.07876002188924974,-0.7774356691933514,-0.6260014571895199,0.17451516111442653,1.25018168000559,0.07164742708786064,0.5390665248983033,-1.0242408157738123,-0.921787919558071,-1.2091054095627394,-1.3401270908334106,-0.8448540146374942,-0.943954496273035,0.025162483646816614,0.17816126879830302,-0.18599626780338352,-0.6033980854096886,-0.04993304321673113,-0.2819902069844716,-0.07974530138214526,-1.0206104339348374,0.20909379891592086,0.3061120045445343,-0.6097587649541131,1.9593553549792573,1.286450234161154,-0.14775890688294704,-1.0708284371102077,0.05497863358411227,-0.6407199554161248,-0.04993304321673113,-0.07974530138214526,-0.2899046112435301,-0.04240636796313462,-0.005827679805567318,0.5883494872607078,0.03646820957708059,1.1353600509754442,-0.11757927025044311,0.21856366958850906,-0.59829858371887,-0.049626806432115055,-0.3553650822128959,0.08049731610503061,-0.08991567827199179,0.22600050177787798,0.37181982118695395,0.0,0.1957211178121158,0
-0.03331092941525301,0.06608089446889821,-0.038786789862785366,1.561063329513954,1.558433213937086,0.1078381844769424,0.128514978719656,0.10184399686076048,0.05758980704214454,0.12135615172714957,-0.6569340892886946,-0.9266921167982761,0.5488371096136772,-2.3465309187284045,1.762196567650485,0.0813239599195186,0.08108558046791539,0.0771196253639599,0.12616058636383298,0.22297503327901863,-1.3107216824941583,-0.026692170933339004,0.1383698357245117,0.017753131438701872,-0.04036592575070316,0.012310214668856878,-0.005244734565454058,-0.011279300145671207,-1.577187547619292,1.1509034291467364,-0.4159835645502597,0.06673911583282506,2.77324174466177,2.53994008287183,0.004649693640922359,-1.9160108512980665,-2.187465347686454,2.1874653568897617,2.2906504764143962,-0.23457274885003987,-0.18968230234765576,-0.026279704989934878,0.11755704702864948,-0.3103798984777723,-0.31220645171584427,-0.5293697419639319,0.4966220109722637,0.055958201486314224,-0.6260014571562733,-1.032583615084382,-0.32750642129495366,0.1433252323016728,-1.698740434025497,3.523790671032087,2.415417751873609,1.9728049170688524,2.267398547359003,2.6722966955071876,2.546555513643647,-1.9168878679157362,0.656933218430563,-0.09927968032875051,0.9523053414164976,1.1023446866169364,0.649523325896419,-0.21269560507766705,-1.0206104339348374,0.1325313524706352,0.1378133075260868,0.30846762339268763,-0.34943997275048705,-0.7384960045575903,0.9214003645192204,-1.1184137923289412,6.294590972940441,-1.8021369163367469,1.1023446866169364,-0.21269560507766705,-0.2899046112435301,7.4017970730310605,13.227169809497893,0.12014073948831334,0.8870040404961237,-2.5134206793701583,-0.11757927025044311,0.11300728779540829,-0.9142232053077061,0.1866011137676508,1.5611315317564205,0.06628981153471324,-0.24559529041289213,0.022726441920720028,0.028573747629856438,0.0,2.228833539195324,0
2.3290995251868187,1.365501118855409,2.1491797600191522,1.5036282337094011,1.4968855298673842,3.473211936966379,0.605324474069483,0.5212096420464741,0.10392863772407873,0.5967216902795179,1.6864466747966176,1.656136866352406,4.128011105920673,-0.42609834073062375,1.0391791849508096,0.9505519718538543,0.9471121278357437,0.9438472040877468,1.103104719768583,1.370041740065107,-0.29065225110837567,1.236191520020584,1.025274028251919,0.03154582186094434,-0.0073665415819598595,0.05717507946377165,0.053543060915788455,0.04898480601702551,0.20989261482171723,0.20179769649927776,-0.029877649168833117,0.23112081579067803,1.5675061925249187,1.608001784225327,0.006524993556402575,-1.7571965821653055,-1.9300430751766195,1.9300430821378225,-0.29082267101851045,-0.22465505025142612,-0.18968230234765576,1.2102589158343189,1.0262218079757524,-0.3251643496581972,-0.22875178478122557,0.9066387578941765,-0.9861569688547558,-0.7774356691932612,-0.6260014571910788,-0.9606409351745914,0.836410425317855,1.9488452584819063,1.509563611747451,0.533436166472268,-0.18081783605103352,-0.7587282277693984,1.1354725240015726,1.6350159765165198,1.5377775918075067,-1.8134754665071995,3.1398676799126837,-0.08359730671100783,0.41120291790772356,-0.5443291404881316,0.036382562427943424,-0.2083111263140102,-0.47875234385602705,2.150400614682428,1.9921399127203445,-1.3508718690965633,-0.569150981427867,-0.7384960045582921,0.03615965629807529,-1.1184137923307949,-0.2832397409522559,0.8318241928942451,-0.5443291404881316,-0.2083111263140102,-0.24571156472515415,-0.4641125649601979,-0.5433137776750305,2.1334181088328696,-0.04046007233218851,-1.6506281840311885,-0.11757927025044311,1.6940069850840285,2.525176881649282,-0.011530475486199461,1.503893909142955,0.16985450498734322,-0.23375835170603407,0.025401531678132448,0.03352081234754122,0.0,1.9182862405287973,0
0.005927388081826186,0.2229480281884263,0.059639486732373514,0.4853852551138778,0.48565641578872165,0.9751886199999591,0.310980474413555,0.29162440648512516,0.0985140618455785,0.3302863803341133,-0.6569340892894204,-0.9266921167982761,-0.04951258256348111,-0.9543023121253805,-0.7504742903779114,0.5911433361871653,0.5883990284742335,0.584695161071768,0.3466065469121618,0.3510959115691831,-1.13393874826173,0.201305391557562,0.2895750700558729,5.170478391469228,0.23522619639654418,2.435106135049122,3.8002547032436182,1.0103574710498158,0.6436680721349878,0.34264894527265877,0.2543628527668567,0.31291156726184804,0.234525421629183,-1.787177756824621,0.0970913161977369,0.3828415319712523,0.40300049520220604,-0.4030004975642917,0.5902364275160588,-0.026479027037799693,-0.18968230234765576,0.2054789375434828,0.30466159795050596,0.5054769999200617,-1.678341117807175,1.8849374250897222,-2.2355156364436524,-0.3937476361374631,-0.6260014571907982,-1.4607563866940176,2.0188040769570215,3.3450149149691257,2.1818662164450955,0.7209322063235614,-1.6814512883692767,1.5949802069115864,-0.6069163007275177,-1.8845511482634592,-0.7947454175877561,1.0810852446132748,0.0011215090691477176,0.3341339223522502,1.4249619580150374,1.5477876218424491,0.3676773428564619,0.07066289659216511,-1.0206104339348374,0.20190451906517817,1.0467230657592084,-2.1333985481152005,-0.17766618053525987,-0.7384960045583158,0.6225298082626846,-1.118413792330874,0.31865650699886816,-0.9854467012802492,1.5477876218424491,0.07066289659216511,-0.2899046112435301,0.06005084320720401,0.01941160445662795,0.21389846406943067,0.07240845101920466,-0.1857550535583191,-0.11757927025044311,0.27074854500101786,1.5229797227213662,-0.7918608948696205,0.4853943136136032,0.09357988580746396,0.008721464423545286,0.047769591675764056,0.07485683672611564,0.0,-0.40589570882939296,0
0.6617652610018124,0.8035675641240572,0.7058810461579688,0.294314693250235,0.29488311317975546,0.5505691646465289,0.20948297570356403,0.18807411773431093,0.06399121801460249,0.21880207457158468,-0.656934089289392,-0.9266921167980426,0.32687160713510677,0.7897463340978302,0.817662787656465,0.7810680497389656,0.7778538989491474,0.7743697235521827,0.7201843428153339,0.5663928451229606,0.9432775817481543,0.8882970351160642,0.6931570513816687,0.10600363539103494,0.023704109215474403,0.11395171407569722,0.13089370462811922,0.12993588071306936,0.843305418616191,0.6611964330363357,0.4154365141811623,0.31291156726184804,1.4621089815065982,1.3787980938391613,0.02147857268939877,-1.11068367655433,-1.0555729677895571,1.0555729685548794,2.004815323445511,-0.23457274885003987,-0.18968230234765576,0.8989268797551934,0.6806218541888179,0.05867426794152504,1.131221711496526,-0.8871066947242359,0.7424803253786205,1.5306380187775492,-0.626001457165185,0.6829328390955843,1.3062939486649934,0.9972100055555906,-1.4581734395066948,2.6377233699725045,1.830931441944081,2.006429061084784,-1.280948750435315,1.3868615335532002,-0.8928094853061628,-0.49939965313148504,0.417625727989923,-0.05540428242759965,1.0512928904531593,1.1513923470356062,0.6683828295376018,-0.14391507952130062,-1.0206104339348374,0.7975138485478532,0.6369776444531419,0.31098031208781635,-0.5432515780464958,-0.7384960045582696,0.07945053388137949,-0.7730033241345238,-0.07601176635105684,-1.6766730148479119,1.1513923470356062,-0.14391507952130062,-0.2899046112435301,-0.4346827699036277,-0.2122816090332859,0.6714304693189163,-0.052209414082235,-1.5465773458000318,-0.11757927025044311,0.8739940633889985,-0.22244918492859125,0.12143334624352528,0.2940771076053694,0.13431264192866016,-0.18086041767115021,0.04715732294362192,0.07372805875996963,0.0,1.0539500482017925,0
0.49718745289991434,0.4493359024527024,0.45690752726164846,0.03416267142545679,0.012917398320531284,0.35651533148333586,0.17779216334574888,0.14891292477257378,0.0631481829661909,0.17520334185391612,1.6865918861533975,-0.15532139303997453,-0.06295749842933793,-0.8565495000246256,1.5442894350967065,0.4163275014990248,0.41422980516928304,0.41036620010906255,0.5974746883172726,0.2439853560061661,1.3271884275412162,0.9137211831395753,0.6483626815162473,0.0649330197933716,-0.0005171245061562054,0.06838180593618864,0.06868852513513495,0.06239146202697865,0.866882869751502,0.36946427200343523,0.14870650086371606,0.1285832482798133,0.002497966218465466,0.04391384193136211,0.07006428807665753,0.6300335450477602,0.6289398116339254,-0.6289398133212909,0.07167823223867457,0.11536598801444822,0.07812765150968179,0.9131374885538547,0.659222864891976,0.1245844609096326,0.9303523013839639,0.056610411864431796,0.01976411077460094,-0.7774356691933407,-0.626001457189063,1.150247988358613,0.9941241064918505,0.583083341886445,0.11776705120660891,0.14883560996178666,0.9604886655748383,0.8180551490357627,0.942289807305563,0.16962271512114954,-0.04661678704170777,0.7816175667672789,-0.03563139660701295,0.05490594124274247,-0.08354104594813966,0.14841343123264059,0.1413573347205987,0.07176726157091945,0.006828412504845285,0.4466009867630895,0.4908985834347455,-0.164136217176272,-0.5657891555932539,-0.7384960045583087,-0.059754745319583795,1.573848455013293,-0.28486211604303807,-0.3700004985019273,0.14841343123264059,0.07176726157091945,0.13344019617764677,-0.8772762748182541,-0.2061946700283016,0.12182321794509329,-0.37739894585481,0.053591498741313075,-0.11757927025044311,0.4510162864868001,0.285019704208993,0.039078722228496204,0.03411199429580007,0.13134547739697422,0.06640052217067885,0.10179439725535254,0.17268829978918843,0.0,-0.6568723338737056,0
0.9313701896944887,0.8514470249580616,0.8188832803912002,0.24349014091077206,0.25265340634403877,0.5210532125494844,0.24339774778643555,0.2025514455908264,0.09840389438516062,0.2371162344507451,-0.6569340892894021,1.4895489631439427,0.4780665714143582,-0.8963588629368826,1.4223837002561732,0.9207610708524918,0.9173481009587976,0.9140436569378507,1.0631608089409559,2.2685730603817964,1.288122497487934,1.1493843487679831,1.1340047612414932,0.11523155763781921,0.029282830155341888,0.1457092867345899,0.17509301607144356,0.18177775568203522,2.3862866569466497,0.5658701411480249,0.5593651728660668,0.9351099031943783,0.37217728327128824,0.4756406713408537,0.010762046463254333,0.040946595948415716,0.09251073889090207,-0.09251074164705586,0.6184277450991004,-0.1938268475821163,-0.18968230234765576,1.133842698828205,1.091392735732834,0.07451151037527941,1.0345392704837084,-0.16773526662000302,0.21903247558704347,1.6062451014899848,-0.6260014571880811,0.9007960265304924,0.007714394900388566,0.3536721502352897,-1.0497426703130779,0.7093963589974501,0.9793423157312937,1.0850328283346256,1.5681651479236707,0.35075702319258845,0.6088203326095075,0.49891985170719616,0.5292329089760032,0.013743669675807375,0.419558316160907,0.5865667974557595,0.27907589798318694,-0.023685335126965506,-0.5037143533547728,0.7561809446610408,0.7593236774968146,-0.09745819667074744,-0.5554098338391855,-0.7384960045583031,-0.02145990183907044,-1.118413792330823,0.5651644280877128,-0.7929928173544529,0.5865667974557595,-0.023685335126965506,-0.12077437532560965,1.4986241328814,0.3875674481589669,1.7649322981384892,0.4352852439624025,-0.3363444237953841,-0.11757927025044311,0.8577391899914139,-0.31840510892210927,0.0551815714839969,0.24372702655980125,0.1672605980460963,-0.05173839421376538,0.030527521334582156,0.04300260342226846,0.0,-0.06530895659044823,0
0.9140962545033229,0.7828891964221902,0.7746028666222388,0.5089518748521149,0.49485719305213394,0.710696338375753,0.27009672407295826,0.21904710142084222,0.09609350325362878,0.2556532510389815,-0.6569340892893465,1.0493235803654921,-0.14901020264539488,-0.4031716160718127,1.472486995324413,1.3794777731079013,1.3762232112982773,1.3735345444357598,1.1141863190120709,-0.1469963785884881,1.1918193724151784,1.311367361911,1.204329772998392,0.009904307346114681,-0.0177293446034258,0.04847344130390348,0.0420967250876079,0.03741643150297238,0.7448386214281528,0.2821954326501559,-0.12281415748986964,-0.22151558428373355,0.8254647030402268,0.17431399856857813,0.021653653472875806,-0.4331043137724816,-0.34225373578998236,0.3422537335739079,-0.02875950151563371,-0.13146126907046296,-0.11946820883523866,1.3244362809631671,1.1999428660726328,0.02572517843044785,0.6652715700604162,0.1335199645957951,-0.05481809946061134,1.3107482631329375,-0.6260014571902536,0.35757130755658073,0.09936031359537395,0.4501031580044425,-0.06656550205545173,0.882996036876605,-0.35448698154434166,0.4829774861420266,-0.08899820513433028,0.10699144583555396,-0.27602117868548337,-0.5265830393764308,-0.1206996875861727,0.05375926859964363,1.3485507152264298,-0.7785689581472527,0.2598377170020035,-0.12495423484890904,0.20197416776011162,1.297354154053641,0.7114216134753287,0.051757173668307115,-0.5629712725406922,1.4048240640278855,0.0048541701762040935,0.7997607045147178,0.11743098189568907,0.21957523092545206,-0.7785689581472527,-0.12495423484890904,0.028513696740354953,0.10325147000046625,0.04230983024232174,-0.1646566904760925,0.07382933253688592,-0.8526766863272639,-0.11757927025044311,0.8594949968946614,-0.13502479476906465,0.03875154815058932,0.5091401750868575,0.15060047942614574,-0.11329972207104753,0.04392544292010267,0.06776591042955335,0.0,0.37789271041048333,0
1.0586242783202875,0.8222502424186965,1.0385183410851488,0.7900133671856419,0.7896641690470264,1.6020423340041092,0.375802235303913,0.30902426095981134,0.0845247380505138,0.3567247977588624,-0.656934089289429,0.40402757522102595,0.19060331502461478,-0.2634174128292044,1.3472787603501177,0.8979532395145051,0.8945644915525718,0.891230018911798,0.8127396153942236,0.5663928451229606,0.0799903197547384,0.9642854108110436,0.8636436484370378,0.11668761538636792,0.03730776380138533,0.1175013887059646,0.13580336587622732,0.13753473812034117,-1.5771875476193133,0.6181369099565813,0.47929011076879535,0.1822787294504748,-0.1186675457309169,0.1340801657295717,0.03355151656418686,-0.4389767063036745,-0.3475969838538204,0.3475969816512738,-0.6790729635723181,-0.10026953433301095,-0.10244933878783954,0.9766872632649498,0.8276467813368887,-0.2288709766392432,-0.09751585811771393,0.04611555244393138,0.02860011263712294,1.605713295466138,1.7430071826928928,-0.3512293716409572,-0.8332973715665501,0.36660512487379693,0.4082951216555725,-0.24132732617276928,-0.30495008065581247,-0.6515781856856906,0.5312689226754087,0.0753452517899892,0.08516682799203566,-0.434455933850997,0.14783430449171375,0.10965197093923595,-0.15620744887288873,-0.6221102235262402,-0.07941487036253593,-0.11947930560805278,0.6914625263257879,0.8656880047935397,1.1499835843610482,-1.1835778477224763,-0.5529081373569125,-0.738496004558285,-0.06504109780142528,-1.118413792330878,0.029994339707547623,0.9970583161102665,-0.6221102235262402,-0.11947930560805278,0.03597489613428879,-0.06962878512498365,-0.015222408922828197,0.4493819992808927,0.029391192797277203,0.16980075702354092,-0.11757927025044311,0.7555386588980741,0.2327284401234305,1.1953183320651641,0.7898714877197495,0.13970542084646864,-0.11396145254844087,0.06070240619384923,0.0986292925468237,0.0,0.3833443547871504,0
0.11026277707989518,0.2983286451848558,0.14572195894692777,1.040908285894783,1.0399223999370606,2.0898963043944754,0.3511246116139309,0.31736825604744184,0.02054597565572501,0.3672322664445304,-0.6569340892894177,-0.9266921167982761,-0.17873868342197527,-0.32743244742873673,0.49147535695006744,1.1776914065778405,1.1742194862324742,1.1712614220041326,0.8307409733286036,-0.5717461553622968,0.061755549679954176,1.1411954357492653,0.7460170652726492,0.004339459236900599,-0.014147958577350399,0.04282219402164737,0.034621905901190714,0.03016532719224782,0.5564319065226352,0.39172399340301184,-0.0114563046211663,-0.21499299947964517,-0.04810754047388912,3.5646950085454487,0.1951892435881541,1.2657743753174815,1.1935281111070455,-1.193528109910908,1.3971822455449745,0.47414811008768065,-0.08398979175154245,1.1538466009919868,0.7584493214542477,1.4090624369541125,-1.5495079770328926,2.8434777280755736,3.8842812964306415,-0.4164837946464449,-0.6260014571885558,-0.6906558583752743,2.2528019450974615,8.03308513415053,1.626968257593519,0.3301359754000702,-1.7916096464134788,1.9009210486083707,-1.3989388919705188,-2.0344772860538654,3.2731507362152312,1.7484014629592277,-0.15488876527771483,0.6233205345718678,1.299856955063797,1.4467673119286697,0.5046969269950465,0.41313067999707065,-0.950844091082772,0.5100727602491909,0.9606066712441871,-1.904600093889836,-0.18872945991774037,1.459316964239178,0.2969179244542779,0.04349235128103936,-0.41514024935008653,-1.6314394807825852,1.4467673119286697,0.41313067999707065,-0.2313060857702793,-0.21861856790557171,-0.03852044522303631,-0.29326874046122464,-0.08936438842760179,0.10276213107134423,-0.11757927025044311,0.31958554990489535,1.6082603487642035,-0.9419528448479239,1.0408609932475954,0.13112067898969262,0.3134429268270309,0.1284792747801677,0.2190091789012823,0.0,-1.256235892415248,0
1.03591788744015,0.807713379853638,0.8984204249006558,-0.12529135533645483,-0.12481463110305842,0.3515477949795031,0.2414383305170267,0.2017610240560743,0.12205030916345355,0.2356994650078682,1.6052692191440983,1.4205385086353728,0.18814265239833833,0.20241369244241905,1.408543957709092,0.9300395147879844,0.9266175980522112,0.9233254288046819,0.8149908009727178,0.20662079761479793,0.9407105880947966,0.6371841899748467,0.8373129422354674,0.08762654237220702,0.02615420033562493,0.07541124863897511,0.07817253152348407,0.07642071355281822,-1.5771875476193133,0.4195009056430506,0.29835201428404645,0.07732514290373656,1.6191420803951264,1.6342774001363107,0.0369906720995998,-0.44993205373214706,-0.35829119918823105,0.35829119701321244,0.15289819271622151,-0.08931098237618595,-0.18968230234765576,0.6480939629403311,0.8473396486686072,-0.1764538109648879,0.8813279805461007,0.7005822289389434,-0.7160964197520049,-0.7774356691932626,-0.6260014571901826,0.4314259648226048,1.2688570003281545,0.7374004899805275,1.0448537027364588,1.558928778960719,1.0037063202346457,0.6301817761974426,1.8587593888041853,1.633092416108287,1.7665252891444023,-1.3106977516799019,0.020250086127716126,-0.0755160389499435,0.767691919114722,-1.7153835841738225,0.49527184035626426,-0.17066273114018524,0.729778569618725,0.6252865852815456,1.1015495214830058,-1.11388037870068,-0.5587464397144601,-0.7384960045582795,0.0581248315926873,-1.1184137923306838,0.6792921619657375,0.2256418067080111,-1.7153835841738225,-0.17066273114018524,0.26787170036320007,1.6293164443422057,0.5148171827428206,0.14870570726800042,0.39884705233905504,-1.7001582705504725,-0.11757927025044311,0.7480967646995609,1.2357288493869643,0.4799406955853959,-0.1254036287891931,0.13864572081839474,-0.1152012816164704,0.06449536009346775,0.10557006124717601,0.0,0.39360630262314295,0
0.5105955064232607,0.4723481573607583,0.46685317527274384,0.03465474155180539,0.03550750887521214,0.49650292715605715,0.20351211711705414,0.16742825414228318,0.06599759232475116,0.19695249594817194,1.6549024355985482,0.5427836216198764,-0.16883035714167133,-0.17817065684587272,1.53151625598885,0.9413393893514259,0.9379072819690881,0.9346301039222269,0.6657643729254874,-0.2184886958173246,1.111890289682403,0.9530810905650021,0.7195975386511463,0.1283086959451034,0.04654138206925967,0.09348948844165418,0.10276081109010275,0.09825292382719576,1.271514331515478,0.3826308049950274,0.23191018005074854,-0.05551194130832588,0.028490293347151602,0.3782656298236469,0.05797705276427248,0.21705956880561134,0.2518918072809168,-0.25189180991722243,0.028269703032818408,-0.06194048057854041,0.36134537838811387,0.9643100824291405,0.7312444504203006,0.03385590881458826,0.5900473228811316,-0.6979386339785492,0.6122752170905204,-0.7774356691932794,-0.626001457190186,0.5958175172234954,-0.23509180436031324,0.29389478661361534,-0.512354863731929,0.051935331465180375,0.6339095018625329,0.2765238019019526,-0.09451217949248905,0.26981738401184385,-0.49998363820862995,0.27943225154910284,-0.13797590688416275,0.01570767026916663,-0.3067465023090315,-0.2408305955181132,0.044860715701096246,-0.029314759443518974,0.2695380831119314,0.48607125799127743,0.6665733745517143,-0.7883499550778983,-0.5616146107071298,-0.7384960045582905,-0.05545220838844207,0.8905829203232646,0.10058859070621226,-0.09639961493691958,-0.2408305955181132,-0.029314759443518974,0.10291725195727622,0.05324493693985097,0.019086091572205352,-0.21155553179475192,0.06768756473092871,0.02786599191199137,-0.11757927025044311,0.47085000148151085,-0.15220388116702077,0.05979025881804103,0.0344433106467833,0.12155184171664582,-0.022929354931001743,0.0873672150493699,0.14700823424547046,0.0,-0.23834256728209066,0
1.0016259294160197,0.7787636978642745,0.9672697020522918,0.7493284773179468,0.7490721085189355,0.15335862212726858,0.15718063764205853,0.1387815011407686,0.07654419013225516,0.16416057523207517,-0.6569340892890606,-0.9266921167982761,0.4917894840968862,-0.1547418912038473,1.3760608230772233,0.5250550950902488,0.5225304383940079,0.5187602476931843,0.9003242500537352,1.494371472822695,2.0412007889265773,1.0808676054386799,0.9081603432546016,0.06645593989425518,0.013186167173744722,0.08842660712582275,0.09498134284089817,0.10155185946611016,1.0424349664220125,0.4482251272875584,0.2807284615939867,0.4994518338108624,-1.6486103120515732,-1.3592409071057565,0.016147034577277862,0.0930933990529156,0.1396845903700226,-0.13968459310975093,-0.24050264433903729,-0.15177566757391545,0.2774484892068003,1.0928301311594317,0.9161987082516885,-0.3033381618789817,2.2585655665413684,2.6417080495746053,-2.820456001486735,-0.7774356691927886,-0.6260014571878446,1.8484310571500882,0.6629813731019668,0.2914098570476704,-0.6690997177316139,-1.3085035190068588,-1.412453808968798,-1.5336384415872384,-0.4623367662845304,-1.3777984965139798,-0.6165008396989503,0.07362091964467647,0.41048320295621143,-0.16467297640042786,-0.5315871180756658,-0.4423964596961228,-0.3766993995341946,-0.056585295029524287,1.0860158370163107,0.721628332097684,0.256299865060515,1.8621406231199984,1.9392118323631184,-0.7172637044851201,-0.11952503751598996,-0.42761716477611156,0.0393397507917107,0.21531300322372535,-0.4423964596961228,-0.056585295029524287,0.025266072995904318,-0.16580996581013202,-0.03956057881198401,1.4209635163979113,-0.004586229533711712,1.5792044204425584,-0.11757927025044311,0.8495918386175747,1.7428212162381225,0.03307441207180664,0.7491782749829686,0.16851977275458788,-0.04367031317614681,0.037228208298805354,0.05539425366832128,0.0,-0.11573815514162357,0
1.5306434979172863,0.8689034482630491,1.4186226098174255,0.9737684625931589,0.9729635374169217,1.4974761088630646,0.3509941620403278,0.3114737340720364,0.07461534506069785,0.36100422912924846,-0.6569340892893266,1.6150304220469376,0.4285449508002827,-0.8621988032145681,0.8048370537274028,0.2090048107401106,0.20795731356007705,0.20398927621516497,0.5906289782635875,0.22297503327901863,-0.4638687554605779,0.6046796028216533,0.5320040597741397,0.17999684308513275,0.05141489757711465,0.10311254325470587,0.11595412750989004,0.11589198181934496,2.2605402784175284,0.43945981205631185,0.7280443186148569,0.17830331263559002,0.9127750067544925,0.9727223148854932,0.011889889972005496,-0.9879975452769034,-0.9143175330485805,0.91431753305323,-0.6278260860210569,-0.1592802255437836,-0.18968230234765576,0.6126061049544584,0.5468809988314867,-0.1701185413491209,0.04705461574859807,-0.7572771866398343,0.6532761017965835,1.6051788043541482,1.7486026709239038,-0.5065166291932278,-1.019256636106789,0.3000969942080136,0.14721935283753285,0.4373182016734541,-0.08001800930794241,-0.4621962115488178,-0.2694861997783597,0.9553868675232174,-0.07812148269158842,-1.2232003094827344,0.2337943193118058,-0.050895342799932804,0.4518661236942308,-1.1873956145336928,0.06819221805585841,-0.17596356139220407,0.6785358129400878,0.7693912859359521,0.9948679428710275,-0.6719038618351573,-0.5564816786140911,-0.7384960045582866,0.019738724852373976,1.1108326841308735,-0.27998596021661837,1.1274594402953435,-1.1873956145336928,-0.17596356139220407,0.011775195066744041,-0.4693912516608234,-0.21091266176245352,0.42853633946200276,-0.0647293167828228,-0.9523398223322066,-0.11757927025044311,0.8823437585806955,-0.16236219951428427,-0.17423527931710886,0.9738321881499309,0.13785923453060725,-0.16977198958416,0.030080469316891293,0.042175651245961385,0.0,0.9221010534518312,0
0.3268677611588512,0.4163420555265839,0.34500856631775234,0.7326663573316025,0.7324471400640149,0.30193002351432535,0.19094182762455783,0.1722492101930797,0.08344158228497067,0.20109393101858747,-0.6569340892891189,1.700045053431214,0.42897364403473215,0.21057864645588512,0.7961466276868848,1.030193042546697,1.0267075195734499,1.0235494906535834,0.5563533891920345,0.5594714196288249,0.7806391696638264,0.49394317361777057,0.3843494017473526,0.0463239030993022,-0.017249788962767947,0.05244595769947787,0.047369767547155175,0.04248334978562955,-0.4155416146433644,-0.267051004730101,0.005960007529011088,0.2579585404105761,1.0345516617517074,1.1113759154919685,0.009845048939849131,-1.0703800695693308,-1.00800452525777,1.00800452575851,0.6366992856166211,-0.22973238901663326,-0.18968230234765576,0.5022186037886908,0.5205192160963759,-0.04428355980937497,0.4432364750683745,-1.3799427742889612,1.0607140634554646,-0.7774356691933226,-0.6260014571892195,-0.1360233838931544,-0.16564048652246563,0.23697810417826348,-0.9007023159085517,1.4362923707312913,1.4327309335849174,1.0619137116125363,1.0130552774781882,1.1631060329511047,0.4530286529839894,-0.4193831536728329,0.5401047166023052,-0.07363880423178258,0.07793866480835866,1.268260199407082,0.3227581744614738,-0.13876352969958478,-1.0206104339348374,1.0089795754931314,0.37696076846635374,0.7650675341249096,-0.5455611592648022,-0.7384960045582459,0.04516352555180199,1.7347247256743552,-0.7434776404194041,-0.5440036471917569,1.268260199407082,-0.13876352969958478,-0.2899046112435301,-1.6496418858396058,-0.8715113596906991,0.9106132816158573,-0.387687591296242,-1.089792085191934,-0.11757927025044311,0.5587375637557157,-0.04877263398025278,0.08071614018291225,0.7325683826641229,0.10861632987099883,-0.1772541235634608,0.030306564178369223,0.04259387993857131,0.0,1.0098682124691942,0
0.250769093600166,0.18742871395694585,0.21519187914490506,-0.5147776679774904,-0.5138547230760473,0.009180621943297131,0.12505528264493937,0.11297659825418178,0.07226459332830502,0.13508516279129243,1.2806155784693403,-0.7967594775432042,0.006639736131373753,-0.8849217948837149,1.4994974520681617,0.1425746920474164,0.14193220330846695,0.13795767105652346,0.21579627643410473,0.09180559377662194,0.9266546976778868,0.09720402622132264,0.18404991987246835,0.0633516042804525,0.020885568982647075,0.060831025864948624,0.05855418954943945,0.05469736612544421,0.38966657548802086,0.2827097133071536,0.09753950462800647,0.10984468867070997,0.2600107973448533,-0.067345194872874,0.12427456198730942,-0.24170673136376947,-0.16311562639439156,0.16311562381587305,-0.6895558112315558,-0.06863896549888313,-0.18968230234765576,0.10016632349456978,0.19810595601077638,-0.014968585586767252,1.1415457418216561,0.4972046360046669,-0.4625242423603111,-0.7774356691933226,-0.6260014571906042,0.8829433161610768,1.0327473876132776,0.19600702565491154,1.0349837026685735,0.17701377926965609,-0.48055644797190217,-0.04477235489885248,-1.46164738989036,-0.21142472050199035,-0.9814106843687446,-0.26956684279909104,0.004343943527248229,0.12440433089635665,0.8788376748797104,-0.600614772456434,0.05060928914572881,-0.10080003650460936,0.46703605159153305,0.24876195620333894,0.4022449254185053,-1.3779822842548126,1.9598957199824325,1.1073439741574929,-0.06540415661442116,-1.0105498961227573,0.06086627373173239,0.9592629775762498,-0.600614772456434,-0.10080003650460936,0.07388411896402237,-0.02808678707169456,-0.0014081474002449197,0.1400645527487288,0.0404921394574488,-0.21323948135839843,-0.11757927025044311,0.2078944737238252,0.9536589141710109,0.46222794454126803,-0.5147912031820034,0.07907194098246557,-0.09050576836478913,0.17912028976590832,0.3018435373120883,0.0,0.20008559004136722,0
